R1_percent,R2_percent,R3_percent,R4_percent,R5_percent,R6_percent,R7_percent,agriculture_ratio,bare_ratio,built_ag_mix,built_green_mix,builtup_agriculture_adjacency,builtup_ratio,builtup_vegetation_adjacency,centroid_lat,centroid_lon,class_1_patch_count,class_1_ratio,class_2_patch_count,class_2_ratio,class_3_patch_count,class_3_ratio,class_4_patch_count,class_4_ratio,class_5_patch_count,class_5_ratio,class_6_patch_count,class_6_ratio,class_7_patch_count,class_7_ratio,crs,dataset_role,developed_ratio,dominance_score,dominant_class,dominant_class_name,edge_density_4n,entropy,fragmentation_index,grass_ratio,height,landcover_entropy,natural_green_ratio,open_land_ratio,prediction_path,second_dominant_class,second_dominant_class_name,tile_id,tree_ratio,valid_adjacencies_4n,valid_pixel_count,vegetation_ratio,water_green_mix,water_ratio,water_vegetation_adjacency,width
0.759960706357371,0.0,94.79049836405406,0.6864785006536048,3.6787512666011777,0.08431116233379485,0.0,0.0,0.0008431116233379484,0.0,0.029933104201517218,0.0,0.00759960706357371,0.0025575695339217037,18.910747192639825,98.89753662976882,47,0.00759960706357371,0,0.0,7,0.9479049836405405,57,0.006864785006536049,81,0.036787512666011775,5,0.0008431116233379484,0,0.0,EPSG:32647,UNLABELED_DEPLOYMENT,0.00759960706357371,0.9479049836405405,3,Tree / Woody Cover,0.011292057002799763,0.12819475599261787,0.5664777071722632,0.036787512666011775,512,0.12819475599261787,0.9846924963065523,0.037630624289349726,D:\499_4\FINAL_INFERENCE\A7_RGBN_REVISED7_TVERSKY_FULL_AOI\tiles_geotiff\tile_r00_c00_prediction.tif,5,Grassland / Herbaceous Cover,tile_r00_c00,0.9479049836405405,516115,258566,0.9846924963065523,0.027038809138775096,0.006864785006536049,0.0025575695339217037,512
14.403819104696671,0.711304427592955,62.48050697162426,1.6721960616438356,20.223061399217222,0.5091120352250489,0.0,0.00711304427592955,0.0050911203522504885,0.004098200121367494,0.47649889525060557,9.957088777020571e-05,0.14403819104696672,0.032042677614358125,18.910754665789376,98.91212268984894,357,0.14403819104696672,14,0.00711304427592955,104,0.6248050697162426,63,0.016721960616438356,190,0.20223061399217224,21,0.0050911203522504885,0,0.0,EPSG:32647,UNLABELED_DEPLOYMENT,0.14403819104696672,0.6248050697162426,3,Tree / Woody Cover,0.06074781566364954,0.5275999009410385,0.5886774712649968,0.20223061399217224,512,0.5275999009410385,0.8270356837084148,0.20732173434442272,D:\499_4\FINAL_INFERENCE\A7_RGBN_REVISED7_TVERSKY_FULL_AOI\tiles_geotiff\tile_r00_c01_prediction.tif,5,Grassland / Herbaceous Cover,tile_r00_c01,0.6248050697162426,522241,261632,0.8341487279843444,0.05531863252544513,0.016721960616438356,0.003864116375389906,512
15.961582612688453,0.5085329455881227,61.763985612611926,2.0436978648503863,19.4145557511288,0.3076452131323181,0.0,0.005085329455881226,0.0030764521313231805,0.0032467962489114485,0.5182951977419576,1.3418779006128548e-05,0.15961582612688452,0.03064465731313871,18.91076099358688,98.92670875625319,239,0.15961582612688452,9,0.005085329455881226,152,0.6176398561261193,55,0.020436978648503863,201,0.19414555751128798,9,0.0030764521313231805,0,0.0,EPSG:32647,UNLABELED_DEPLOYMENT,0.15961582612688452,0.6176398561261193,3,Tree / Woody Cover,0.0557952831074825,0.5308032519599333,0.6287777932865649,0.19414555751128798,512,0.5308032519599333,0.8117854136374072,0.19722200964261116,D:\499_4\FINAL_INFERENCE\A7_RGBN_REVISED7_TVERSKY_FULL_AOI\tiles_geotiff\tile_r00_c02_prediction.tif,5,Grassland / Herbaceous Cover,tile_r00_c02,0.6176398561261193,521657,261340,0.8168707430932884,0.06636176466269827,0.020436978648503863,0.0037476732795687587,512
41.43382352941177,0.38181678921568624,38.02428002450981,0.17041973039215685,18.20657169117647,1.7830882352941175,0.0,0.003818167892156862,0.017830882352941176,0.006328051785971741,0.9319436747585064,4.0290243237954174e-05,0.4143382352941177,0.043077944353418336,18.910766176030375,98.94129482793188,164,0.4143382352941177,5,0.003818167892156862,269,0.38024280024509804,31,0.0017041973039215686,175,0.1820657169117647,14,0.017830882352941176,0,0.0,EPSG:32647,UNLABELED_DEPLOYMENT,0.4143382352941177,0.4143382352941177,1,Built-up & Impervious,0.06080373279510685,0.5893332439803435,0.4454067396891697,0.1820657169117647,512,0.5893332439803435,0.5623085171568627,0.19989659926470588,D:\499_4\FINAL_INFERENCE\A7_RGBN_REVISED7_TVERSKY_FULL_AOI\tiles_geotiff\tile_r00_c03_prediction.tif,3,Tree / Woody Cover,tile_r00_c03,0.38024280024509804,521218,261120,0.5661266850490196,0.0038331386356434422,0.0017041973039215686,0.0006983642161245391,512
31.627604166666668,6.636029411764706,22.514935661764707,9.237132352941178,28.79480698529412,1.1894914215686274,0.0,0.06636029411764706,0.011894914215686274,0.08395268458946079,0.6491216921338849,0.0009727215867448937,0.3162760416666667,0.03616912692961487,18.910770213118266,98.95588090383535,156,0.3162760416666667,18,0.06636029411764706,349,0.22514935661764707,48,0.09237132352941177,193,0.2879480698529412,17,0.011894914215686274,0,0.0,EPSG:32647,UNLABELED_DEPLOYMENT,0.3162760416666667,0.3162760416666667,1,Built-up & Impervious,0.06621989263609468,0.7765062639309975,0.5628973976622952,0.2879480698529412,512,0.7765062639309975,0.5130974264705883,0.29984298406862747,D:\499_4\FINAL_INFERENCE\A7_RGBN_REVISED7_TVERSKY_FULL_AOI\tiles_geotiff\tile_r00_c04_prediction.tif,5,Grassland / Herbaceous Cover,tile_r00_c04,0.22514935661764707,521218,261120,0.5794577205882353,0.18958195353049312,0.09237132352941177,0.008992398574109106,512
32.212775735294116,13.369715073529411,23.229932598039216,5.938648897058823,21.99486825980392,3.2540594362745097,0.0,0.13369715073529412,0.0325405943627451,0.1722702533233537,0.5827265470828151,0.0012336488762859303,0.32212775735294114,0.03446350663254147,18.910773104849273,98.97046698291386,192,0.32212775735294114,24,0.13369715073529412,325,0.23229932598039216,25,0.059386488970588236,181,0.21994868259803918,24,0.0325405943627451,0,0.0,EPSG:32647,UNLABELED_DEPLOYMENT,0.32212775735294114,0.32212775735294114,1,Built-up & Impervious,0.06000943942841575,0.8146603849213293,0.5179502827688724,0.21994868259803918,512,0.8146603849213293,0.45224800857843134,0.25248927696078427,D:\499_4\FINAL_INFERENCE\A7_RGBN_REVISED7_TVERSKY_FULL_AOI\tiles_geotiff\tile_r00_c05_prediction.tif,3,Tree / Woody Cover,tile_r00_c05,0.23229932598039216,521218,261120,0.5859451593137255,0.10742968549365403,0.059386488970588236,0.004859770767701806,512
19.35738357843137,52.00980392156863,19.425551470588236,1.6536458333333333,6.73483455882353,0.818780637254902,0.0,0.5200980392156863,0.00818780637254902,0.40270948973952325,0.2025586507724643,0.008194268041395347,0.1935738357843137,0.018955600151951774,18.91077485122252,98.98505306411774,170,0.1935738357843137,38,0.5200980392156863,232,0.19425551470588234,30,0.016536458333333334,131,0.0673483455882353,13,0.00818780637254902,0,0.0,EPSG:32647,UNLABELED_DEPLOYMENT,0.1935738357843137,0.5200980392156863,2,Agricultural Land / Cropland,0.05032826955323876,0.650109452811439,0.6628526293905679,0.0673483455882353,512,0.650109452811439,0.26160386029411764,0.07553615196078432,D:\499_4\FINAL_INFERENCE\A7_RGBN_REVISED7_TVERSKY_FULL_AOI\tiles_geotiff\tile_r00_c06_prediction.tif,3,Tree / Woody Cover,tile_r00_c06,0.19425551470588234,521218,261120,0.781701899509804,0.017304005342371323,0.016536458333333334,0.0010820808183907692,512
30.0,13.859528186274508,24.17547487745098,3.572686887254902,22.631357230392158,5.760952818627451,0.0,0.13859528186274508,0.05760952818627451,0.1663143382352941,0.5616819852941176,0.001419751428385052,0.3,0.029256472339788727,18.910775452237463,98.99963914639727,190,0.3,38,0.13859528186274508,267,0.2417547487745098,53,0.03572686887254902,181,0.22631357230392157,27,0.05760952818627451,0,0.0,EPSG:32647,UNLABELED_DEPLOYMENT,0.3,0.3,1,Built-up & Impervious,0.058397829698897584,0.8212388050647857,0.6626013192289805,0.22631357230392157,512,0.8212388050647857,0.4680683210784314,0.2839231004901961,D:\499_4\FINAL_INFERENCE\A7_RGBN_REVISED7_TVERSKY_FULL_AOI\tiles_geotiff\tile_r00_c07_prediction.tif,3,Tree / Woody Cover,tile_r00_c07,0.2417547487745098,521218,261120,0.6066636029411765,0.06689046212225316,0.03572686887254902,0.003491821080622695,512
25.499004289215687,5.629212622549019,31.63564644607843,1.781173406862745,33.75382965686274,1.7011335784313724,0.0,0.056292126225490194,0.017011335784313724,0.05741572672291381,0.6669466126473854,0.001306555030716514,0.2549900428921569,0.034252462501295045,18.910774907893906,99.0142252287028,212,0.2549900428921569,22,0.056292126225490194,201,0.3163564644607843,28,0.01781173406862745,162,0.33753829656862744,24,0.017011335784313724,0,0.0,EPSG:32647,UNLABELED_DEPLOYMENT,0.2549900428921569,0.33753829656862744,5,Grassland / Herbaceous Cover,0.06154430583748067,0.7102814330644683,0.7073584802966645,0.33753829656862744,512,0.7102814330644683,0.6538947610294117,0.3545496323529412,D:\499_4\FINAL_INFERENCE\A7_RGBN_REVISED7_TVERSKY_FULL_AOI\tiles_geotiff\tile_r00_c08_prediction.tif,3,Tree / Woody Cover,tile_r00_c08,0.3163564644607843,521218,261120,0.710186887254902,0.046587998369298306,0.01781173406862745,0.0022639279533707584,512
18.22686887254902,0.4339001225490196,33.91773897058823,3.8143382352941178,42.962239583333336,0.6449142156862745,0.0,0.004339001225490196,0.006449142156862745,0.003163456254993572,0.5605125152106837,0.0001573238069291544,0.18226868872549018,0.026322958915463397,18.91077321819202,99.02881130998459,202,0.18226868872549018,12,0.004339001225490196,222,0.3391773897058823,35,0.03814338235294118,137,0.42962239583333334,9,0.006449142156862745,0,0.0,EPSG:32647,UNLABELED_DEPLOYMENT,0.18226868872549018,0.42962239583333334,5,Grassland / Herbaceous Cover,0.055803905467577866,0.6273110912510422,0.6267296863074575,0.42962239583333334,512,0.6273110912510422,0.7687997855392157,0.4360715379901961,D:\499_4\FINAL_INFERENCE\A7_RGBN_REVISED7_TVERSKY_FULL_AOI\tiles_geotiff\tile_r00_c09_prediction.tif,3,Tree / Woody Cover,tile_r00_c09,0.3391773897058823,521218,261120,0.7731387867647058,0.11729849669072594,0.03814338235294118,0.0036203661423818826,512
11.82406556372549,0.5376838235294118,34.9850643382353,6.467141544117647,45.87545955882353,0.3105851715686274,0.0,0.005376838235294118,0.0031058517156862743,0.0025430435127865485,0.38244005443040613,2.1104413124642663e-05,0.1182406556372549,0.021672313695996686,18.910770383132334,99.04339738919295,171,0.1182406556372549,7,0.005376838235294118,188,0.34985064338235294,28,0.06467141544117647,129,0.4587545955882353,10,0.0031058517156862743,0,0.0,EPSG:32647,UNLABELED_DEPLOYMENT,0.1182406556372549,0.4587545955882353,5,Grassland / Herbaceous Cover,0.05783952204260022,0.6169290722228776,0.574928145676385,0.4587545955882353,512,0.6169290722228776,0.8086052389705882,0.46186044730392156,D:\499_4\FINAL_INFERENCE\A7_RGBN_REVISED7_TVERSKY_FULL_AOI\tiles_geotiff\tile_r00_c10_prediction.tif,3,Tree / Woody Cover,tile_r00_c10,0.34985064338235294,521218,261120,0.8139820772058823,0.20917458134951475,0.06467141544117647,0.005604180976098293,512
10.602022058823529,0.20335477941176472,38.3187806372549,1.0918351715686274,48.8491881127451,0.9348192401960784,0.0,0.002033547794117647,0.009348192401960784,0.000862388742836289,0.369662691004136,2.3022996135973815e-05,0.10602022058823529,0.020340817086132865,18.910766402715733,99.05798346527818,204,0.10602022058823529,10,0.002033547794117647,167,0.383187806372549,19,0.010918351715686274,127,0.48849188112745096,17,0.009348192401960784,0,0.0,EPSG:32647,UNLABELED_DEPLOYMENT,0.10602022058823529,0.48849188112745096,5,Grassland / Herbaceous Cover,0.05264783641393812,0.5452795039719543,0.6266840285045991,0.48849188112745096,512,0.5452795039719543,0.8716796874999999,0.49784007352941173,D:\499_4\FINAL_INFERENCE\A7_RGBN_REVISED7_TVERSKY_FULL_AOI\tiles_geotiff\tile_r00_c11_prediction.tif,3,Tree / Woody Cover,tile_r00_c11,0.383187806372549,521218,261120,0.8737132352941176,0.03806922164617799,0.010918351715686274,0.00138329835116976,512
7.773024024736524,7.605409583872276,34.600901597312046,7.083432192687725,37.76452849828176,5.172704103109669,0.0,0.07605409583872276,0.05172704103109669,0.023646812565360244,0.22499929067737687,0.0009202365774867955,0.07773024024736525,0.01581848333509073,18.910761276943436,99.07256953719062,248,0.07773024024736525,30,0.07605409583872276,150,0.34600901597312045,33,0.07083432192687725,137,0.37764528498281763,34,0.05172704103109669,0,0.0,EPSG:32647,UNLABELED_DEPLOYMENT,0.07773024024736525,0.37764528498281763,5,Grassland / Herbaceous Cover,0.0562571294370261,0.7555334255388977,0.6909186025403562,0.37764528498281763,512,0.7555334255388977,0.7236543009559381,0.42937232601391434,D:\499_4\FINAL_INFERENCE\A7_RGBN_REVISED7_TVERSKY_FULL_AOI\tiles_geotiff\tile_r00_c12_prediction.tif,3,Tree / Woody Cover,tile_r00_c12,0.34600901597312045,521605,261314,0.7997083967946608,0.2050382468707289,0.07083432192687725,0.0036100114070992417,512
14.461915973581213,6.196871942270059,45.908375122309195,2.6162701810176126,30.45804794520548,0.3585188356164384,0.0,0.06196871942270059,0.003585188356164384,0.03584745653126104,0.44176191744214055,0.001187191354183222,0.14461915973581213,0.03289094498516968,18.91075500581705,99.08715560388052,341,0.14461915973581213,27,0.06196871942270059,150,0.459083751223092,33,0.026162701810176124,218,0.3045804794520548,9,0.003585188356164384,0,0.0,EPSG:32647,UNLABELED_DEPLOYMENT,0.14461915973581213,0.459083751223092,3,Tree / Woody Cover,0.06908113304010984,0.661384077178871,0.7379343394274004,0.3045804794520548,512,0.661384077178871,0.7636642306751468,0.3081656678082192,D:\499_4\FINAL_INFERENCE\A7_RGBN_REVISED7_TVERSKY_FULL_AOI\tiles_geotiff\tile_r00_c13_prediction.tif,5,Grassland / Herbaceous Cover,tile_r00_c13,0.459083751223092,522241,261632,0.8256329500978473,0.07991807820100567,0.026162701810176124,0.003391154658481429,512
9.483931629158512,3.1337909735812133,44.77586839530333,2.3330479452054793,39.74322712818004,0.5301339285714286,0.0,0.03133790973581213,0.005301339285714286,0.011888263733407326,0.32062932932121335,0.0006816776162729467,0.09483931629158512,0.020741381852439775,18.910747589338516,99.10174166429823,211,0.09483931629158512,11,0.03133790973581213,162,0.44775868395303325,31,0.023330479452054794,123,0.39743227128180036,14,0.005301339285714286,0,0.0,EPSG:32647,UNLABELED_DEPLOYMENT,0.09483931629158512,0.44775868395303325,3,Tree / Woody Cover,0.05693156990737993,0.6032513163015243,0.7034273702403989,0.39743227128180036,512,0.6032513163015243,0.8451909552348336,0.40273361056751467,D:\499_4\FINAL_INFERENCE\A7_RGBN_REVISED7_TVERSKY_FULL_AOI\tiles_geotiff\tile_r00_c14_prediction.tif,5,Grassland / Herbaceous Cover,tile_r00_c14,0.44775868395303325,522241,261632,0.8765288649706457,0.07887484085667539,0.023330479452054794,0.003080953046581942,512
6.033283390410959,23.88087084148728,44.3726302592955,1.792594178082192,22.93029904598826,0.9903222847358121,0.0,0.23880870841487278,0.009903222847358121,0.05763202455859783,0.16242305820142858,0.0011067687140611326,0.06033283390410959,0.01514817871442495,18.910739027510132,99.11632771739406,213,0.06033283390410959,13,0.23880870841487278,96,0.443726302592955,20,0.01792594178082192,139,0.2293029904598826,15,0.009903222847358121,0,0.0,EPSG:32647,UNLABELED_DEPLOYMENT,0.06033283390410959,0.443726302592955,3,Tree / Woody Cover,0.042277415982276384,0.6821695895472093,0.6040028939539458,0.2293029904598826,512,0.6821695895472093,0.6730292930528375,0.2392062133072407,D:\499_4\FINAL_INFERENCE\A7_RGBN_REVISED7_TVERSKY_FULL_AOI\tiles_geotiff\tile_r00_c15_prediction.tif,2,Agricultural Land / Cropland,tile_r00_c15,0.443726302592955,522241,261632,0.9118380014677103,0.0482587356962116,0.01792594178082192,0.0025716096591420438,512
3.685813096759642,0.2668972257724983,72.92308848958726,1.4566573941808887,21.66754379369972,0.0,0.0,0.002668972257724983,0.0,0.0003934933160964358,0.13945735652020583,0.0,0.03685813096759642,0.011276845130066545,18.910733267719216,99.12518760109448,28,0.03685813096759642,3,0.002668972257724983,6,0.7292308848958726,6,0.014566573941808887,49,0.2166754379369972,0,0.0,0,0.0,EPSG:32647,UNLABELED_DEPLOYMENT,0.03685813096759642,0.7292308848958726,3,Tree / Woody Cover,0.04196914700544464,0.39093011647208764,0.44575086881960607,0.2166754379369972,512,0.39093011647208764,0.9459063228328698,0.2166754379369972,D:\499_4\FINAL_INFERENCE\A7_RGBN_REVISED7_TVERSKY_FULL_AOI\tiles_geotiff\tile_r00_c16_prediction.tif,5,Grassland / Herbaceous Cover,tile_r00_c16,0.7292308848958726,105792,53204,0.9485752950905948,0.055114457574278186,0.014566573941808887,0.005662053841500303,110
0.053243205703967775,0.0,98.03193049060913,0.30479806163865614,1.610028242048243,0.0,0.0,0.0,0.0,0.0,0.002122102922219658,0.0,0.0005324320570396778,0.00023581395438739594,18.896865185577095,98.89754507997115,6,0.0005324320570396778,0,0.0,2,0.9803193049060913,46,0.003047980616386561,71,0.01610028242048243,0,0.0,0,0.0,EPSG:32647,UNLABELED_DEPLOYMENT,0.0005324320570396778,0.9803193049060913,3,Tree / Woody Cover,0.005961067502710894,0.05531282918588682,0.6030088802569267,0.01610028242048243,512,0.05531282918588682,0.9964195873265738,0.01610028242048243,D:\499_4\FINAL_INFERENCE\A7_RGBN_REVISED7_TVERSKY_FULL_AOI\tiles_geotiff\tile_r01_c00_prediction.tif,5,Grassland / Herbaceous Cover,tile_r01_c00,0.9803193049060913,517357,259188,0.9964195873265738,0.012148270351837173,0.003047980616386561,0.0015501868149073077,512
5.3432464599609375,0.00457763671875,77.26974487304688,0.989532470703125,15.808868408203125,0.5840301513671875,0.0,4.57763671875e-05,0.005840301513671875,9.783776476979256e-06,0.19893678836524487,0.0,0.053432464599609375,0.01411524584148728,18.896872652836468,98.91212993713611,205,0.053432464599609375,2,4.57763671875e-05,43,0.7726974487304688,58,0.00989532470703125,158,0.15808868408203125,12,0.005840301513671875,0,0.0,EPSG:32647,UNLABELED_DEPLOYMENT,0.053432464599609375,0.7726974487304688,3,Tree / Woody Cover,0.03762918909001957,0.3718328545235022,0.5406787934417987,0.15808868408203125,512,0.3718328545235022,0.9307861328125,0.16392898559570312,D:\499_4\FINAL_INFERENCE\A7_RGBN_REVISED7_TVERSKY_FULL_AOI\tiles_geotiff\tile_r01_c01_prediction.tif,5,Grassland / Herbaceous Cover,tile_r01_c01,0.7726974487304688,523264,262144,0.9308319091796875,0.03684172406792641,0.00989532470703125,0.0029889310176125245,512
2.861785888671875,0.0,91.0614013671875,1.4583587646484375,4.166412353515625,0.4520416259765625,0.0,0.0,0.004520416259765625,0.0,0.10900864540599287,0.0,0.02861785888671875,0.006031372309197652,18.896878975646537,98.92671480062282,55,0.02861785888671875,0,0.0,32,0.910614013671875,9,0.014583587646484375,58,0.04166412353515625,3,0.004520416259765625,0,0.0,EPSG:32647,UNLABELED_DEPLOYMENT,0.02861785888671875,0.910614013671875,3,Tree / Woody Cover,0.012697223581213307,0.20835674936695267,0.3570341064617673,0.04166412353515625,512,0.20835674936695267,0.9522781372070312,0.046184539794921875,D:\499_4\FINAL_INFERENCE\A7_RGBN_REVISED7_TVERSKY_FULL_AOI\tiles_geotiff\tile_r01_c02_prediction.tif,5,Grassland / Herbaceous Cover,tile_r01_c02,0.910614013671875,523264,262144,0.9522781372070312,0.055550526711158454,0.014583587646484375,0.0009994954745596869,512
20.165252685546875,1.3942718505859375,52.02445983886719,3.803253173828125,20.8526611328125,1.760101318359375,0.0,0.013942718505859375,0.01760101318359375,0.011246337671764195,0.5878342237556353,0.0002962175880626223,0.20165252685546875,0.023754739481409003,18.896884154005345,98.94129966938196,137,0.20165252685546875,26,0.013942718505859375,151,0.5202445983886719,35,0.03803253173828125,151,0.208526611328125,26,0.01760101318359375,0,0.0,EPSG:32647,UNLABELED_DEPLOYMENT,0.20165252685546875,0.5202445983886719,3,Tree / Woody Cover,0.04696482081702544,0.6396847116921509,0.4988489865769681,0.208526611328125,512,0.6396847116921509,0.7287712097167969,0.22612762451171875,D:\499_4\FINAL_INFERENCE\A7_RGBN_REVISED7_TVERSKY_FULL_AOI\tiles_geotiff\tile_r01_c03_prediction.tif,5,Grassland / Herbaceous Cover,tile_r01_c03,0.5202445983886719,523264,262144,0.7427139282226562,0.11086805665399879,0.03803253173828125,0.003260304549902153,512
44.96955871582031,3.0670166015625,25.165939331054688,5.2459716796875,20.997238159179688,0.5542755126953125,0.0,0.030670166015625,0.005542755126953125,0.05516895325854421,0.8303750882623717,0.0003803051614481409,0.4496955871582031,0.036283787915851275,18.89688818791128,98.95588454236426,136,0.4496955871582031,6,0.030670166015625,303,0.2516593933105469,29,0.052459716796875,166,0.20997238159179688,10,0.005542755126953125,0,0.0,EPSG:32647,UNLABELED_DEPLOYMENT,0.4496955871582031,0.4496955871582031,1,Built-up & Impervious,0.05642467282289628,0.6807203072239988,0.5657383357439514,0.20997238159179688,512,0.6807203072239988,0.46163177490234375,0.21551513671875,D:\499_4\FINAL_INFERENCE\A7_RGBN_REVISED7_TVERSKY_FULL_AOI\tiles_geotiff\tile_r01_c04_prediction.tif,3,Tree / Woody Cover,tile_r01_c04,0.2516593933105469,523264,262144,0.49230194091796875,0.0968682887032628,0.052459716796875,0.004913389799412916,512
17.754745483398438,5.789947509765625,37.178802490234375,4.99267578125,33.33892822265625,0.9449005126953125,0.0,0.05789947509765625,0.009449005126953125,0.041119617759250104,0.5008097443496808,0.0010549168297455968,0.17754745483398438,0.030013530454990216,18.89689107736309,98.97046941852042,218,0.17754745483398438,20,0.05789947509765625,229,0.37178802490234375,14,0.0499267578125,160,0.3333892822265625,17,0.009449005126953125,0,0.0,EPSG:32647,UNLABELED_DEPLOYMENT,0.17754745483398438,0.37178802490234375,3,Tree / Woody Cover,0.0617069012964775,0.7192576357547819,0.5846143019813612,0.3333892822265625,512,0.7192576357547819,0.7051773071289062,0.3428382873535156,D:\499_4\FINAL_INFERENCE\A7_RGBN_REVISED7_TVERSKY_FULL_AOI\tiles_geotiff\tile_r01_c05_prediction.tif,5,Grassland / Herbaceous Cover,tile_r01_c05,0.37178802490234375,523264,262144,0.7630767822265625,0.14082886651158333,0.0499267578125,0.004710815190802348,512
22.202682495117188,39.99290466308594,19.437789916992188,1.8650054931640625,15.406417846679688,1.0951995849609375,0.0,0.3999290466308594,0.010951995849609375,0.3551799057167955,0.3094539527082816,0.0056720890410958905,0.22202682495117188,0.024209576810176124,18.89689282235988,98.98505429680114,144,0.22202682495117188,40,0.3999290466308594,220,0.19437789916992188,12,0.018650054931640625,219,0.15406417846679688,20,0.010951995849609375,0,0.0,EPSG:32647,UNLABELED_DEPLOYMENT,0.22202682495117188,0.3999290466308594,2,Agricultural Land / Cropland,0.05502002813111546,0.7353405700249938,0.6580240165090708,0.15406417846679688,512,0.7353405700249938,0.34844207763671875,0.16501617431640625,D:\499_4\FINAL_INFERENCE\A7_RGBN_REVISED7_TVERSKY_FULL_AOI\tiles_geotiff\tile_r01_c06_prediction.tif,1,Built-up & Impervious,tile_r01_c06,0.19437789916992188,523264,262144,0.7483711242675781,0.025993855553679168,0.018650054931640625,0.0015537090264187868,512
43.892669677734375,22.821807861328125,22.513198852539062,1.8772125244140625,8.434295654296875,0.4608154296875,0.0,0.22821807861328125,0.004608154296875,0.4006840295623988,0.5433472614968196,0.0038852281066536205,0.43892669677734375,0.0306957864481409,18.896893422901112,98.99963917615712,125,0.43892669677734375,44,0.22821807861328125,273,0.22513198852539062,40,0.018772125244140625,151,0.08434295654296875,12,0.004608154296875,0,0.0,EPSG:32647,UNLABELED_DEPLOYMENT,0.43892669677734375,0.43892669677734375,1,Built-up & Impervious,0.05314907962328767,0.6897942708995574,0.6364031531720736,0.08434295654296875,512,0.6897942708995574,0.3094749450683594,0.08895111083984375,D:\499_4\FINAL_INFERENCE\A7_RGBN_REVISED7_TVERSKY_FULL_AOI\tiles_geotiff\tile_r01_c07_prediction.tif,2,Agricultural Land / Cropland,tile_r01_c07,0.22513198852539062,523264,262144,0.5376930236816406,0.02323800971498713,0.018772125244140625,0.0020792563600782778,512
46.19102478027344,1.667022705078125,25.667572021484375,7.4245452880859375,17.588424682617188,1.4614105224609375,0.0,0.01667022705078125,0.014614105224609375,0.030800594831816852,0.7992155262618326,0.00040706029843444225,0.4619102478027344,0.033346456090998046,18.8968928789866,99.01422405553905,184,0.4619102478027344,45,0.01667022705078125,271,0.25667572021484375,54,0.07424545288085938,189,0.17588424682617188,21,0.014614105224609375,0,0.0,EPSG:32647,UNLABELED_DEPLOYMENT,0.4619102478027344,0.4619102478027344,1,Built-up & Impervious,0.057634387230919765,0.6858399961144492,0.6711253255072761,0.17588424682617188,512,0.6858399961144492,0.4325599670410156,0.19049835205078125,D:\499_4\FINAL_INFERENCE\A7_RGBN_REVISED7_TVERSKY_FULL_AOI\tiles_geotiff\tile_r01_c08_prediction.tif,3,Tree / Woody Cover,tile_r01_c08,0.25667572021484375,523264,262144,0.4492301940917969,0.12846244260435924,0.07424545288085938,0.006597052348336595,512
33.050537109375,2.8011322021484375,31.97174072265625,3.757476806640625,26.329803466796875,2.0893096923828125,0.0,0.028011322021484375,0.020893096923828125,0.0370315695181489,0.7707589399069548,0.0006727005870841487,0.33050537109375,0.03698324363992172,18.896891190616504,99.02880893389764,187,0.33050537109375,15,0.028011322021484375,260,0.3197174072265625,25,0.03757476806640625,208,0.26329803466796875,26,0.020893096923828125,0,0.0,EPSG:32647,UNLABELED_DEPLOYMENT,0.33050537109375,0.33050537109375,1,Built-up & Impervious,0.06243693431996086,0.7123249837011949,0.6442211048308746,0.26329803466796875,512,0.7123249837011949,0.5830154418945312,0.2841911315917969,D:\499_4\FINAL_INFERENCE\A7_RGBN_REVISED7_TVERSKY_FULL_AOI\tiles_geotiff\tile_r01_c09_prediction.tif,3,Tree / Woody Cover,tile_r01_c09,0.3197174072265625,523264,262144,0.6110267639160156,0.08762668003328145,0.03757476806640625,0.0026411142367906066,512
29.602813720703125,7.0392608642578125,34.1217041015625,1.5300750732421875,26.740264892578125,0.96588134765625,0.0,0.07039260864257812,0.0096588134765625,0.08335277123842388,0.7206742123235017,0.001547975782778865,0.29602813720703125,0.03642903008806262,18.896888357791354,99.04339381018359,182,0.29602813720703125,28,0.07039260864257812,269,0.341217041015625,34,0.015300750732421875,227,0.26740264892578125,16,0.0096588134765625,0,0.0,EPSG:32647,UNLABELED_DEPLOYMENT,0.29602813720703125,0.341217041015625,3,Tree / Woody Cover,0.06760449792074363,0.7068761817533117,0.6860911975558426,0.26740264892578125,512,0.7068761817533117,0.6086196899414062,0.27706146240234375,D:\499_4\FINAL_INFERENCE\A7_RGBN_REVISED7_TVERSKY_FULL_AOI\tiles_geotiff\tile_r01_c10_prediction.tif,1,Built-up & Impervious,tile_r01_c10,0.341217041015625,523264,262144,0.6790122985839844,0.037249352666549385,0.015300750732421875,0.0022455204256360078,512
27.000045776367188,16.388702392578125,27.890777587890625,1.28021240234375,25.671005249023438,1.769256591796875,0.0,0.16388702392578125,0.01769256591796875,0.17699828592594713,0.5784682353842072,0.005444670376712328,0.2700004577636719,0.03206603167808219,18.896884380512027,99.05797868334761,211,0.2700004577636719,39,0.16388702392578125,289,0.27890777587890625,30,0.0128021240234375,195,0.2567100524902344,24,0.01769256591796875,0,0.0,EPSG:32647,UNLABELED_DEPLOYMENT,0.2700004577636719,0.27890777587890625,3,Tree / Woody Cover,0.06672922272504893,0.7617541979244666,0.7463106905426159,0.2567100524902344,512,0.7617541979244666,0.5356178283691406,0.2744026184082031,D:\499_4\FINAL_INFERENCE\A7_RGBN_REVISED7_TVERSKY_FULL_AOI\tiles_geotiff\tile_r01_c11_prediction.tif,1,Built-up & Impervious,tile_r01_c11,0.27890777587890625,523264,262144,0.6995048522949219,0.027428183471783996,0.0128021240234375,0.0018881482387475537,512
14.925765991210938,19.743728637695312,39.60723876953125,1.4705657958984375,22.407150268554688,1.845550537109375,0.0,0.19743728637695312,0.01845550537109375,0.11787610937608406,0.370244903548155,0.0028704439823874755,0.14925765991210938,0.02407389004403131,18.896879258779762,99.0725635523404,220,0.14925765991210938,45,0.19743728637695312,191,0.3960723876953125,36,0.014705657958984375,210,0.22407150268554688,30,0.01845550537109375,0,0.0,EPSG:32647,UNLABELED_DEPLOYMENT,0.14925765991210938,0.3960723876953125,3,Tree / Woody Cover,0.06001368334148728,0.741006261398957,0.7827006406590483,0.22407150268554688,512,0.741006261398957,0.6201438903808594,0.24252700805664062,D:\499_4\FINAL_INFERENCE\A7_RGBN_REVISED7_TVERSKY_FULL_AOI\tiles_geotiff\tile_r01_c12_prediction.tif,5,Grassland / Herbaceous Cover,tile_r01_c12,0.3960723876953125,523264,262144,0.8175811767578125,0.036478495749179274,0.014705657958984375,0.002287564212328767,512
19.3450927734375,12.401962280273438,36.80534362792969,1.8871307373046875,28.230667114257812,1.329803466796875,0.0,0.12401962280273438,0.01329803466796875,0.09596684435382485,0.503251064568758,0.002002813111545988,0.193450927734375,0.030625076443248533,18.896872992596144,99.08714841611264,205,0.193450927734375,19,0.12401962280273438,261,0.3680534362792969,25,0.018871307373046875,183,0.2823066711425781,25,0.01329803466796875,0,0.0,EPSG:32647,UNLABELED_DEPLOYMENT,0.193450927734375,0.3680534362792969,3,Tree / Woody Cover,0.06419512903620352,0.7369078798679931,0.6604587155615901,0.2823066711425781,512,0.7369078798679931,0.650360107421875,0.2956047058105469,D:\499_4\FINAL_INFERENCE\A7_RGBN_REVISED7_TVERSKY_FULL_AOI\tiles_geotiff\tile_r01_c13_prediction.tif,5,Grassland / Herbaceous Cover,tile_r01_c13,0.3680534362792969,523264,262144,0.7743797302246094,0.04909258196130395,0.018871307373046875,0.0024729390900195694,512
11.992645263671875,26.207351684570312,37.58049011230469,1.8169403076171875,21.034622192382812,1.367950439453125,0.0,0.2620735168457031,0.01367950439453125,0.12571818882133812,0.28118009958416224,0.001580464163405088,0.11992645263671875,0.021050559564579255,18.89686558196312,99.10173327361508,190,0.11992645263671875,15,0.2620735168457031,156,0.3758049011230469,7,0.018169403076171875,163,0.21034622192382812,22,0.01367950439453125,0,0.0,EPSG:32647,UNLABELED_DEPLOYMENT,0.11992645263671875,0.3758049011230469,3,Tree / Woody Cover,0.05223749388454012,0.7361891995656291,0.5378390346163332,0.21034622192382812,512,0.7361891995656291,0.586151123046875,0.22402572631835938,D:\499_4\FINAL_INFERENCE\A7_RGBN_REVISED7_TVERSKY_FULL_AOI\tiles_geotiff\tile_r01_c14_prediction.tif,2,Agricultural Land / Cropland,tile_r01_c14,0.3758049011230469,523264,262144,0.8482246398925781,0.04260006407275796,0.018169403076171875,0.0008618976272015656,512
6.2450408935546875,50.177001953125,31.0455322265625,0.1728057861328125,12.027359008789062,0.3322601318359375,0.0,0.50177001953125,0.003322601318359375,0.12534297164529562,0.10759678686736152,0.0012823354941291585,0.062450408935546875,0.013513255259295498,18.896857026882987,99.11631812379841,139,0.062450408935546875,22,0.50177001953125,90,0.310455322265625,17,0.001728057861328125,122,0.12027359008789062,7,0.003322601318359375,0,0.0,EPSG:32647,UNLABELED_DEPLOYMENT,0.062450408935546875,0.50177001953125,2,Agricultural Land / Cropland,0.036635426859099804,0.5997513309609848,0.5683479478328707,0.12027359008789062,512,0.5997513309609848,0.4307289123535156,0.12359619140625,D:\499_4\FINAL_INFERENCE\A7_RGBN_REVISED7_TVERSKY_FULL_AOI\tiles_geotiff\tile_r01_c15_prediction.tif,3,Tree / Woody Cover,tile_r01_c15,0.310455322265625,523264,262144,0.9324989318847656,0.0029772979323752224,0.001728057861328125,0.000603901663405088,512
4.825260001873887,51.4813079733908,28.737936849995315,3.455448327555514,11.129017146069522,0.371029701114963,0.0,0.514813079733908,0.00371029701114963,0.09936427848326154,0.07694736740550319,0.0015549461423199796,0.04825260001873887,0.011525449285195971,18.896851271631817,99.125177276825,43,0.04825260001873887,5,0.514813079733908,37,0.28737936849995316,5,0.03455448327555514,31,0.11129017146069523,4,0.00371029701114963,0,0.0,EPSG:32647,UNLABELED_DEPLOYMENT,0.04825260001873887,0.514813079733908,2,Agricultural Land / Cropland,0.047948884679539734,0.6309779600603177,0.43226801187896857,0.11129017146069523,512,0.6309779600603177,0.39866953996064836,0.11500046847184485,D:\499_4\FINAL_INFERENCE\A7_RGBN_REVISED7_TVERSKY_FULL_AOI\tiles_geotiff\tile_r01_c16_prediction.tif,3,Tree / Woody Cover,tile_r01_c16,0.28737936849995316,106113,53365,0.9134826196945564,0.05510327980417394,0.03455448327555514,0.007369502322995297,110
0.0,0.0,94.39218133629191,2.172321868836292,3.412768121301775,0.022728673570019724,0.0,0.0,0.00022728673570019723,0.0,0.0,0.0,0.0,0.0,18.88298315779871,98.89755352280244,0,0.0,0,0.0,2,0.9439218133629191,156,0.02172321868836292,88,0.03412768121301775,1,0.00022728673570019723,0,0.0,EPSG:32647,UNLABELED_DEPLOYMENT,0.0,0.9439218133629191,3,Tree / Woody Cover,0.014812341623741433,0.13096180121506557,0.4216581324567162,0.03412768121301775,512,0.13096180121506557,0.9780494945759369,0.034354967948717945,D:\499_4\FINAL_INFERENCE\A7_RGBN_REVISED7_TVERSKY_FULL_AOI\tiles_geotiff\tile_r02_c00_prediction.tif,5,Grassland / Herbaceous Cover,tile_r02_c00,0.9439218133629191,518149,259584,0.9780494945759369,0.08498553223486362,0.02172321868836292,0.007602060411194464,512
0.0057220458984375,0.0,95.85685729980469,1.5575408935546875,2.5798797607421875,0.0,0.0,0.0,0.0,0.0,0.00022530381102114916,0.0,5.7220458984375e-05,3.439946183953033e-05,18.882990619168833,98.91213717810156,1,5.7220458984375e-05,0,0.0,1,0.9585685729980469,83,0.015575408935546875,43,0.025798797607421875,0,0.0,0,0.0,EPSG:32647,UNLABELED_DEPLOYMENT,5.7220458984375e-05,0.9585685729980469,3,Tree / Woody Cover,0.009811490949119374,0.10293540543526679,0.41233114268837345,0.025798797607421875,512,0.10293540543526679,0.9843673706054688,0.025798797607421875,D:\499_4\FINAL_INFERENCE\A7_RGBN_REVISED7_TVERSKY_FULL_AOI\tiles_geotiff\tile_r02_c01_prediction.tif,5,Grassland / Herbaceous Cover,tile_r02_c01,0.9585685729980469,523264,262144,0.9843673706054688,0.0613276973599568,0.015575408935546875,0.005096853595890411,512
0.0,0.0,96.36993408203125,3.0429840087890625,0.5870819091796875,0.0,0.0,0.0,0.0,0.0,0.0,0.0,0.0,0.0,18.882996936992264,98.92672083971999,0,0.0,0,0.0,2,0.9636993408203125,13,0.030429840087890625,15,0.005870819091796875,0,0.0,0,0.0,EPSG:32647,UNLABELED_DEPLOYMENT,0.0,0.9636993408203125,3,Tree / Woody Cover,0.0034475905088062623,0.08842526835457856,0.2540505815945004,0.005870819091796875,512,0.08842526835457856,0.9695701599121094,0.005870819091796875,D:\499_4\FINAL_INFERENCE\A7_RGBN_REVISED7_TVERSKY_FULL_AOI\tiles_geotiff\tile_r02_c02_prediction.tif,4,Water,tile_r02_c02,0.9636993408203125,523264,262144,0.9695701599121094,0.11801545968046412,0.030429840087890625,0.0023372523238747553,512
4.9640655517578125,2.19879150390625,77.48908996582031,8.727264404296875,6.494903564453125,0.125885009765625,0.0,0.0219879150390625,0.00125885009765625,0.004365978064015508,0.16676081967307255,0.00046439273483365947,0.049640655517578125,0.008383913282778864,18.883002111267025,98.9413045066089,105,0.049640655517578125,3,0.0219879150390625,66,0.7748908996582031,10,0.08727264404296875,80,0.06494903564453125,4,0.00125885009765625,0,0.0,EPSG:32647,UNLABELED_DEPLOYMENT,0.049640655517578125,0.7748908996582031,3,Tree / Woody Cover,0.019418496208414873,0.4262501900199651,0.39280784868825114,0.06494903564453125,512,0.4262501900199651,0.8398399353027344,0.0662078857421875,D:\499_4\FINAL_INFERENCE\A7_RGBN_REVISED7_TVERSKY_FULL_AOI\tiles_geotiff\tile_r02_c03_prediction.tif,4,Water,tile_r02_c03,0.7748908996582031,523264,262144,0.8618278503417969,0.29318020690698177,0.08727264404296875,0.00340745780332681,512
27.619552612304688,1.94091796875,30.499649047851562,4.122161865234375,34.13429260253906,1.6834259033203125,0.0,0.0194091796875,0.016834259033203125,0.021442914381623268,0.714064220781438,0.000357372186888454,0.2761955261230469,0.03540469055772994,18.88300614199152,98.95588817771933,227,0.2761955261230469,21,0.0194091796875,250,0.3049964904785156,23,0.04122161865234375,132,0.3413429260253906,20,0.016834259033203125,0,0.0,EPSG:32647,UNLABELED_DEPLOYMENT,0.2761955261230469,0.3413429260253906,5,Grassland / Herbaceous Cover,0.057317147749510765,0.699492312754461,0.5464171257240437,0.3413429260253906,512,0.699492312754461,0.6463394165039062,0.35817718505859375,D:\499_4\FINAL_INFERENCE\A7_RGBN_REVISED7_TVERSKY_FULL_AOI\tiles_geotiff\tile_r02_c04_prediction.tif,3,Tree / Woody Cover,tile_r02_c04,0.3049964904785156,523264,262144,0.6657485961914062,0.10657262778840959,0.04122161865234375,0.002283742049902153,512
35.53504943847656,6.18133544921875,35.91957092285156,2.724456787109375,18.250274658203125,1.389312744140625,0.0,0.0618133544921875,0.01389312744140625,0.0878616243135184,0.7699712563189678,0.0020123685176125245,0.3553504943847656,0.03587863869863014,18.88300902916449,98.97047185200243,215,0.3553504943847656,27,0.0618133544921875,223,0.3591957092285156,15,0.02724456787109375,207,0.18250274658203125,7,0.01389312744140625,0,0.0,EPSG:32647,UNLABELED_DEPLOYMENT,0.3553504943847656,0.3591957092285156,3,Tree / Woody Cover,0.06150814885029354,0.7068735944317779,0.5276755074670223,0.18250274658203125,512,0.7068735944317779,0.5416984558105469,0.1963958740234375,D:\499_4\FINAL_INFERENCE\A7_RGBN_REVISED7_TVERSKY_FULL_AOI\tiles_geotiff\tile_r02_c05_prediction.tif,1,Built-up & Impervious,tile_r02_c05,0.3591957092285156,523264,262144,0.6035118103027344,0.05903336137998849,0.02724456787109375,0.00276342343444227,512
19.76318359375,47.5189208984375,18.822479248046875,1.48162841796875,11.406707763671875,1.007080078125,0.0,0.475189208984375,0.01007080078125,0.3756500631570816,0.23896998912096024,0.004116468933463797,0.1976318359375,0.0237279843444227,18.88301077278505,98.98505552840929,167,0.1976318359375,27,0.475189208984375,208,0.18822479248046875,12,0.0148162841796875,155,0.11406707763671875,10,0.01007080078125,0,0.0,EPSG:32647,UNLABELED_DEPLOYMENT,0.1976318359375,0.475189208984375,2,Agricultural Land / Cropland,0.04908612096379648,0.6910381355496484,0.5790427282983764,0.11406707763671875,512,0.6910381355496484,0.3022918701171875,0.12413787841796875,D:\499_4\FINAL_INFERENCE\A7_RGBN_REVISED7_TVERSKY_FULL_AOI\tiles_geotiff\tile_r02_c06_prediction.tif,1,Built-up & Impervious,tile_r02_c06,0.18822479248046875,523264,262144,0.7774810791015625,0.017915369011461735,0.0148162841796875,0.0012746911692759295,512
30.44586181640625,36.46812438964844,19.635772705078125,2.6851654052734375,9.508514404296875,1.256561279296875,0.0,0.3646812438964844,0.01256561279296875,0.44412139034830034,0.3549291752278805,0.004320954623287672,0.3044586181640625,0.022267918297455967,18.88301137285265,98.99963920589097,113,0.3044586181640625,44,0.3646812438964844,248,0.19635772705078125,38,0.026851654052734375,174,0.09508514404296875,23,0.01256561279296875,0,0.0,EPSG:32647,UNLABELED_DEPLOYMENT,0.3044586181640625,0.3646812438964844,2,Agricultural Land / Cropland,0.04979130993150685,0.7325276313870069,0.7247884178175165,0.09508514404296875,512,0.7325276313870069,0.29144287109375,0.1076507568359375,D:\499_4\FINAL_INFERENCE\A7_RGBN_REVISED7_TVERSKY_FULL_AOI\tiles_geotiff\tile_r02_c07_prediction.tif,1,Built-up & Impervious,tile_r02_c07,0.19635772705078125,523264,262144,0.6561241149902344,0.03130289260298014,0.026851654052734375,0.0024977831457925637,512
57.440185546875,0.6229400634765625,22.167205810546875,0.30517578125,18.1854248046875,1.2790679931640625,0.0,0.006229400634765625,0.012790679931640625,0.014312717132270336,0.9271450359374285,0.00010319838551859099,0.57440185546875,0.039349162181996085,18.883010829367105,99.01422288339863,90,0.57440185546875,7,0.006229400634765625,308,0.22167205810546875,12,0.0030517578125,165,0.181854248046875,19,0.012790679931640625,0,0.0,EPSG:32647,UNLABELED_DEPLOYMENT,0.57440185546875,0.57440185546875,1,Built-up & Impervious,0.05443332619863014,0.5485716733136459,0.6249393757711985,0.181854248046875,512,0.5485716733136459,0.40352630615234375,0.19464492797851562,D:\499_4\FINAL_INFERENCE\A7_RGBN_REVISED7_TVERSKY_FULL_AOI\tiles_geotiff\tile_r02_c08_prediction.tif,3,Tree / Woody Cover,tile_r02_c08,0.22167205810546875,523264,262144,0.4097557067871094,0.004925858229398727,0.0030517578125,0.00041279354207436397,512
43.251800537109375,6.4208984375,21.014785766601562,1.6815185546875,24.708175659179688,2.922821044921875,0.0,0.064208984375,0.02922821044921875,0.1110861673951149,0.7910401630215347,0.001603397137964775,0.43251800537109375,0.029889310176125245,18.883009142328586,99.02880655988334,130,0.43251800537109375,30,0.064208984375,234,0.21014785766601562,20,0.016815185546875,139,0.24708175659179688,25,0.02922821044921875,0,0.0,EPSG:32647,UNLABELED_DEPLOYMENT,0.43251800537109375,0.43251800537109375,1,Built-up & Impervious,0.05182661142367906,0.711234323633101,0.6146613431833353,0.24708175659179688,512,0.711234323633101,0.4572296142578125,0.2763099670410156,D:\499_4\FINAL_INFERENCE\A7_RGBN_REVISED7_TVERSKY_FULL_AOI\tiles_geotiff\tile_r02_c09_prediction.tif,5,Grassland / Herbaceous Cover,tile_r02_c09,0.21014785766601562,523264,262144,0.5214385986328125,0.0307536032050848,0.016815185546875,0.0017257063356164383,512
28.73077392578125,22.610092163085938,27.995681762695312,2.7294158935546875,17.183303833007812,0.750732421875,0.0,0.22610092163085938,0.00750732421875,0.2598421785514802,0.5192108885385096,0.003575632950097847,0.2873077392578125,0.03126528864970646,18.883006311737613,99.04339023429618,160,0.2873077392578125,36,0.22610092163085938,259,0.2799568176269531,41,0.027294158935546875,194,0.17183303833007812,9,0.00750732421875,0,0.0,EPSG:32647,UNLABELED_DEPLOYMENT,0.2873077392578125,0.2873077392578125,1,Built-up & Impervious,0.0595435573630137,0.7649692362675801,0.5641815128960529,0.17183303833007812,512,0.7649692362675801,0.45178985595703125,0.17934036254882812,D:\499_4\FINAL_INFERENCE\A7_RGBN_REVISED7_TVERSKY_FULL_AOI\tiles_geotiff\tile_r02_c10_prediction.tif,3,Tree / Woody Cover,tile_r02_c10,0.2799568176269531,523264,262144,0.6778907775878906,0.04932489653583616,0.027294158935546875,0.003223994006849315,512
25.341033935546875,48.31352233886719,15.948867797851562,1.107025146484375,7.506561279296875,1.782989501953125,0.0,0.4831352233886719,0.01782989501953125,0.48972584365401417,0.2377539296867326,0.008897994129158513,0.25341033935546875,0.02420575464774951,18.883002337595073,99.05797390558826,161,0.25341033935546875,37,0.4831352233886719,306,0.15948867797851562,28,0.01107025146484375,161,0.07506561279296875,18,0.01782989501953125,0,0.0,EPSG:32647,UNLABELED_DEPLOYMENT,0.25341033935546875,0.4831352233886719,2,Agricultural Land / Cropland,0.055981301981409,0.6722526396048908,0.6798626148887331,0.07506561279296875,512,0.6722526396048908,0.23455429077148438,0.0928955078125,D:\499_4\FINAL_INFERENCE\A7_RGBN_REVISED7_TVERSKY_FULL_AOI\tiles_geotiff\tile_r02_c11_prediction.tif,1,Built-up & Impervious,tile_r02_c11,0.15948867797851562,523264,262144,0.7176895141601562,0.010386299923993647,0.01107025146484375,0.0011695817025440312,512
18.07861328125,45.26252746582031,23.97613525390625,1.78680419921875,10.021591186523438,0.87432861328125,0.0,0.4526252746582031,0.0087432861328125,0.3273134920746088,0.24585269950330257,0.004867523850293542,0.1807861328125,0.02344323324363992,18.88299721990219,99.0725575727107,161,0.1807861328125,29,0.4526252746582031,208,0.2397613525390625,20,0.0178680419921875,135,0.10021591186523438,13,0.0087432861328125,0,0.0,EPSG:32647,UNLABELED_DEPLOYMENT,0.1807861328125,0.4526252746582031,2,Agricultural Land / Cropland,0.050576764310176124,0.6959796986200713,0.6136913464993842,0.10021591186523438,512,0.6959796986200713,0.3399772644042969,0.10895919799804688,D:\499_4\FINAL_INFERENCE\A7_RGBN_REVISED7_TVERSKY_FULL_AOI\tiles_geotiff\tile_r02_c12_prediction.tif,3,Tree / Woody Cover,tile_r02_c12,0.2397613525390625,523264,262144,0.7926025390625,0.024298912147060037,0.0178680419921875,0.0013606898238747553,512
13.881301879882812,38.69171142578125,31.973648071289062,0.8350372314453125,13.525390625,1.0929107666015625,0.0,0.3869171142578125,0.010929107666015625,0.21483653062023222,0.2526343565550633,0.004338154354207436,0.13881301879882812,0.021239756604696673,18.882990958660553,99.08714123461459,170,0.13881301879882812,26,0.3869171142578125,176,0.3197364807128906,19,0.008350372314453125,144,0.13525390625,22,0.010929107666015625,0,0.0,EPSG:32647,UNLABELED_DEPLOYMENT,0.13881301879882812,0.3869171142578125,2,Agricultural Land / Cropland,0.05107937866927593,0.701980047137618,0.6988203191978742,0.13525390625,512,0.701980047137618,0.4549903869628906,0.14618301391601562,D:\499_4\FINAL_INFERENCE\A7_RGBN_REVISED7_TVERSKY_FULL_AOI\tiles_geotiff\tile_r02_c13_prediction.tif,3,Tree / Woody Cover,tile_r02_c13,0.3197364807128906,523264,262144,0.8419075012207031,0.015197356522548944,0.008350372314453125,0.0011237157534246575,512
13.681411743164062,47.15576171875,26.579666137695312,1.3767242431640625,10.480499267578125,0.7259368896484375,0.0,0.4715576171875,0.007259368896484375,0.25806295685470104,0.20281415287172422,0.0025264493639921724,0.13681411743164062,0.02046767979452055,18.88298355387211,99.10172489025103,161,0.13681411743164062,26,0.4715576171875,190,0.2657966613769531,24,0.013767242431640625,129,0.10480499267578125,17,0.007259368896484375,0,0.0,EPSG:32647,UNLABELED_DEPLOYMENT,0.13681411743164062,0.4715576171875,2,Agricultural Land / Cropland,0.048594973091976516,0.6731879306789498,0.646934062949566,0.10480499267578125,512,0.6731879306789498,0.3706016540527344,0.11206436157226562,D:\499_4\FINAL_INFERENCE\A7_RGBN_REVISED7_TVERSKY_FULL_AOI\tiles_geotiff\tile_r02_c14_prediction.tif,3,Tree / Woody Cover,tile_r02_c14,0.2657966613769531,523264,262144,0.8421592712402344,0.020408651267644018,0.013767242431640625,0.0020754341976516634,512
10.597991943359375,60.55335998535156,19.043350219726562,0.2376556396484375,9.392166137695312,0.17547607421875,0.0,0.6055335998535156,0.0017547607421875,0.25669760850723833,0.1205437493044883,0.0029755534491193738,0.10597991943359375,0.018025318003913895,18.88297500553915,99.11630853857116,149,0.10597991943359375,30,0.6055335998535156,195,0.19043350219726562,14,0.002376556396484375,133,0.09392166137695312,8,0.0017547607421875,0,0.0,EPSG:32647,UNLABELED_DEPLOYMENT,0.10597991943359375,0.6055335998535156,2,Agricultural Land / Cropland,0.04419375305772994,0.5679125995445689,0.6105586234563396,0.09392166137695312,512,0.5679125995445689,0.28435516357421875,0.09567642211914062,D:\499_4\FINAL_INFERENCE\A7_RGBN_REVISED7_TVERSKY_FULL_AOI\tiles_geotiff\tile_r02_c15_prediction.tif,3,Tree / Woody Cover,tile_r02_c15,0.19043350219726562,523264,262144,0.8898887634277344,0.0027031443314626813,0.002376556396484375,0.0003822162426614481,512
34.76376488095238,21.473214285714285,35.1171875,1.9940476190476188,5.563616071428571,1.0881696428571428,0.0,0.21473214285714284,0.010881696428571428,0.29859590906675165,0.5656871562101403,0.0019550433570620094,0.3476376488095238,0.050681458892640995,18.882969254827003,99.12516696156126,46,0.3476376488095238,8,0.21473214285714284,79,0.351171875,7,0.01994047619047619,38,0.05563616071428571,3,0.010881696428571428,0,0.0,EPSG:32647,UNLABELED_DEPLOYMENT,0.3476376488095238,0.351171875,3,Tree / Woody Cover,0.07847300824111578,0.6953715465201631,0.44082342905794264,0.05563616071428571,512,0.6953715465201631,0.40680803571428575,0.06651785714285714,D:\499_4\FINAL_INFERENCE\A7_RGBN_REVISED7_TVERSKY_FULL_AOI\tiles_geotiff\tile_r02_c16_prediction.tif,1,Built-up & Impervious,tile_r02_c16,0.351171875,106903,53760,0.6215401785714285,0.03244778380102041,0.01994047619047619,0.004377800435909188,110
0.004237549309664694,0.0,86.25261957593689,6.09166974852071,7.651473126232741,0.0,0.0,0.0,0.0,0.0,0.00015916928928190737,0.0,4.237549309664694e-05,3.4739042244605316e-05,18.869101109317562,98.89756195826551,2,4.237549309664694e-05,0,0.0,10,0.862526195759369,165,0.060916697485207096,98,0.07651473126232741,0,0.0,0,0.0,EPSG:32647,UNLABELED_DEPLOYMENT,4.237549309664694e-05,0.862526195759369,3,Tree / Woody Cover,0.025917255461266935,0.25443577793117406,0.4300439659248392,0.07651473126232741,512,0.25443577793117406,0.9390409270216964,0.07651473126232741,D:\499_4\FINAL_INFERENCE\A7_RGBN_REVISED7_TVERSKY_FULL_AOI\tiles_geotiff\tile_r03_c00_prediction.tif,5,Grassland / Herbaceous Cover,tile_r03_c00,0.862526195759369,518149,259584,0.9390409270216964,0.22881308831043645,0.060916697485207096,0.013885967163885292,512
0.104522705078125,0.0,92.49763488769531,2.704620361328125,4.69207763671875,0.0011444091796875,0.0,0.0,1.1444091796875e-05,0.0,0.004063412663526833,0.0,0.00104522705078125,0.00040323813600782777,18.869108564799387,98.91214441274765,11,0.00104522705078125,0,0.0,3,0.9249763488769531,110,0.02704620361328125,60,0.0469207763671875,1,1.1444091796875e-05,0,0.0,EPSG:32647,UNLABELED_DEPLOYMENT,0.00104522705078125,0.9249763488769531,3,Tree / Woody Cover,0.01571673189823875,0.1647698393462392,0.3845961138153525,0.0469207763671875,512,0.1647698393462392,0.9718971252441406,0.046932220458984375,D:\499_4\FINAL_INFERENCE\A7_RGBN_REVISED7_TVERSKY_FULL_AOI\tiles_geotiff\tile_r03_c01_prediction.tif,5,Grassland / Herbaceous Cover,tile_r03_c01,0.9249763488769531,523264,262144,0.9718971252441406,0.10514451016206294,0.02704620361328125,0.007770456213307241,512
0.1308441162109375,0.0,98.25935363769531,0.5123138427734375,1.00860595703125,0.0888824462890625,0.0,0.0,0.000888824462890625,0.0,0.00519545137649402,0.0,0.001308441162109375,0.0006077238258317025,18.86911487763696,98.92672687354673,19,0.001308441162109375,0,0.0,3,0.9825935363769531,34,0.005123138427734375,31,0.0100860595703125,10,0.000888824462890625,0,0.0,EPSG:32647,UNLABELED_DEPLOYMENT,0.001308441162109375,0.9825935363769531,3,Tree / Woody Cover,0.004867523850293542,0.054250303754198925,0.554341858116896,0.0100860595703125,512,0.054250303754198925,0.9926795959472656,0.010974884033203125,D:\499_4\FINAL_INFERENCE\A7_RGBN_REVISED7_TVERSKY_FULL_AOI\tiles_geotiff\tile_r03_c02_prediction.tif,5,Grassland / Herbaceous Cover,tile_r03_c02,0.9825935363769531,523264,262144,0.9926795959472656,0.020342539937701076,0.005123138427734375,0.0017486393101761252,512
6.170654296875,0.9777069091796875,62.96348571777344,20.94879150390625,8.243942260742188,0.6954193115234375,0.0,0.009777069091796875,0.006954193115234375,0.0024132365360856056,0.17575856857001781,0.00016817514677103717,0.06170654296875,0.014340753424657534,18.869120047828332,98.94130933961428,147,0.06170654296875,4,0.009777069091796875,67,0.6296348571777344,14,0.2094879150390625,106,0.08243942260742188,21,0.006954193115234375,0,0.0,EPSG:32647,UNLABELED_DEPLOYMENT,0.06170654296875,0.6296348571777344,3,Tree / Woody Cover,0.028545820083170255,0.5530277870380141,0.42303405178065967,0.08243942260742188,512,0.5530277870380141,0.7120742797851562,0.08939361572265625,D:\499_4\FINAL_INFERENCE\A7_RGBN_REVISED7_TVERSKY_FULL_AOI\tiles_geotiff\tile_r03_c03_prediction.tif,4,Water,tile_r03_c03,0.6296348571777344,523264,262144,0.7218513488769531,0.5966838249005377,0.2094879150390625,0.005398804427592955,512
12.768173217773438,3.5236358642578125,50.45738220214844,4.4078826904296875,24.554443359375,4.288482666015625,0.0,0.035236358642578125,0.04288482666015625,0.017996157228481025,0.3831055928603746,0.000452926247553816,0.12768173217773438,0.017536081213307242,18.86912407537189,98.95589180990176,166,0.12768173217773438,11,0.035236358642578125,106,0.5045738220214844,15,0.044078826904296875,104,0.24554443359375,30,0.04288482666015625,0,0.0,EPSG:32647,UNLABELED_DEPLOYMENT,0.12768173217773438,0.5045738220214844,3,Tree / Woody Cover,0.038963123776908026,0.6903228839798874,0.6104605993999415,0.24554443359375,512,0.6903228839798874,0.7501182556152344,0.28842926025390625,D:\499_4\FINAL_INFERENCE\A7_RGBN_REVISED7_TVERSKY_FULL_AOI\tiles_geotiff\tile_r03_c04_prediction.tif,5,Grassland / Herbaceous Cover,tile_r03_c04,0.5045738220214844,523264,262144,0.7853546142578125,0.13225733098806813,0.044078826904296875,0.001970324730919765,512
39.53361511230469,5.5385589599609375,30.204391479492188,2.8228759765625,21.529769897460938,0.37078857421875,0.0,0.055385589599609375,0.0037078857421875,0.0875837032799609,0.8180953696137294,0.0002484405577299413,0.3953361511230469,0.0333865887964775,18.86912696026639,98.9704742833607,137,0.3953361511230469,17,0.055385589599609375,260,0.3020439147949219,13,0.028228759765625,155,0.21529769897460938,9,0.0037078857421875,0,0.0,EPSG:32647,UNLABELED_DEPLOYMENT,0.3953361511230469,0.3953361511230469,1,Built-up & Impervious,0.05526082436399217,0.6890521388906862,0.5199107612492001,0.21529769897460938,512,0.6890521388906862,0.5173416137695312,0.21900558471679688,D:\499_4\FINAL_INFERENCE\A7_RGBN_REVISED7_TVERSKY_FULL_AOI\tiles_geotiff\tile_r03_c05_prediction.tif,3,Tree / Woody Cover,tile_r03_c05,0.3020439147949219,523264,262144,0.5727272033691406,0.05841564852744341,0.028228759765625,0.0030061307485322896,512
39.357757568359375,25.38604736328125,17.564773559570312,2.130889892578125,13.83819580078125,1.7223358154296875,0.0,0.2538604736328125,0.017223358154296875,0.39965515909716487,0.4943801820045337,0.0026946245107632096,0.39357757568359375,0.028899370107632095,18.869128702510928,98.98505675894258,112,0.39357757568359375,31,0.2538604736328125,270,0.17564773559570312,13,0.02130889892578125,134,0.1383819580078125,23,0.017223358154296875,0,0.0,EPSG:32647,UNLABELED_DEPLOYMENT,0.39357757568359375,0.39357757568359375,1,Built-up & Impervious,0.04985246453033268,0.7431909037172327,0.5288075082047085,0.1383819580078125,512,0.7431909037172327,0.3140296936035156,0.15560531616210938,D:\499_4\FINAL_INFERENCE\A7_RGBN_REVISED7_TVERSKY_FULL_AOI\tiles_geotiff\tile_r03_c06_prediction.tif,2,Agricultural Land / Cropland,tile_r03_c06,0.17564773559570312,523264,262144,0.5678901672363281,0.026766508002765477,0.02130889892578125,0.0014237555039138944,512
22.794723510742188,60.31646728515625,9.89990234375,2.3685455322265625,4.620361328125,0.0,0.0,0.6031646728515625,0.0,0.5499588779639453,0.1323941582813859,0.0034800788894324853,0.22794723510742188,0.020567056017612523,18.86912930210497,98.9996392355989,78,0.22794723510742188,33,0.6031646728515625,232,0.0989990234375,9,0.023685455322265625,87,0.04620361328125,0,0.0,0,0.0,EPSG:32647,UNLABELED_DEPLOYMENT,0.22794723510742188,0.6031646728515625,2,Agricultural Land / Cropland,0.036958399584148725,0.5661386874900043,0.5736641513560505,0.04620361328125,512,0.5661386874900043,0.14520263671875,0.04620361328125,D:\499_4\FINAL_INFERENCE\A7_RGBN_REVISED7_TVERSKY_FULL_AOI\tiles_geotiff\tile_r03_c07_prediction.tif,1,Built-up & Impervious,tile_r03_c07,0.0989990234375,523264,262144,0.7483673095703125,0.013756762258708477,0.023685455322265625,0.0012269141389432486,512
50.73661804199219,10.861587524414062,21.453475952148438,3.0910491943359375,10.147476196289062,3.7097930908203125,0.0,0.10861587524414062,0.037097930908203125,0.2204320870223455,0.6413301755674183,0.0013530454990215263,0.5073661804199219,0.03362165178571429,18.869128759048326,99.01422171228117,87,0.5073661804199219,19,0.10861587524414062,341,0.21453475952148438,31,0.030910491943359375,192,0.10147476196289062,17,0.037097930908203125,0,0.0,EPSG:32647,UNLABELED_DEPLOYMENT,0.5073661804199219,0.5073661804199219,1,Built-up & Impervious,0.05550162059686888,0.7078699334996926,0.6786745182148884,0.10147476196289062,512,0.7078699334996926,0.316009521484375,0.13857269287109375,D:\499_4\FINAL_INFERENCE\A7_RGBN_REVISED7_TVERSKY_FULL_AOI\tiles_geotiff\tile_r03_c08_prediction.tif,3,Tree / Woody Cover,tile_r03_c08,0.21453475952148438,523264,262144,0.4246253967285156,0.0390720390714705,0.030910491943359375,0.0027194685665362034,512
31.937408447265625,36.60011291503906,11.002349853515625,8.139801025390625,8.803939819335938,3.516387939453125,0.0,0.3660011291503906,0.03516387939453125,0.4675651021534577,0.25302462524268776,0.0078392551369863,0.31937408447265625,0.018829883194716242,18.869127073341172,99.02880418794088,116,0.31937408447265625,83,0.3660011291503906,393,0.11002349853515625,56,0.08139801025390625,209,0.08803939819335938,20,0.03516387939453125,0,0.0,EPSG:32647,UNLABELED_DEPLOYMENT,0.31937408447265625,0.3660011291503906,2,Agricultural Land / Cropland,0.05678586717221135,0.7765343191588454,0.7374213408166854,0.08803939819335938,512,0.7765343191588454,0.19806289672851562,0.12320327758789062,D:\499_4\FINAL_INFERENCE\A7_RGBN_REVISED7_TVERSKY_FULL_AOI\tiles_geotiff\tile_r03_c09_prediction.tif,1,Built-up & Impervious,tile_r03_c09,0.11002349853515625,523264,262144,0.5640640258789062,0.06448770279530436,0.08139801025390625,0.0064881207191780825,512
36.62834167480469,21.54693603515625,18.0572509765625,6.0794830322265625,15.91644287109375,1.77154541015625,0.0,0.2154693603515625,0.0177154541015625,0.3156914140563458,0.4977600264828652,0.003898605675146771,0.3662834167480469,0.03569708598336595,18.869124244984025,99.04338666152951,161,0.3662834167480469,53,0.2154693603515625,365,0.180572509765625,66,0.060794830322265625,224,0.1591644287109375,29,0.0177154541015625,0,0.0,EPSG:32647,UNLABELED_DEPLOYMENT,0.3662834167480469,0.3662834167480469,1,Built-up & Impervious,0.06722610384050881,0.7923735794818716,0.7845538882376819,0.1591644287109375,512,0.7923735794818716,0.3397369384765625,0.1768798828125,D:\499_4\FINAL_INFERENCE\A7_RGBN_REVISED7_TVERSKY_FULL_AOI\tiles_geotiff\tile_r03_c10_prediction.tif,2,Agricultural Land / Cropland,tile_r03_c10,0.180572509765625,523264,262144,0.555206298828125,0.08261699811555445,0.060794830322265625,0.006103993395303327,512
23.354339599609375,50.91552734375,15.691375732421875,0.9922027587890625,7.6000213623046875,1.446533203125,0.0,0.5091552734375,0.01446533203125,0.4756394065916538,0.21758207899983972,0.006318034491193738,0.23354339599609375,0.022642490215264186,18.869120273977764,99.05796913199858,153,0.23354339599609375,30,0.5091552734375,291,0.15691375732421875,29,0.009922027587890625,131,0.07600021362304688,14,0.01446533203125,0,0.0,EPSG:32647,UNLABELED_DEPLOYMENT,0.23354339599609375,0.5091552734375,2,Agricultural Land / Cropland,0.049181675024461836,0.6561744381711239,0.6603284866894924,0.07600021362304688,512,0.6561744381711239,0.23291397094726562,0.09046554565429688,D:\499_4\FINAL_INFERENCE\A7_RGBN_REVISED7_TVERSKY_FULL_AOI\tiles_geotiff\tile_r03_c11_prediction.tif,1,Built-up & Impervious,tile_r03_c11,0.15691375732421875,523264,262144,0.7420692443847656,0.0092439153813757,0.009922027587890625,0.0009727403375733855,512
15.700531005859375,58.538818359375,17.03033447265625,0.6534576416015625,7.0407867431640625,1.03607177734375,0.0,0.58538818359375,0.0103607177734375,0.3676362130790949,0.1511717539979145,0.006092526908023484,0.15700531005859375,0.018680818860078278,18.869115160323624,99.07255159829957,147,0.15700531005859375,39,0.58538818359375,250,0.1703033447265625,20,0.006534576416015625,127,0.07040786743164062,17,0.0103607177734375,0,0.0,EPSG:32647,UNLABELED_DEPLOYMENT,0.15700531005859375,0.58538818359375,2,Agricultural Land / Cropland,0.04487983121330724,0.6026303100936392,0.7288462759421841,0.07040786743164062,512,0.6026303100936392,0.24071121215820312,0.08076858520507812,D:\499_4\FINAL_INFERENCE\A7_RGBN_REVISED7_TVERSKY_FULL_AOI\tiles_geotiff\tile_r03_c12_prediction.tif,3,Tree / Woody Cover,tile_r03_c12,0.1703033447265625,523264,262144,0.8260993957519531,0.006291783240158111,0.006534576416015625,0.0004758592221135029,512
13.659286499023438,54.50859069824219,15.269088745117188,1.9199371337890625,12.563323974609375,2.07977294921875,0.0,0.5450859069824219,0.0207977294921875,0.2978193828021176,0.1520683597191237,0.0044260640900195694,0.13659286499023438,0.016312989236790608,18.869108904023186,99.08713405938398,142,0.13659286499023438,36,0.5450859069824219,230,0.15269088745117188,31,0.019199371337890625,146,0.12563323974609375,19,0.0207977294921875,0,0.0,EPSG:32647,UNLABELED_DEPLOYMENT,0.13659286499023438,0.5450859069824219,2,Agricultural Land / Cropland,0.04564235261741683,0.6715097532661505,0.6879623146355973,0.12563323974609375,512,0.6715097532661505,0.2783241271972656,0.14643096923828125,D:\499_4\FINAL_INFERENCE\A7_RGBN_REVISED7_TVERSKY_FULL_AOI\tiles_geotiff\tile_r03_c13_prediction.tif,3,Tree / Woody Cover,tile_r03_c13,0.15269088745117188,523264,262144,0.8234100341796875,0.021374593081418425,0.019199371337890625,0.0019034368884540116,512
22.449874877929688,36.61689758300781,24.374771118164062,0.81787109375,14.781951904296875,0.9586334228515625,0.0,0.3661689758300781,0.009586334228515625,0.32881790766259655,0.35162541299359873,0.003113151296477495,0.22449874877929688,0.024796278742661448,18.86910150507839,99.10171651420333,149,0.22449874877929688,31,0.3661689758300781,212,0.24374771118164062,24,0.0081787109375,125,0.14781951904296875,16,0.009586334228515625,0,0.0,EPSG:32647,UNLABELED_DEPLOYMENT,0.22449874877929688,0.3661689758300781,2,Agricultural Land / Cropland,0.05148835004892368,0.7265426043538318,0.6027752910467138,0.14781951904296875,512,0.7265426043538318,0.3915672302246094,0.15740585327148438,D:\499_4\FINAL_INFERENCE\A7_RGBN_REVISED7_TVERSKY_FULL_AOI\tiles_geotiff\tile_r03_c14_prediction.tif,3,Tree / Woody Cover,tile_r03_c14,0.24374771118164062,523264,262144,0.7577362060546875,0.012810060754418373,0.0081787109375,0.000968918175146771,512
22.42431640625,35.947418212890625,22.677230834960938,1.0395050048828125,17.006301879882812,0.9052276611328125,0.0,0.35947418212890625,0.009052276611328125,0.3224385119974613,0.3559504374861717,0.002906754525440313,0.2242431640625,0.027672455968688846,18.869092963491543,99.11629896170913,182,0.2242431640625,22,0.35947418212890625,230,0.22677230834960938,25,0.010395050048828125,132,0.17006301879882812,13,0.009052276611328125,0,0.0,EPSG:32647,UNLABELED_DEPLOYMENT,0.2242431640625,0.35947418212890625,2,Agricultural Land / Cropland,0.053829424535225046,0.7353147941280003,0.7268914228660552,0.17006301879882812,512,0.7353147941280003,0.3968353271484375,0.17911529541015625,D:\499_4\FINAL_INFERENCE\A7_RGBN_REVISED7_TVERSKY_FULL_AOI\tiles_geotiff\tile_r03_c15_prediction.tif,3,Tree / Woody Cover,tile_r03_c15,0.22677230834960938,523264,262144,0.7563095092773438,0.01650049234740436,0.010395050048828125,0.001595752813111546,512
48.913690476190474,8.57328869047619,29.30059523809524,1.6034226190476188,9.877232142857142,1.7317708333333335,0.0,0.0857328869047619,0.017317708333333334,0.16774047574759068,0.7665328488166099,0.00250694554876851,0.48913690476190474,0.04983957419342769,18.869087217317688,99.12515665529988,27,0.48913690476190474,10,0.0857328869047619,99,0.2930059523809524,7,0.01603422619047619,46,0.09877232142857142,3,0.017317708333333334,0,0.0,EPSG:32647,UNLABELED_DEPLOYMENT,0.48913690476190474,0.48913690476190474,1,Built-up & Impervious,0.07334686585035032,0.6604818855366703,0.5209453084340754,0.09877232142857142,512,0.6604818855366703,0.3917782738095238,0.11609002976190476,D:\499_4\FINAL_INFERENCE\A7_RGBN_REVISED7_TVERSKY_FULL_AOI\tiles_geotiff\tile_r03_c16_prediction.tif,3,Tree / Woody Cover,tile_r03_c16,0.2930059523809524,106903,53760,0.4775111607142857,0.025127445835104872,0.01603422619047619,0.003797835420895578,110
0.0026962483629920653,0.0,90.45759186503352,8.332948154995764,1.2067637316077344,0.0,0.0,0.0,0.0,0.0,9.885994748886662e-05,0.0,2.6962483629920654e-05,2.315618849137432e-05,18.85521904014657,98.89757038636313,1,2.6962483629920654e-05,0,0.0,8,0.9045759186503353,197,0.08332948154995763,55,0.012067637316077344,0,0.0,0,0.0,EPSG:32647,UNLABELED_DEPLOYMENT,2.6962483629920654e-05,0.9045759186503353,3,Tree / Woody Cover,0.018057967658523407,0.18057260647780538,0.3611004074588191,0.012067637316077344,512,0.18057260647780538,0.9166435559664126,0.012067637316077344,D:\499_4\FINAL_INFERENCE\A7_RGBN_REVISED7_TVERSKY_FULL_AOI\tiles_geotiff\tile_r04_c00_prediction.tif,4,Water,tile_r04_c00,0.9045759186503353,518220,259620,0.9166435559664126,0.30553372913916294,0.08332948154995763,0.015420091852881016,512
0.0,0.0,89.97154235839844,5.1074981689453125,4.92095947265625,0.0,0.0,0.0,0.0,0.0,0.0,0.0,0.0,0.0,18.855226489741028,98.9121516410768,0,0.0,0,0.0,5,0.8997154235839844,151,0.051074981689453125,104,0.0492095947265625,0,0.0,0,0.0,EPSG:32647,UNLABELED_DEPLOYMENT,0.0,0.8997154235839844,3,Tree / Woody Cover,0.021660194471624265,0.20309387037843288,0.5890591575174812,0.0492095947265625,512,0.20309387037843288,0.9489250183105469,0.0492095947265625,D:\499_4\FINAL_INFERENCE\A7_RGBN_REVISED7_TVERSKY_FULL_AOI\tiles_geotiff\tile_r04_c01_prediction.tif,4,Water,tile_r04_c01,0.8997154235839844,523264,262144,0.9489250183105469,0.1938653117395006,0.051074981689453125,0.012960952788649706,512
0.0,0.0,95.47386169433594,3.2993316650390625,1.2241363525390625,0.0026702880859375,0.0,0.0,2.6702880859375e-05,0.0,0.0,0.0,0.0,0.0,18.855232797593548,98.92673290210502,0,0.0,0,0.0,1,0.9547386169433594,115,0.032993316650390625,31,0.012241363525390625,1,2.6702880859375e-05,0,0.0,EPSG:32647,UNLABELED_DEPLOYMENT,0.0,0.9547386169433594,3,Tree / Woody Cover,0.010579745596868884,0.10840965937570822,0.3818742061913177,0.012241363525390625,512,0.10840965937570822,0.96697998046875,0.01226806640625,D:\499_4\FINAL_INFERENCE\A7_RGBN_REVISED7_TVERSKY_FULL_AOI\tiles_geotiff\tile_r04_c02_prediction.tif,4,Water,tile_r04_c02,0.9547386169433594,523264,262144,0.96697998046875,0.12761550676077604,0.032993316650390625,0.008315114359099804,512
0.823974609375,0.0041961669921875,94.27375793457031,0.426483154296875,4.471588134765625,0.0,0.0,4.1961669921875e-05,0.0,1.3830140233039856e-06,0.03254546318203211,0.0,0.00823974609375,0.0025933372064579257,18.855237963702173,98.9413141683997,35,0.00823974609375,2,4.1961669921875e-05,15,0.9427375793457031,23,0.00426483154296875,55,0.04471588134765625,0,0.0,0,0.0,EPSG:32647,UNLABELED_DEPLOYMENT,0.00823974609375,0.9427375793457031,3,Tree / Woody Cover,0.010233839897260275,0.1324729256548344,0.5293154734126031,0.04471588134765625,512,0.1324729256548344,0.9874534606933594,0.04471588134765625,D:\499_4\FINAL_INFERENCE\A7_RGBN_REVISED7_TVERSKY_FULL_AOI\tiles_geotiff\tile_r04_c03_prediction.tif,5,Grassland / Herbaceous Cover,tile_r04_c03,0.9427375793457031,523264,262144,0.9874954223632812,0.016845290665514767,0.00426483154296875,0.0012766022504892367,512
38.843536376953125,2.156829833984375,38.45100402832031,2.306365966796875,17.476654052734375,0.7656097412109375,0.0,0.02156829833984375,0.007656097412109375,0.033511559246107936,0.8689712084596977,0.00011848703522504892,0.38843536376953125,0.03586526113013699,18.8552419880653,98.95589543891273,166,0.38843536376953125,13,0.02156829833984375,247,0.3845100402832031,28,0.02306365966796875,165,0.17476654052734375,11,0.007656097412109375,0,0.0,EPSG:32647,UNLABELED_DEPLOYMENT,0.38843536376953125,0.38843536376953125,1,Built-up & Impervious,0.054844208659491196,0.6406559535758858,0.4622800040822923,0.17476654052734375,512,0.6406559535758858,0.5592765808105469,0.18242263793945312,D:\499_4\FINAL_INFERENCE\A7_RGBN_REVISED7_TVERSKY_FULL_AOI\tiles_geotiff\tile_r04_c04_prediction.tif,3,Tree / Woody Cover,tile_r04_c04,0.3845100402832031,523264,262144,0.5808448791503906,0.0515958588803187,0.02306365966796875,0.0029487983121330723,512
58.740997314453125,3.692626953125,18.621444702148438,3.6869049072265625,14.007949829101562,1.2500762939453125,0.0,0.03692626953125,0.012500762939453125,0.08676343597471714,0.7666732706129551,0.0005618578767123287,0.5874099731445312,0.03963773544520548,18.855244870681684,98.97047671259601,128,0.5874099731445312,11,0.03692626953125,352,0.18621444702148438,15,0.036869049072265625,169,0.14007949829101562,9,0.012500762939453125,0,0.0,EPSG:32647,UNLABELED_DEPLOYMENT,0.5874099731445312,0.5874099731445312,1,Built-up & Impervious,0.05534108977495108,0.6162292926417782,0.4625537470399963,0.14007949829101562,512,0.6162292926417782,0.3262939453125,0.15258026123046875,D:\499_4\FINAL_INFERENCE\A7_RGBN_REVISED7_TVERSKY_FULL_AOI\tiles_geotiff\tile_r04_c05_prediction.tif,3,Tree / Woody Cover,tile_r04_c05,0.18621444702148438,523264,262144,0.36322021484375,0.048120589926838875,0.036869049072265625,0.0024328063845401172,512
30.810546875,13.656234741210938,28.081893920898438,5.206298828125,20.267486572265625,1.9775390625,0.0,0.13656234741210938,0.019775390625,0.16830242425203323,0.5958683416247368,0.0018996147260273973,0.30810546875,0.03351272015655577,18.85524661155043,98.98505798840144,211,0.30810546875,15,0.13656234741210938,262,0.2808189392089844,6,0.05206298828125,179,0.20267486572265625,16,0.019775390625,0,0.0,EPSG:32647,UNLABELED_DEPLOYMENT,0.30810546875,0.30810546875,1,Built-up & Impervious,0.05776625183463797,0.7946041588889837,0.4290156028897946,0.20267486572265625,512,0.7946041588889837,0.4834938049316406,0.22245025634765625,D:\499_4\FINAL_INFERENCE\A7_RGBN_REVISED7_TVERSKY_FULL_AOI\tiles_geotiff\tile_r04_c06_prediction.tif,3,Tree / Woody Cover,tile_r04_c06,0.2808189392089844,523264,262144,0.62005615234375,0.10068852920085192,0.05206298828125,0.0035163894324853227,512
32.498931884765625,30.96466064453125,15.839385986328125,2.1831512451171875,11.40289306640625,7.1109771728515625,0.0,0.3096466064453125,0.07110977172851562,0.4025273588486016,0.35413798852823675,0.004622905454990215,0.32498931884765625,0.02515556201076321,18.85524721067099,98.99963926528089,116,0.32498931884765625,50,0.3096466064453125,274,0.15839385986328125,26,0.021831512451171875,129,0.1140289306640625,22,0.07110977172851562,0,0.0,EPSG:32647,UNLABELED_DEPLOYMENT,0.32498931884765625,0.32498931884765625,1,Built-up & Impervious,0.049363227739726026,0.7909997097462167,0.5079521281463085,0.1140289306640625,512,0.7909997097462167,0.27242279052734375,0.18513870239257812,D:\499_4\FINAL_INFERENCE\A7_RGBN_REVISED7_TVERSKY_FULL_AOI\tiles_geotiff\tile_r04_c07_prediction.tif,2,Agricultural Land / Cropland,tile_r04_c07,0.15839385986328125,523264,262144,0.5820693969726562,0.02378960617352277,0.021831512451171875,0.0013110017123287672,512
38.07945251464844,15.329742431640625,17.783737182617188,7.9113006591796875,16.918563842773438,3.977203369140625,0.0,0.15329742431640625,0.03977203369140625,0.23349927959498018,0.5285778496181592,0.0016855736301369863,0.3807945251464844,0.026371009662426614,18.85524666804318,99.01422054218628,128,0.3807945251464844,35,0.15329742431640625,270,0.17783737182617188,39,0.07911300659179688,185,0.16918563842773438,28,0.03977203369140625,0,0.0,EPSG:32647,UNLABELED_DEPLOYMENT,0.3807945251464844,0.3807945251464844,1,Built-up & Impervious,0.05399377751956947,0.81802391191922,0.682093027156582,0.16918563842773438,512,0.81802391191922,0.34702301025390625,0.20895767211914062,D:\499_4\FINAL_INFERENCE\A7_RGBN_REVISED7_TVERSKY_FULL_AOI\tiles_geotiff\tile_r04_c08_prediction.tif,3,Tree / Woody Cover,tile_r04_c08,0.17783737182617188,523264,262144,0.5003204345703125,0.10981613479088992,0.07911300659179688,0.005112142245596869,512
48.445892333984375,19.89898681640625,14.820480346679688,3.215789794921875,12.444305419921875,1.1745452880859375,0.0,0.1989898681640625,0.011745452880859375,0.3856096691451967,0.5283467503031716,0.0033405699608610568,0.48445892333984375,0.03137804244129159,18.855244983667184,99.02880181806948,89,0.48445892333984375,28,0.1989898681640625,324,0.14820480346679688,33,0.03215789794921875,168,0.12444305419921875,21,0.011745452880859375,0,0.0,EPSG:32647,UNLABELED_DEPLOYMENT,0.48445892333984375,0.48445892333984375,1,Built-up & Impervious,0.052812729329745595,0.7078293086041503,0.6389786019760477,0.12444305419921875,512,0.7078293086041503,0.2726478576660156,0.13618850708007812,D:\499_4\FINAL_INFERENCE\A7_RGBN_REVISED7_TVERSKY_FULL_AOI\tiles_geotiff\tile_r04_c09_prediction.tif,2,Agricultural Land / Cropland,tile_r04_c09,0.14820480346679688,523264,262144,0.4716377258300781,0.0350711279315874,0.03215789794921875,0.0034036356409001957,512
26.971054077148438,31.312942504882812,23.168182373046875,3.0834197998046875,14.3463134765625,1.1180877685546875,0.0,0.3131294250488281,0.011180877685546875,0.3378172262455337,0.40472219849471003,0.00452926247553816,0.2697105407714844,0.030562010763209392,18.855242157543504,99.0433830918824,150,0.2697105407714844,48,0.3131294250488281,271,0.23168182373046875,44,0.030834197998046875,157,0.143463134765625,10,0.011180877685546875,0,0.0,EPSG:32647,UNLABELED_DEPLOYMENT,0.2697105407714844,0.3131294250488281,2,Agricultural Land / Cropland,0.05908489787181996,0.7666866740841555,0.7008268643593666,0.143463134765625,512,0.7666866740841555,0.37514495849609375,0.15464401245117188,D:\499_4\FINAL_INFERENCE\A7_RGBN_REVISED7_TVERSKY_FULL_AOI\tiles_geotiff\tile_r04_c10_prediction.tif,1,Built-up & Impervious,tile_r04_c10,0.23168182373046875,523264,262144,0.6882743835449219,0.04626917571295053,0.030834197998046875,0.0026239145058708415,512
21.92535400390625,48.72283935546875,18.470001220703125,0.740814208984375,8.923721313476562,1.2172698974609375,0.0,0.4872283935546875,0.012172698974609375,0.4273062003776431,0.2402468256186694,0.0046515716731898235,0.2192535400390625,0.023171859711350294,18.85523818967302,99.05796436257695,133,0.2192535400390625,30,0.4872283935546875,266,0.18470001220703125,19,0.00740814208984375,141,0.08923721313476562,13,0.012172698974609375,0,0.0,EPSG:32647,UNLABELED_DEPLOYMENT,0.2192535400390625,0.4872283935546875,2,Agricultural Land / Cropland,0.0491969636741683,0.6684038228284896,0.6152955216881726,0.08923721313476562,512,0.6684038228284896,0.2739372253417969,0.101409912109375,D:\499_4\FINAL_INFERENCE\A7_RGBN_REVISED7_TVERSKY_FULL_AOI\tiles_geotiff\tile_r04_c11_prediction.tif,1,Built-up & Impervious,tile_r04_c11,0.18470001220703125,523264,262144,0.7611656188964844,0.00811746355611831,0.00740814208984375,0.0006765227495107632,512
29.052352905273438,32.843780517578125,21.599197387695312,1.2172698974609375,14.166259765625,1.1211395263671875,0.0,0.32843780517578125,0.011211395263671875,0.3816756409360096,0.4156282732146792,0.0044165086839530335,0.2905235290527344,0.028427333047945206,18.85523308005698,99.072545629105,174,0.2905235290527344,46,0.32843780517578125,257,0.21599197387695312,29,0.012172698974609375,163,0.14166259765625,17,0.011211395263671875,0,0.0,EPSG:32647,UNLABELED_DEPLOYMENT,0.2905235290527344,0.32843780517578125,2,Agricultural Land / Cropland,0.058631971624266144,0.7383014414437319,0.709255228575613,0.14166259765625,512,0.7383014414437319,0.3576545715332031,0.15287399291992188,D:\499_4\FINAL_INFERENCE\A7_RGBN_REVISED7_TVERSKY_FULL_AOI\tiles_geotiff\tile_r04_c12_prediction.tif,1,Built-up & Impervious,tile_r04_c12,0.21599197387695312,523264,262144,0.6860923767089844,0.017414485744666308,0.012172698974609375,0.0014199333414872798,512
33.45375061035156,25.60272216796875,22.59063720703125,1.4545440673828125,14.931106567382812,1.9672393798828125,0.0,0.2560272216796875,0.019672393798828125,0.3426028329413384,0.5020972234779038,0.004213934075342466,0.3345375061035156,0.033751605308219176,18.855226828696953,99.08712689041845,131,0.3345375061035156,43,0.2560272216796875,366,0.2259063720703125,21,0.014545440673828125,178,0.14931106567382812,23,0.019672393798828125,0,0.0,EPSG:32647,UNLABELED_DEPLOYMENT,0.3345375061035156,0.3345375061035156,1,Built-up & Impervious,0.061162243150684935,0.7574773662623729,0.7234057746086641,0.14931106567382812,512,0.7574773662623729,0.3752174377441406,0.16898345947265625,D:\499_4\FINAL_INFERENCE\A7_RGBN_REVISED7_TVERSKY_FULL_AOI\tiles_geotiff\tile_r04_c13_prediction.tif,2,Agricultural Land / Cropland,tile_r04_c13,0.2259063720703125,523264,262144,0.6312446594238281,0.02183081192197278,0.014545440673828125,0.0010969606164383562,512
23.469161987304688,34.69963073730469,22.0001220703125,3.2169342041015625,14.465713500976562,2.1484375,0.0,0.3469963073730469,0.021484375,0.3257485018693842,0.34232904081000015,0.0016416187622309197,0.23469161987304688,0.024423617906066536,18.855219435594883,99.1017081454692,121,0.23469161987304688,13,0.3469963073730469,208,0.220001220703125,40,0.032169342041015625,137,0.14465713500976562,19,0.021484375,0,0.0,EPSG:32647,UNLABELED_DEPLOYMENT,0.23469161987304688,0.3469963073730469,2,Agricultural Land / Cropland,0.05003401724559687,0.7776879208118094,0.5014304607912691,0.14465713500976562,512,0.7776879208118094,0.3646583557128906,0.16614151000976562,D:\499_4\FINAL_INFERENCE\A7_RGBN_REVISED7_TVERSKY_FULL_AOI\tiles_geotiff\tile_r04_c14_prediction.tif,1,Built-up & Impervious,tile_r04_c14,0.220001220703125,523264,262144,0.7116546630859375,0.04692327749216929,0.032169342041015625,0.004666860322896282,512
13.011550903320312,62.946319580078125,11.954116821289062,1.7482757568359375,7.465362548828125,2.8743743896484375,0.0,0.6294631958007812,0.028743743896484375,0.32761169655714184,0.10107101773610339,0.003984604329745597,0.13011550903320312,0.016291967343444225,18.85521090075306,99.11628939320916,115,0.13011550903320312,34,0.6294631958007812,221,0.11954116821289062,17,0.017482757568359375,85,0.07465362548828125,35,0.028743743896484375,0,0.0,EPSG:32647,UNLABELED_DEPLOYMENT,0.13011550903320312,0.6294631958007812,2,Agricultural Land / Cropland,0.039779155454990216,0.6049203798375412,0.6139580509840373,0.07465362548828125,512,0.6049203798375412,0.19419479370117188,0.10339736938476562,D:\499_4\FINAL_INFERENCE\A7_RGBN_REVISED7_TVERSKY_FULL_AOI\tiles_geotiff\tile_r04_c15_prediction.tif,1,Built-up & Impervious,tile_r04_c15,0.11954116821289062,523264,262144,0.8236579895019531,0.0135802419972606,0.017482757568359375,0.0006211013943248532,512
11.18228607398082,55.82071314844299,9.155033880105158,3.584255933646832,15.995852927018921,4.261858036805273,0.0,0.5582071314844299,0.04261858036805273,0.24968127331180484,0.1124977645166286,0.005399869658318592,0.1118228607398082,0.01577134345033051,18.855205159116792,99.12514635803743,49,0.1118228607398082,15,0.5582071314844299,73,0.09155033880105158,9,0.03584255933646832,34,0.15995852927018922,20,0.04261858036805273,0,0.0,EPSG:32647,UNLABELED_DEPLOYMENT,0.1118228607398082,0.5582071314844299,2,Agricultural Land / Cropland,0.059892002606833625,0.6867149140470498,0.5857713795077384,0.15995852927018922,512,0.6867149140470498,0.2515088680712408,0.20257710963824194,D:\499_4\FINAL_INFERENCE\A7_RGBN_REVISED7_TVERSKY_FULL_AOI\tiles_geotiff\tile_r04_c16_prediction.tif,5,Grassland / Herbaceous Cover,tile_r04_c16,0.09155033880105158,107410,54014,0.8097159995556706,0.03605888610996572,0.03584255933646832,0.004850572572386184,110
0.9677196112204723,0.004229207677165355,88.76953125,8.287709153543307,1.899298720472441,0.07151205708661418,0.0,4.229207677165355e-05,0.0007151205708661418,1.6370748836468378e-06,0.03509680195553628,1.7335295431957038e-05,0.009677196112204724,0.002640743337468122,18.841336950298643,98.8975788070981,37,0.009677196112204724,2,4.229207677165355e-05,20,0.8876953125,143,0.08287709153543307,91,0.01899298720472441,5,0.0007151205708661418,0,0.0,EPSG:32647,UNLABELED_DEPLOYMENT,0.009677196112204724,0.8876953125,3,Tree / Woody Cover,0.01883768770272665,0.22504406463071375,0.3422868830587478,0.01899298720472441,512,0.22504406463071375,0.9066882997047244,0.019708107775590553,D:\499_4\FINAL_INFERENCE\A7_RGBN_REVISED7_TVERSKY_FULL_AOI\tiles_geotiff\tile_r05_c00_prediction.tif,4,Water,tile_r05_c00,0.8876953125,519172,260096,0.9067305917814961,0.3005747568349385,0.08287709153543307,0.011547232901620273,512
0.2094268798828125,0.0,95.12977600097656,2.0839691162109375,2.57110595703125,0.0057220458984375,0.0,0.0,5.7220458984375e-05,0.0,0.008184476348105818,0.0,0.002094268798828125,0.0007414995107632094,18.84134439400667,98.91215886309139,13,0.002094268798828125,0,0.0,3,0.9512977600097656,75,0.020839691162109375,55,0.0257110595703125,1,5.7220458984375e-05,0,0.0,EPSG:32647,UNLABELED_DEPLOYMENT,0.002094268798828125,0.9512977600097656,3,Tree / Woody Cover,0.010560634784735812,0.12115991804559716,0.46345455356282794,0.0257110595703125,512,0.12115991804559716,0.9770088195800781,0.025768280029296875,D:\499_4\FINAL_INFERENCE\A7_RGBN_REVISED7_TVERSKY_FULL_AOI\tiles_geotiff\tile_r05_c01_prediction.tif,5,Grassland / Herbaceous Cover,tile_r05_c01,0.9512977600097656,523264,262144,0.9770088195800781,0.08144224825082347,0.020839691162109375,0.00560329011741683,512
0.0080108642578125,0.0,96.47941589355469,1.6971588134765625,1.8154144287109375,0.0,0.0,0.0,0.0,0.0,0.0003149706171825528,0.0,8.0108642578125e-05,5.924351761252446e-05,18.841350696874922,98.92673892539686,3,8.0108642578125e-05,0,0.0,4,0.9647941589355469,37,0.016971588134765625,67,0.018154144287109375,0,0.0,0,0.0,EPSG:32647,UNLABELED_DEPLOYMENT,8.0108642578125e-05,0.9647941589355469,3,Tree / Woody Cover,0.008162227862035226,0.09110980807725516,0.45501885711851914,0.018154144287109375,512,0.09110980807725516,0.9829483032226562,0.018154144287109375,D:\499_4\FINAL_INFERENCE\A7_RGBN_REVISED7_TVERSKY_FULL_AOI\tiles_geotiff\tile_r05_c02_prediction.tif,5,Grassland / Herbaceous Cover,tile_r05_c02,0.9647941589355469,523264,262144,0.9829483032226562,0.06672877504024655,0.016971588134765625,0.0038642062133072406,512
0.160980224609375,0.0,97.28775024414062,0.563812255859375,1.987457275390625,0.0,0.0,0.0,0.0,0.0,0.006392538081854582,0.0,0.00160980224609375,0.0009994954745596869,18.841355858901455,98.94131899296679,36,0.00160980224609375,0,0.0,1,0.9728775024414062,32,0.00563812255859375,40,0.01987457275390625,0,0.0,0,0.0,EPSG:32647,UNLABELED_DEPLOYMENT,0.00160980224609375,0.9728775024414062,3,Tree / Woody Cover,0.006772871819960861,0.07409137309360712,0.623923152792275,0.01987457275390625,512,0.07409137309360712,0.9927520751953125,0.01987457275390625,D:\499_4\FINAL_INFERENCE\A7_RGBN_REVISED7_TVERSKY_FULL_AOI\tiles_geotiff\tile_r05_c03_prediction.tif,5,Grassland / Herbaceous Cover,tile_r05_c03,0.9728775024414062,523264,262144,0.9927520751953125,0.0223890314809978,0.00563812255859375,0.001983702299412916,512
31.46514892578125,0.0537872314453125,50.95367431640625,10.641098022460938,6.75506591796875,0.1312255859375,0.0,0.000537872314453125,0.001312255859375,0.0006769692990928888,0.7263256423175335,1.7199730919765165e-05,0.3146514892578125,0.03152519569471624,18.84135988008466,98.95589906475345,140,0.3146514892578125,4,0.000537872314453125,161,0.5095367431640625,13,0.10641098022460938,123,0.0675506591796875,4,0.001312255859375,0,0.0,EPSG:32647,UNLABELED_DEPLOYMENT,0.3146514892578125,0.5095367431640625,3,Tree / Woody Cover,0.041246865826810176,0.5861478930753943,0.4416193005466839,0.0675506591796875,512,0.5861478930753943,0.57708740234375,0.0688629150390625,D:\499_4\FINAL_INFERENCE\A7_RGBN_REVISED7_TVERSKY_FULL_AOI\tiles_geotiff\tile_r05_c04_prediction.tif,1,Built-up & Impervious,tile_r05_c04,0.5095367431640625,523264,262144,0.5776252746582031,0.2456337446346879,0.10641098022460938,0.003638698630136986,512
64.7216796875,0.05340576171875,19.9615478515625,0.2681732177734375,13.339996337890625,1.6551971435546875,0.0,0.0005340576171875,0.016551971435546875,0.0013826042413711548,0.8621327504515648,5.733243639921722e-06,0.647216796875,0.043282167318982386,18.841362760423294,98.97047913970917,79,0.647216796875,4,0.0005340576171875,329,0.199615478515625,8,0.002681732177734375,187,0.13339996337890625,12,0.016551971435546875,0,0.0,EPSG:32647,UNLABELED_DEPLOYMENT,0.647216796875,0.647216796875,1,Built-up & Impervious,0.05372431506849315,0.49321321983666766,0.49766641428617264,0.13339996337890625,512,0.49321321983666766,0.33301544189453125,0.14995193481445312,D:\499_4\FINAL_INFERENCE\A7_RGBN_REVISED7_TVERSKY_FULL_AOI\tiles_geotiff\tile_r05_c05_prediction.tif,3,Tree / Woody Cover,tile_r05_c05,0.199615478515625,523264,262144,0.33354949951171875,0.003572232904843986,0.002681732177734375,0.00036883867416829744,512
66.65267944335938,0.6763458251953125,15.959548950195312,3.998565673828125,12.171554565429688,0.5413055419921875,0.0,0.006763458251953125,0.005413055419921875,0.018032104591839015,0.7500053700059652,4.3954867906066534e-05,0.6665267944335938,0.03853121942270059,18.84136449991646,98.98505921678624,52,0.6665267944335938,3,0.006763458251953125,366,0.15959548950195312,5,0.03998565673828125,211,0.12171554565429688,14,0.005413055419921875,0,0.0,EPSG:32647,UNLABELED_DEPLOYMENT,0.6665267944335938,0.6665267944335938,1,Built-up & Impervious,0.04986584209882583,0.5192303407473656,0.45764812402260874,0.12171554565429688,512,0.5192303407473656,0.28131103515625,0.12712860107421875,D:\499_4\FINAL_INFERENCE\A7_RGBN_REVISED7_TVERSKY_FULL_AOI\tiles_geotiff\tile_r05_c06_prediction.tif,3,Tree / Woody Cover,tile_r05_c06,0.15959548950195312,523264,262144,0.2880744934082031,0.044993625953793526,0.03998565673828125,0.0027844453277886495,512
56.94389343261719,0.3387451171875,26.940536499023438,0.6725311279296875,13.655853271484375,1.4484405517578125,0.0,0.003387451171875,0.014484405517578125,0.007715786341577768,0.924686597136315,0.00021021893346379647,0.5694389343261719,0.03582703950587084,18.841365098563607,98.99963929493694,85,0.5694389343261719,11,0.003387451171875,297,0.2694053649902344,14,0.006725311279296875,179,0.13655853271484375,9,0.014484405517578125,0,0.0,EPSG:32647,UNLABELED_DEPLOYMENT,0.5694389343261719,0.5694389343261719,1,Built-up & Impervious,0.048472663894324856,0.5447937378073148,0.47691747285781955,0.13655853271484375,512,0.5447937378073148,0.4059638977050781,0.15104293823242188,D:\499_4\FINAL_INFERENCE\A7_RGBN_REVISED7_TVERSKY_FULL_AOI\tiles_geotiff\tile_r05_c07_prediction.tif,3,Tree / Woody Cover,tile_r05_c07,0.2694053649902344,523264,262144,0.4093513488769531,0.010920934320893139,0.006725311279296875,0.0007969208659491194,512
58.943939208984375,6.4685821533203125,22.490310668945312,0.7541656494140625,10.47821044921875,0.8647918701171875,0.0,0.06468582153320312,0.008647918701171875,0.1525134852854535,0.777317801839672,0.0008943860078277886,0.5894393920898438,0.029105766878669274,18.84136455636457,99.01421937311356,69,0.5894393920898438,18,0.06468582153320312,250,0.22490310668945312,7,0.007541656494140625,130,0.1047821044921875,12,0.008647918701171875,0,0.0,EPSG:32647,UNLABELED_DEPLOYMENT,0.5894393920898438,0.5894393920898438,1,Built-up & Impervious,0.043767581947162425,0.5851148881868273,0.6155198327907381,0.1047821044921875,512,0.5851148881868273,0.3296852111816406,0.11343002319335938,D:\499_4\FINAL_INFERENCE\A7_RGBN_REVISED7_TVERSKY_FULL_AOI\tiles_geotiff\tile_r05_c08_prediction.tif,3,Tree / Woody Cover,tile_r05_c08,0.22490310668945312,523264,262144,0.39437103271484375,0.009945490455720574,0.007541656494140625,0.0005503913894324853,512
54.833221435546875,7.7144622802734375,15.12908935546875,1.2851715087890625,17.321014404296875,3.717041015625,0.0,0.07714462280273438,0.03717041015625,0.1692035273881629,0.7117374900262803,0.0017199730919765165,0.5483322143554688,0.032561001712328765,18.841362873319508,99.02879945026837,74,0.5483322143554688,34,0.07714462280273438,321,0.1512908935546875,10,0.012851715087890625,178,0.17321014404296875,30,0.03717041015625,0,0.0,EPSG:32647,UNLABELED_DEPLOYMENT,0.5483322143554688,0.5483322143554688,1,Built-up & Impervious,0.05291401663405088,0.6654283828555536,0.6678167380342197,0.17321014404296875,512,0.6654283828555536,0.32450103759765625,0.21038055419921875,D:\499_4\FINAL_INFERENCE\A7_RGBN_REVISED7_TVERSKY_FULL_AOI\tiles_geotiff\tile_r05_c09_prediction.tif,5,Grassland / Herbaceous Cover,tile_r05_c09,0.1512908935546875,523264,262144,0.4016456604003906,0.016681579523719847,0.012851715087890625,0.0010835830479452055,512
50.484466552734375,13.287734985351562,19.59228515625,0.234222412109375,12.839508056640625,3.5617828369140625,0.0,0.13287734985351562,0.035617828369140625,0.26832968497183174,0.6549207118805498,0.004003715141878669,0.5048446655273438,0.03319739175636008,18.84136004942894,99.0433795253537,110,0.5048446655273438,25,0.13287734985351562,311,0.1959228515625,11,0.00234222412109375,167,0.12839508056640625,23,0.035617828369140625,0,0.0,EPSG:32647,UNLABELED_DEPLOYMENT,0.5048446655273438,0.5048446655273438,1,Built-up & Impervious,0.05337458720645793,0.6830388801303093,0.610986609120075,0.12839508056640625,512,0.6830388801303093,0.32431793212890625,0.16401290893554688,D:\499_4\FINAL_INFERENCE\A7_RGBN_REVISED7_TVERSKY_FULL_AOI\tiles_geotiff\tile_r05_c10_prediction.tif,3,Tree / Woody Cover,tile_r05_c10,0.1959228515625,523264,262144,0.4571952819824219,0.0030385011341422796,0.00234222412109375,0.0005102586839530333,512
48.99406433105469,26.147842407226562,11.9537353515625,0.54473876953125,9.63897705078125,2.72064208984375,0.0,0.2614784240722656,0.0272064208984375,0.5124356292071752,0.42316589620895684,0.0070671783268101765,0.4899406433105469,0.025518667441291585,18.84135608469375,99.05795959732183,88,0.4899406433105469,49,0.2614784240722656,328,0.119537353515625,10,0.0054473876953125,162,0.0963897705078125,21,0.0272064208984375,0,0.0,EPSG:32647,UNLABELED_DEPLOYMENT,0.4899406433105469,0.4899406433105469,1,Built-up & Impervious,0.04933456152152642,0.6712356218880964,0.6804830113714035,0.0963897705078125,512,0.6712356218880964,0.2159271240234375,0.12359619140625,D:\499_4\FINAL_INFERENCE\A7_RGBN_REVISED7_TVERSKY_FULL_AOI\tiles_geotiff\tile_r05_c11_prediction.tif,2,Agricultural Land / Cropland,tile_r05_c11,0.119537353515625,523264,262144,0.4774055480957031,0.004704955033957958,0.0054473876953125,0.0005981684197651664,512
38.373565673828125,9.230804443359375,28.47747802734375,2.165985107421875,18.661880493164062,3.0902862548828125,0.0,0.09230804443359375,0.030902862548828125,0.14168755221180618,0.7235621080035344,0.0013454011741682974,0.38373565673828125,0.0400925727739726,18.84135097911516,99.07253966512502,191,0.38373565673828125,25,0.09230804443359375,300,0.2847747802734375,50,0.02165985107421875,213,0.18661880493164062,19,0.030902862548828125,0,0.0,EPSG:32647,UNLABELED_DEPLOYMENT,0.38373565673828125,0.38373565673828125,1,Built-up & Impervious,0.06804595768101761,0.744586822109456,0.6499836103220882,0.18661880493164062,512,0.744586822109456,0.4713935852050781,0.21752166748046875,D:\499_4\FINAL_INFERENCE\A7_RGBN_REVISED7_TVERSKY_FULL_AOI\tiles_geotiff\tile_r05_c12_prediction.tif,3,Tree / Woody Cover,tile_r05_c12,0.2847747802734375,523264,262144,0.5637016296386719,0.04084125941153616,0.02165985107421875,0.0035870994373776908,512
34.3414306640625,31.8878173828125,21.352386474609375,0.872039794921875,10.112762451171875,1.433563232421875,0.0,0.318878173828125,0.01433563232421875,0.43802930787205696,0.432223292067647,0.0046955265410958905,0.343414306640625,0.033247079867906065,18.84134473269476,99.0871197277156,137,0.343414306640625,34,0.318878173828125,298,0.21352386474609375,31,0.00872039794921875,204,0.10112762451171875,18,0.01433563232421875,0,0.0,EPSG:32647,UNLABELED_DEPLOYMENT,0.343414306640625,0.343414306640625,1,Built-up & Impervious,0.0583567759295499,0.7169492954224519,0.6173609678849098,0.10112762451171875,512,0.7169492954224519,0.3146514892578125,0.1154632568359375,D:\499_4\FINAL_INFERENCE\A7_RGBN_REVISED7_TVERSKY_FULL_AOI\tiles_geotiff\tile_r05_c13_prediction.tif,2,Agricultural Land / Cropland,tile_r05_c13,0.21352386474609375,523264,262144,0.6335296630859375,0.010975544806569815,0.00872039794921875,0.0013148238747553815,512
24.052047729492188,29.793930053710938,19.99969482421875,1.7795562744140625,16.904067993164062,7.470703125,0.0,0.2979393005371094,0.07470703125,0.2866420110804029,0.3550444258726202,0.00510449792074364,0.24052047729492188,0.03160928326810176,18.841337345434486,99.10169978404586,207,0.24052047729492188,42,0.2979393005371094,308,0.1999969482421875,20,0.017795562744140625,201,0.16904067993164062,41,0.07470703125,0,0.0,EPSG:32647,UNLABELED_DEPLOYMENT,0.24052047729492188,0.2979393005371094,2,Agricultural Land / Cropland,0.06615780944227005,0.8178011949334596,0.7837598560522463,0.16904067993164062,512,0.8178011949334596,0.3690376281738281,0.24374771118164062,D:\499_4\FINAL_INFERENCE\A7_RGBN_REVISED7_TVERSKY_FULL_AOI\tiles_geotiff\tile_r05_c14_prediction.tif,1,Built-up & Impervious,tile_r05_c14,0.1999969482421875,523264,262144,0.6669769287109375,0.026268929068464786,0.017795562744140625,0.0017658390410958903,512
17.350006103515625,45.435333251953125,11.8896484375,0.93994140625,16.490936279296875,7.894134521484375,0.0,0.45435333251953125,0.07894134521484375,0.31532132369466126,0.19696132722310722,0.006138392857142857,0.17350006103515625,0.022267918297455967,18.84132881733662,99.11627983306808,167,0.17350006103515625,49,0.45435333251953125,290,0.118896484375,32,0.0093994140625,160,0.16490936279296875,50,0.07894134521484375,0,0.0,EPSG:32647,UNLABELED_DEPLOYMENT,0.17350006103515625,0.45435333251953125,2,Agricultural Land / Cropland,0.05596601333170254,0.7487752843695153,0.6733406740415154,0.16490936279296875,512,0.7487752843695153,0.28380584716796875,0.2438507080078125,D:\499_4\FINAL_INFERENCE\A7_RGBN_REVISED7_TVERSKY_FULL_AOI\tiles_geotiff\tile_r05_c15_prediction.tif,1,Built-up & Impervious,tile_r05_c15,0.118896484375,523264,262144,0.7381591796875,0.010670434683561325,0.0093994140625,0.0010300727739726027,512
21.1803508254717,40.140403891509436,24.607532429245282,1.665683962264151,11.339180424528301,1.066848466981132,0.0,0.40140403891509435,0.01066848466981132,0.3400751346793197,0.30454559570616696,0.0030669162203732186,0.211803508254717,0.03485721698200619,18.84132308023721,99.1251360697705,52,0.211803508254717,11,0.40140403891509435,90,0.24607532429245282,11,0.01665683962264151,46,0.11339180424528301,7,0.01066848466981132,0,0.0,EPSG:32647,UNLABELED_DEPLOYMENT,0.211803508254717,0.40140403891509435,2,Agricultural Land / Cropland,0.07141004021273836,0.7213355168774405,0.6317614641863912,0.11339180424528301,512,0.7213355168774405,0.3594671285377358,0.12406028891509434,D:\499_4\FINAL_INFERENCE\A7_RGBN_REVISED7_TVERSKY_FULL_AOI\tiles_geotiff\tile_r05_c16_prediction.tif,3,Tree / Woody Cover,tile_r05_c16,0.24607532429245282,107926,54272,0.7608711674528302,0.02395034523865811,0.01665683962264151,0.003539462224116524,110
0.0,0.0,97.72737758366141,1.3783372293307088,0.8919783464566929,0.002306840551181102,0.0,0.0,2.3068405511811023e-05,0.0,0.0,0.0,0.0,0.0,18.827454839786714,98.8975872204732,0,0.0,0,0.0,1,0.9772737758366141,98,0.013783372293307087,54,0.008919783464566929,1,2.3068405511811023e-05,0,0.0,EPSG:32647,UNLABELED_DEPLOYMENT,0.0,0.9772737758366141,3,Tree / Woody Cover,0.007835553535244582,0.06365200115650492,0.4212951774635695,0.008919783464566929,512,0.06365200115650492,0.986193559301181,0.00894285187007874,D:\499_4\FINAL_INFERENCE\A7_RGBN_REVISED7_TVERSKY_FULL_AOI\tiles_geotiff\tile_r06_c00_prediction.tif,4,Water,tile_r06_c00,0.9772737758366141,519172,260096,0.986193559301181,0.054372291924439195,0.013783372293307087,0.00536816315209603,512
0.0064849853515625,0.0,97.56088256835938,1.134490966796875,1.2981414794921875,0.0,0.0,0.0,0.0,0.0,0.0002564397291280329,0.0,6.4849853515625e-05,4.9688111545988256e-05,18.82746227760924,98.91216607879382,2,6.4849853515625e-05,0,0.0,1,0.9756088256835938,54,0.01134490966796875,29,0.012981414794921875,0,0.0,0,0.0,EPSG:32647,UNLABELED_DEPLOYMENT,6.4849853515625e-05,0.9756088256835938,3,Tree / Woody Cover,0.0058536417563600784,0.06779586744066983,0.5233475750617235,0.012981414794921875,512,0.06779586744066983,0.9885902404785156,0.012981414794921875,D:\499_4\FINAL_INFERENCE\A7_RGBN_REVISED7_TVERSKY_FULL_AOI\tiles_geotiff\tile_r06_c01_prediction.tif,5,Grassland / Herbaceous Cover,tile_r06_c01,0.9756088256835938,523264,262144,0.9885902404785156,0.044861867907457054,0.01134490966796875,0.003470523483365949,512
0.0232696533203125,0.0,96.3287353515625,0.5802154541015625,3.067779541015625,0.0,0.0,0.0,0.0,0.0,0.0009251689771190286,0.0,0.000232696533203125,8.790973581213307e-05,18.82746857549402,98.92674494342423,1,0.000232696533203125,0,0.0,3,0.963287353515625,29,0.005802154541015625,86,0.03067779541015625,0,0.0,0,0.0,EPSG:32647,UNLABELED_DEPLOYMENT,0.000232696533203125,0.963287353515625,3,Tree / Woody Cover,0.008015074608610567,0.08980036334937071,0.39557830609742706,0.03067779541015625,512,0.08980036334937071,0.9939651489257812,0.03067779541015625,D:\499_4\FINAL_INFERENCE\A7_RGBN_REVISED7_TVERSKY_FULL_AOI\tiles_geotiff\tile_r06_c02_prediction.tif,5,Grassland / Herbaceous Cover,tile_r06_c02,0.963287353515625,523264,262144,0.9939651489257812,0.023068557609803975,0.005802154541015625,0.0019072590508806262,512
0.39215087890625,0.0,93.4417724609375,0.0041961669921875,6.14013671875,0.0217437744140625,0.0,0.0,0.000217437744140625,0.0,0.015620453283190727,0.0,0.0039215087890625,0.0012823354941291585,18.827473733439106,98.9413238133171,25,0.0039215087890625,0,0.0,5,0.934417724609375,2,4.1961669921875e-05,90,0.0614013671875,1,0.000217437744140625,0,0.0,EPSG:32647,UNLABELED_DEPLOYMENT,0.0039215087890625,0.934417724609375,3,Tree / Woody Cover,0.01170537243150685,0.13294533486457022,0.3313500689449628,0.0614013671875,512,0.13294533486457022,0.995819091796875,0.061618804931640625,D:\499_4\FINAL_INFERENCE\A7_RGBN_REVISED7_TVERSKY_FULL_AOI\tiles_geotiff\tile_r06_c03_prediction.tif,5,Grassland / Herbaceous Cover,tile_r06_c03,0.934417724609375,523264,262144,0.995819091796875,0.00016714492812752724,4.1961669921875e-05,3.439946183953033e-05,512
31.134796142578125,0.035858154296875,49.26910400390625,5.2997589111328125,11.339950561523438,2.9205322265625,0.0,0.00035858154296875,0.029205322265625,0.000446574529632926,0.7548202233156189,0.0,0.31134796142578125,0.030609787793542075,18.827477751442895,98.95590268742512,168,0.31134796142578125,2,0.00035858154296875,170,0.4926910400390625,18,0.052997589111328125,172,0.11339950561523438,19,0.029205322265625,0,0.0,EPSG:32647,UNLABELED_DEPLOYMENT,0.31134796142578125,0.4926910400390625,3,Tree / Woody Cover,0.04762414383561644,0.6272794575117588,0.5016429176647611,0.11339950561523438,512,0.6272794575117588,0.6060905456542969,0.14260482788085938,D:\499_4\FINAL_INFERENCE\A7_RGBN_REVISED7_TVERSKY_FULL_AOI\tiles_geotiff\tile_r06_c04_prediction.tif,1,Built-up & Impervious,tile_r06_c04,0.4926910400390625,523264,262144,0.6064491271972656,0.12848535081138834,0.052997589111328125,0.0023124082681017614,512
22.749710083007812,0.0125885009765625,26.7730712890625,20.142364501953125,29.790878295898438,0.5313873291015625,0.0,0.000125885009765625,0.005313873291015625,0.00011455389903858304,0.5147253816830926,3.822162426614481e-06,0.22749710083007812,0.019431873776908023,18.827480629504134,98.970481564701,161,0.22749710083007812,4,0.000125885009765625,173,0.267730712890625,50,0.20142364501953125,154,0.2979087829589844,11,0.005313873291015625,0,0.0,EPSG:32647,UNLABELED_DEPLOYMENT,0.22749710083007812,0.2979087829589844,5,Grassland / Herbaceous Cover,0.049059365826810176,0.7205442571271871,0.5451933110484787,0.2979087829589844,512,0.7205442571271871,0.5656394958496094,0.30322265625,D:\499_4\FINAL_INFERENCE\A7_RGBN_REVISED7_TVERSKY_FULL_AOI\tiles_geotiff\tile_r06_c05_prediction.tif,3,Tree / Woody Cover,tile_r06_c05,0.267730712890625,523264,262144,0.565765380859375,0.45573267608415335,0.20142364501953125,0.008745107632093933,512
62.688446044921875,6.470489501953125,15.843582153320312,0.653839111328125,13.05694580078125,1.2866973876953125,0.0,0.06470489501953125,0.012866973876953125,0.16224997281096876,0.7246916749281809,0.0018155271526418787,0.6268844604492188,0.03488678754892368,18.827482367621936,98.98506044409743,69,0.6268844604492188,14,0.06470489501953125,304,0.15843582153320312,8,0.00653839111328125,173,0.1305694580078125,16,0.012866973876953125,0,0.0,EPSG:32647,UNLABELED_DEPLOYMENT,0.6268844604492188,0.6268844604492188,1,Built-up & Impervious,0.047060374877690804,0.5737828746424092,0.49793211277720095,0.1305694580078125,512,0.5737828746424092,0.2890052795410156,0.14343643188476562,D:\499_4\FINAL_INFERENCE\A7_RGBN_REVISED7_TVERSKY_FULL_AOI\tiles_geotiff\tile_r06_c06_prediction.tif,3,Tree / Woody Cover,tile_r06_c06,0.15843582153320312,523264,262144,0.3537101745605469,0.00755851820576936,0.00653839111328125,0.0005217251712328767,512
56.88209533691406,1.055145263671875,21.870803833007812,5.196380615234375,14.291000366210938,0.7045745849609375,0.0,0.01055145263671875,0.007045745849609375,0.024007549392990768,0.8227836776059121,3.822162426614481e-05,0.5688209533691406,0.037772520181017614,18.827482965795756,98.99963932456707,84,0.5688209533691406,10,0.01055145263671875,328,0.21870803833007812,10,0.05196380615234375,209,0.14291000366210938,16,0.007045745849609375,0,0.0,EPSG:32647,UNLABELED_DEPLOYMENT,0.5688209533691406,0.5688209533691406,1,Built-up & Impervious,0.054152397260273974,0.6002367055526503,0.5632144233766213,0.14291000366210938,512,0.6002367055526503,0.3616180419921875,0.14995574951171875,D:\499_4\FINAL_INFERENCE\A7_RGBN_REVISED7_TVERSKY_FULL_AOI\tiles_geotiff\tile_r06_c07_prediction.tif,3,Tree / Woody Cover,tile_r06_c07,0.21870803833007812,523264,262144,0.37216949462890625,0.07516419934108853,0.05196380615234375,0.00416233488258317,512
63.71879577636719,3.186798095703125,23.8739013671875,1.175689697265625,7.12890625,0.9159088134765625,0.0,0.03186798095703125,0.009159088134765625,0.08122357481624931,0.7901846268214285,0.0003860384050880626,0.6371879577636719,0.03377071612035225,18.82748242402542,99.01421820506262,71,0.6371879577636719,11,0.03186798095703125,267,0.238739013671875,15,0.01175689697265625,133,0.0712890625,10,0.009159088134765625,0,0.0,EPSG:32647,UNLABELED_DEPLOYMENT,0.6371879577636719,0.6371879577636719,1,Built-up & Impervious,0.04296683891878669,0.5254411008787832,0.5443613170458576,0.0712890625,512,0.5254411008787832,0.310028076171875,0.08044815063476562,D:\499_4\FINAL_INFERENCE\A7_RGBN_REVISED7_TVERSKY_FULL_AOI\tiles_geotiff\tile_r06_c08_prediction.tif,3,Tree / Woody Cover,tile_r06_c08,0.238739013671875,523264,262144,0.34189605712890625,0.014579872600734234,0.01175689697265625,0.001158115215264188,512
78.45191955566406,3.5736083984375,8.390045166015625,2.851104736328125,4.1561126708984375,2.57720947265625,0.0,0.035736083984375,0.0257720947265625,0.1121425754390657,0.3937080661416985,0.0012326473825831703,0.7845191955566406,0.02384647137964775,18.827480742311085,99.02879708453678,26,0.7845191955566406,14,0.035736083984375,324,0.08390045166015625,12,0.02851104736328125,115,0.041561126708984375,13,0.0257720947265625,0,0.0,EPSG:32647,UNLABELED_DEPLOYMENT,0.7845191955566406,0.7845191955566406,1,Built-up & Impervious,0.03210425330234833,0.4343810522864413,0.471667814146054,0.041561126708984375,512,0.4343810522864413,0.12546157836914062,0.06733322143554688,D:\499_4\FINAL_INFERENCE\A7_RGBN_REVISED7_TVERSKY_FULL_AOI\tiles_geotiff\tile_r06_c09_prediction.tif,3,Tree / Woody Cover,tile_r06_c09,0.08390045166015625,523264,262144,0.16119766235351562,0.014308164012618363,0.02851104736328125,0.0011122492661448141,512
63.47541809082031,5.3707122802734375,16.3604736328125,0.3910064697265625,11.67144775390625,2.7309417724609375,0.0,0.053707122802734375,0.027309417724609375,0.13636328297434375,0.7117351719643921,0.0018747706702544032,0.6347541809082031,0.036696581457925634,18.82747792065328,99.0433759619422,72,0.6347541809082031,15,0.053707122802734375,333,0.163604736328125,6,0.003910064697265625,184,0.1167144775390625,8,0.027309417724609375,0,0.0,EPSG:32647,UNLABELED_DEPLOYMENT,0.6347541809082031,0.6347541809082031,1,Built-up & Impervious,0.050878715141878667,0.571682967224152,0.5745351480734724,0.1167144775390625,512,0.571682967224152,0.2803192138671875,0.14402389526367188,D:\499_4\FINAL_INFERENCE\A7_RGBN_REVISED7_TVERSKY_FULL_AOI\tiles_geotiff\tile_r06_c10_prediction.tif,3,Tree / Woody Cover,tile_r06_c10,0.163604736328125,523264,262144,0.3340263366699219,0.00438426504842937,0.003910064697265625,0.0004701259784735812,512
46.08192443847656,19.916915893554688,18.425369262695312,0.5939483642578125,12.118148803710938,2.8636932373046875,0.0,0.19916915893554688,0.028636932373046875,0.367123925301712,0.5630016366485506,0.002406051247553816,0.4608192443847656,0.030105262353228964,18.827473959052877,99.05795483623162,115,0.4608192443847656,21,0.19916915893554688,241,0.18425369262695312,12,0.005939483642578125,141,0.12118148803710938,26,0.028636932373046875,0,0.0,EPSG:32647,UNLABELED_DEPLOYMENT,0.4608192443847656,0.4608192443847656,1,Built-up & Impervious,0.049135809075342464,0.7081508864005497,0.6618553648017999,0.12118148803710938,512,0.7081508864005497,0.3054351806640625,0.14981842041015625,D:\499_4\FINAL_INFERENCE\A7_RGBN_REVISED7_TVERSKY_FULL_AOI\tiles_geotiff\tile_r06_c11_prediction.tif,2,Agricultural Land / Cropland,tile_r06_c11,0.18425369262695312,523264,262144,0.5046043395996094,0.0072565090376883745,0.005939483642578125,0.0005580357142857143,512
37.271881103515625,28.347015380859375,11.336517333984375,0.9307861328125,13.11187744140625,9.001922607421875,0.0,0.28347015380859375,0.09001922607421875,0.4226186347659677,0.3644950652960688,0.00457130626223092,0.37271881103515625,0.02618754586594912,18.827468857511104,99.07253370635767,90,0.37271881103515625,34,0.28347015380859375,368,0.11336517333984375,21,0.009307861328125,147,0.1311187744140625,43,0.09001922607421875,0,0.0,EPSG:32647,UNLABELED_DEPLOYMENT,0.37271881103515625,0.37271881103515625,1,Built-up & Impervious,0.05358862830234833,0.7701679751141083,0.713733492109874,0.1311187744140625,512,0.7701679751141083,0.24448394775390625,0.22113800048828125,D:\499_4\FINAL_INFERENCE\A7_RGBN_REVISED7_TVERSKY_FULL_AOI\tiles_geotiff\tile_r06_c12_prediction.tif,2,Agricultural Land / Cropland,tile_r06_c12,0.11336517333984375,523264,262144,0.5279541015625,0.009102490730583668,0.009307861328125,0.0012097144080234835,512
34.87663269042969,26.46331787109375,13.608169555664062,3.4366607666015625,13.912582397460938,7.70263671875,0.0,0.2646331787109375,0.0770263671875,0.3691805668640882,0.3839324628934264,0.004668771404109589,0.3487663269042969,0.02641496453033268,18.827462616029543,99.08711257127308,131,0.3487663269042969,53,0.2646331787109375,328,0.13608169555664062,42,0.034366607666015625,195,0.13912582397460938,45,0.0770263671875,0,0.0,EPSG:32647,UNLABELED_DEPLOYMENT,0.3487663269042969,0.3487663269042969,1,Built-up & Impervious,0.0603882552592955,0.8110896412254056,0.7657679795085088,0.13912582397460938,512,0.8110896412254056,0.27520751953125,0.21615219116210938,D:\499_4\FINAL_INFERENCE\A7_RGBN_REVISED7_TVERSKY_FULL_AOI\tiles_geotiff\tile_r06_c13_prediction.tif,2,Agricultural Land / Cropland,tile_r06_c13,0.13608169555664062,523264,262144,0.5398406982421875,0.037831795401871204,0.034366607666015625,0.0023754739481409003,512
16.62139892578125,39.53132629394531,17.39654541015625,2.8594970703125,20.544815063476562,3.046417236328125,0.0,0.3953132629394531,0.03046417236328125,0.2628263777587563,0.25225539528764784,0.002677424779843444,0.1662139892578125,0.02312408268101761,18.827455234610134,99.10169142993054,156,0.1662139892578125,16,0.3953132629394531,250,0.1739654541015625,34,0.028594970703125,164,0.20544815063476562,31,0.03046417236328125,0,0.0,EPSG:32647,UNLABELED_DEPLOYMENT,0.1662139892578125,0.3953132629394531,2,Agricultural Land / Cropland,0.05296943798923679,0.7721471846557654,0.6782535054554915,0.20544815063476562,512,0.7721471846557654,0.3794136047363281,0.23591232299804688,D:\499_4\FINAL_INFERENCE\A7_RGBN_REVISED7_TVERSKY_FULL_AOI\tiles_geotiff\tile_r06_c14_prediction.tif,5,Grassland / Herbaceous Cover,tile_r06_c14,0.1739654541015625,523264,262144,0.7747268676757812,0.043397283647209406,0.028594970703125,0.0026908023483365948,512
8.671951293945312,69.47174072265625,10.573196411132812,1.2298583984375,5.263519287109375,4.78973388671875,0.0,0.6947174072265625,0.0478973388671875,0.24098222074098885,0.05493409087648615,0.0027825342465753423,0.08671951293945312,0.012683846012720157,18.827446713255164,99.11627028128274,105,0.08671951293945312,38,0.6947174072265625,215,0.10573196411132812,21,0.012298583984375,115,0.05263519287109375,28,0.0478973388671875,0,0.0,EPSG:32647,UNLABELED_DEPLOYMENT,0.08671951293945312,0.6947174072265625,2,Agricultural Land / Cropland,0.03835539995107632,0.5433271495299279,0.7095220267362365,0.05263519287109375,512,0.5433271495299279,0.15836715698242188,0.10053253173828125,D:\499_4\FINAL_INFERENCE\A7_RGBN_REVISED7_TVERSKY_FULL_AOI\tiles_geotiff\tile_r06_c15_prediction.tif,3,Tree / Woody Cover,tile_r06_c15,0.10573196411132812,523264,262144,0.8530845642089844,0.0077907671220600605,0.012298583984375,0.001167670621330724,512
29.466391509433965,23.76179245283019,27.50958136792453,6.496904481132075,11.904849646226415,0.8604805424528301,0.0,0.23761792452830188,0.008604805424528301,0.280069711752403,0.4645604221538192,0.001538090914144877,0.29466391509433965,0.039953301336100665,18.827440980691886,99.12512579049567,39,0.29466391509433965,8,0.23761792452830188,65,0.2750958136792453,10,0.06496904481132075,40,0.11904849646226415,2,0.008604805424528301,0,0.0,EPSG:32647,UNLABELED_DEPLOYMENT,0.29466391509433965,0.29466391509433965,1,Built-up & Impervious,0.07142857142857142,0.7854831284435149,0.4429516132341051,0.11904849646226415,512,0.7854831284435149,0.3941443101415094,0.12765330188679244,D:\499_4\FINAL_INFERENCE\A7_RGBN_REVISED7_TVERSKY_FULL_AOI\tiles_geotiff\tile_r06_c16_prediction.tif,3,Tree / Woody Cover,tile_r06_c16,0.2750958136792453,107926,54272,0.6317622346698113,0.10242871739084332,0.06496904481132075,0.005837332987417305,110
0.17185962106299213,0.0,97.92076771653542,1.1868694635826773,0.7205031988188977,0.0,0.0,0.0,0.0,0.0,0.006780980576273896,0.0,0.0017185962106299212,0.0004468653933571148,18.813572708623703,98.89759562649122,5,0.0017185962106299212,0,0.0,3,0.9792076771653542,105,0.011868694635826772,53,0.007205031988188977,0,0.0,0,0.0,EPSG:32647,UNLABELED_DEPLOYMENT,0.0017185962106299212,0.9792076771653542,3,Tree / Woody Cover,0.0066451965822501985,0.06150434470254942,0.5582831288875028,0.007205031988188977,512,0.06150434470254942,0.9864127091535432,0.007205031988188977,D:\499_4\FINAL_INFERENCE\A7_RGBN_REVISED7_TVERSKY_FULL_AOI\tiles_geotiff\tile_r07_c00_prediction.tif,4,Water,tile_r07_c00,0.9792076771653542,519172,260096,0.9864127091535432,0.04682972491936805,0.011868694635826772,0.004173953911227878,512
0.2117156982421875,0.0,98.00300598144531,1.4728546142578125,0.3124237060546875,0.0,0.0,0.0,0.0,0.0,0.008325967937707901,0.0,0.002117156982421875,0.0005542135518590998,18.81358014056167,98.91217328818647,6,0.002117156982421875,0,0.0,1,0.9800300598144531,96,0.014728546142578125,32,0.003124237060546875,0,0.0,0,0.0,EPSG:32647,UNLABELED_DEPLOYMENT,0.002117156982421875,0.9800300598144531,3,Tree / Woody Cover,0.007076733732876712,0.058046295519840675,0.5055847055847056,0.003124237060546875,512,0.058046295519840675,0.983154296875,0.003124237060546875,D:\499_4\FINAL_INFERENCE\A7_RGBN_REVISED7_TVERSKY_FULL_AOI\tiles_geotiff\tile_r07_c01_prediction.tif,4,Water,tile_r07_c01,0.9800300598144531,523264,262144,0.983154296875,0.05792173370718956,0.014728546142578125,0.005192407656555773,512
0.0,0.0,97.02377319335938,1.213836669921875,1.76239013671875,0.0,0.0,0.0,0.0,0.0,0.0,0.0,0.0,0.0,18.813586433463765,98.92675095618912,0,0.0,0,0.0,1,0.9702377319335938,77,0.01213836669921875,69,0.0176239013671875,0,0.0,0,0.0,EPSG:32647,UNLABELED_DEPLOYMENT,0.0,0.9702377319335938,3,Tree / Woody Cover,0.008315114359099804,0.07915885596067342,0.587035978896444,0.0176239013671875,512,0.07915885596067342,0.9878616333007812,0.0176239013671875,D:\499_4\FINAL_INFERENCE\A7_RGBN_REVISED7_TVERSKY_FULL_AOI\tiles_geotiff\tile_r07_c02_prediction.tif,5,Grassland / Herbaceous Cover,tile_r07_c02,0.9702377319335938,523264,262144,0.9878616333007812,0.04796410701237619,0.01213836669921875,0.00423877813111546,512
4.8831939697265625,0.0,89.48554992675781,0.3246307373046875,5.1605224609375,0.1461029052734375,0.0,0.0,0.001461029052734375,0.0,0.184870051976759,0.0,0.048831939697265625,0.011844881360078278,18.81359158732805,98.94132862945226,121,0.048831939697265625,0,0.0,17,0.8948554992675781,12,0.003246307373046875,107,0.051605224609375,1,0.001461029052734375,0,0.0,EPSG:32647,UNLABELED_DEPLOYMENT,0.048831939697265625,0.8948554992675781,3,Tree / Woody Cover,0.021425131482387477,0.21992755195222025,0.44479707881269226,0.051605224609375,512,0.21992755195222025,0.9464607238769531,0.053066253662109375,D:\499_4\FINAL_INFERENCE\A7_RGBN_REVISED7_TVERSKY_FULL_AOI\tiles_geotiff\tile_r07_c03_prediction.tif,5,Grassland / Herbaceous Cover,tile_r07_c03,0.8948554992675781,523264,262144,0.9464607238769531,0.012290009704884142,0.003246307373046875,0.0007854543786692759,512
45.772552490234375,0.0087738037109375,41.46690368652344,2.7477264404296875,9.876251220703125,0.1277923583984375,0.0,8.7738037109375e-05,0.001277923583984375,0.00016063975635915995,0.940042901202105,7.644324853228962e-06,0.45772552490234375,0.041067224192759294,18.813595602152922,98.95590630692895,187,0.45772552490234375,5,8.7738037109375e-05,201,0.4146690368652344,18,0.027477264404296875,170,0.09876251220703125,5,0.001277923583984375,0,0.0,EPSG:32647,UNLABELED_DEPLOYMENT,0.45772552490234375,0.45772552490234375,1,Built-up & Impervious,0.05497225110078278,0.5444574785889043,0.5158004868843695,0.09876251220703125,512,0.5444574785889043,0.5134315490722656,0.10004043579101562,D:\499_4\FINAL_INFERENCE\A7_RGBN_REVISED7_TVERSKY_FULL_AOI\tiles_geotiff\tile_r07_c04_prediction.tif,3,Tree / Woody Cover,tile_r07_c04,0.4146690368652344,523264,262144,0.513519287109375,0.056430777709465474,0.027477264404296875,0.0020525012230919767,512
73.67935180664062,0.5092620849609375,20.423126220703125,0.86669921875,4.42047119140625,0.1010894775390625,0.0,0.005092620849609375,0.001010894775390625,0.015008840127848089,0.7321840615477413,0.00042043786692759293,0.7367935180664062,0.036702314701565555,18.81359847793713,98.97048398757231,60,0.7367935180664062,14,0.005092620849609375,329,0.20423126220703125,10,0.0086669921875,127,0.0442047119140625,5,0.001010894775390625,0,0.0,EPSG:32647,UNLABELED_DEPLOYMENT,0.7367935180664062,0.7367935180664062,1,Built-up & Impervious,0.042548312133072405,0.3917748081545913,0.542274939309024,0.0442047119140625,512,0.3917748081545913,0.24843597412109375,0.045215606689453125,D:\499_4\FINAL_INFERENCE\A7_RGBN_REVISED7_TVERSKY_FULL_AOI\tiles_geotiff\tile_r07_c05_prediction.tif,3,Tree / Woody Cover,tile_r07_c05,0.20423126220703125,523264,262144,0.2535285949707031,0.008612770587205887,0.0086669921875,0.0007319441046966732,512
77.70919799804688,1.4812469482421875,11.133193969726562,0.3864288330078125,8.802413940429688,0.487518310546875,0.0,0.014812469482421875,0.00487518310546875,0.046042604953981936,0.6196720409207046,0.0008446978962818003,0.7770919799804688,0.028190358977495108,18.813600214679788,98.98506167033538,53,0.7770919799804688,5,0.014812469482421875,274,0.11133193969726562,10,0.003864288330078125,101,0.08802413940429688,14,0.00487518310546875,0,0.0,EPSG:32647,UNLABELED_DEPLOYMENT,0.7770919799804688,0.7770919799804688,1,Built-up & Impervious,0.03475492294520548,0.3926744867658555,0.4759479479258026,0.08802413940429688,512,0.3926744867658555,0.1993560791015625,0.09289932250976562,D:\499_4\FINAL_INFERENCE\A7_RGBN_REVISED7_TVERSKY_FULL_AOI\tiles_geotiff\tile_r07_c06_prediction.tif,3,Tree / Woody Cover,tile_r07_c06,0.11133193969726562,523264,262144,0.21416854858398438,0.003081477480009198,0.003864288330078125,0.000508347602739726,512
70.22666931152344,0.3688812255859375,10.901641845703125,4.7740936279296875,12.79296875,0.9357452392578125,0.0,0.003688812255859375,0.009357452392578125,0.010362119937781245,0.6655974331079051,0.00014333109099804304,0.7022666931152344,0.027049443493150686,18.813600812380358,98.9996393541713,62,0.7022666931152344,11,0.003688812255859375,288,0.10901641845703125,8,0.047740936279296875,162,0.1279296875,15,0.009357452392578125,0,0.0,EPSG:32647,UNLABELED_DEPLOYMENT,0.7022666931152344,0.7022666931152344,1,Built-up & Impervious,0.038345844545009784,0.49461908996055953,0.5145084200900917,0.1279296875,512,0.49461908996055953,0.23694610595703125,0.13728713989257812,D:\499_4\FINAL_INFERENCE\A7_RGBN_REVISED7_TVERSKY_FULL_AOI\tiles_geotiff\tile_r07_c07_prediction.tif,5,Grassland / Herbaceous Cover,tile_r07_c07,0.10901641845703125,523264,262144,0.24063491821289062,0.04524811578448862,0.047740936279296875,0.0024920499021526417,512
66.42608642578125,6.09130859375,16.421127319335938,0.901031494140625,7.730865478515625,2.4295806884765625,0.0,0.0609130859375,0.024295806884765625,0.16184871643781662,0.6417289443779737,0.00114282656555773,0.6642608642578125,0.026273544520547944,18.813600271038652,99.0142170380331,68,0.6642608642578125,20,0.0609130859375,257,0.16421127319335938,30,0.00901031494140625,132,0.07730865478515625,19,0.024295806884765625,0,0.0,EPSG:32647,UNLABELED_DEPLOYMENT,0.6642608642578125,0.6642608642578125,1,Built-up & Impervious,0.03967977923189824,0.5496202795872851,0.48858986791065434,0.07730865478515625,512,0.5496202795872851,0.24151992797851562,0.10160446166992188,D:\499_4\FINAL_INFERENCE\A7_RGBN_REVISED7_TVERSKY_FULL_AOI\tiles_geotiff\tile_r07_c08_prediction.tif,3,Tree / Woody Cover,tile_r07_c08,0.16421127319335938,523264,262144,0.3024330139160156,0.008704682462848723,0.00901031494140625,0.000603901663405088,512
71.07658386230469,1.0768890380859375,13.305282592773438,0.31585693359375,11.898422241210938,2.32696533203125,0.0,0.010768890380859375,0.0232696533203125,0.030616637610364705,0.7165572961093858,0.00017964163405088062,0.7107658386230469,0.03166661570450098,18.813598590654834,99.02879472087389,57,0.7107658386230469,12,0.010768890380859375,350,0.13305282592773438,7,0.0031585693359375,146,0.11898422241210938,15,0.0232696533203125,0,0.0,EPSG:32647,UNLABELED_DEPLOYMENT,0.7107658386230469,0.7107658386230469,1,Built-up & Impervious,0.0414914842221135,0.47217545616654455,0.5468890043835736,0.11898422241210938,512,0.47217545616654455,0.25203704833984375,0.14225387573242188,D:\499_4\FINAL_INFERENCE\A7_RGBN_REVISED7_TVERSKY_FULL_AOI\tiles_geotiff\tile_r07_c09_prediction.tif,3,Tree / Woody Cover,tile_r07_c09,0.13305282592773438,523264,262144,0.2628059387207031,0.0031843059696257114,0.0031585693359375,0.00037457191780821916,512
39.17274475097656,13.887405395507812,22.4761962890625,1.9405364990234375,20.309066772460938,2.21405029296875,0.0,0.13887405395507812,0.0221405029296875,0.2176031147246249,0.6704064756049775,0.0015173984833659491,0.3917274475097656,0.030846761863992173,18.813595771229437,99.04337240164674,104,0.3917274475097656,26,0.13887405395507812,292,0.224761962890625,23,0.019405364990234375,146,0.20309066772460938,22,0.0221405029296875,0,0.0,EPSG:32647,UNLABELED_DEPLOYMENT,0.3917274475097656,0.3917274475097656,1,Built-up & Impervious,0.0546607448630137,0.751011873160405,0.6408838323830348,0.20309066772460938,512,0.751011873160405,0.4278526306152344,0.22523117065429688,D:\499_4\FINAL_INFERENCE\A7_RGBN_REVISED7_TVERSKY_FULL_AOI\tiles_geotiff\tile_r07_c10_prediction.tif,3,Tree / Woody Cover,tile_r07_c10,0.224761962890625,523264,262144,0.5667266845703125,0.0332105458364822,0.019405364990234375,0.00217481042074364,512
43.80035400390625,28.12957763671875,10.291290283203125,1.4644622802734375,10.311126708984375,6.0031890869140625,0.0,0.2812957763671875,0.060031890869140625,0.4928341833874583,0.36095726303756237,0.006314212328767123,0.4380035400390625,0.027402993517612523,18.813591812763317,99.05795007930473,114,0.4380035400390625,45,0.2812957763671875,333,0.10291290283203125,19,0.014644622802734375,174,0.10311126708984375,49,0.060031890869140625,0,0.0,EPSG:32647,UNLABELED_DEPLOYMENT,0.4380035400390625,0.4380035400390625,1,Built-up & Impervious,0.05301912610078278,0.7283769986960338,0.6459458274068983,0.10311126708984375,512,0.7283769986960338,0.206024169921875,0.16314315795898438,D:\499_4\FINAL_INFERENCE\A7_RGBN_REVISED7_TVERSKY_FULL_AOI\tiles_geotiff\tile_r07_c11_prediction.tif,2,Agricultural Land / Cropland,tile_r07_c11,0.10291290283203125,523264,262144,0.4873199462890625,0.012068585027009249,0.014644622802734375,0.0008599865459882583,512
40.259552001953125,23.624801635742188,13.930130004882812,1.5361785888671875,14.846038818359375,5.8032989501953125,0.0,0.23624801635742188,0.058032989501953125,0.38044957199599594,0.46340626606252044,0.002889554794520548,0.40259552001953125,0.03008424045988258,18.813586715257724,99.07252775280097,96,0.40259552001953125,28,0.23624801635742188,346,0.13930130004882812,20,0.015361785888671875,187,0.14846038818359375,31,0.058032989501953125,0,0.0,EPSG:32647,UNLABELED_DEPLOYMENT,0.40259552001953125,0.40259552001953125,1,Built-up & Impervious,0.05343574180528376,0.7679071486240759,0.6472032567330002,0.14846038818359375,512,0.7679071486240759,0.2877616882324219,0.20649337768554688,D:\499_4\FINAL_INFERENCE\A7_RGBN_REVISED7_TVERSKY_FULL_AOI\tiles_geotiff\tile_r07_c12_prediction.tif,2,Agricultural Land / Cropland,tile_r07_c12,0.13930130004882812,523264,262144,0.5240097045898438,0.017682133766356856,0.015361785888671875,0.001389356042074364,512
24.908828735351562,33.38050842285156,14.27001953125,2.022552490234375,16.55120849609375,8.86688232421875,0.0,0.3338050842285156,0.0886688232421875,0.33258774696150795,0.3070882761385292,0.0035030118639921724,0.24908828735351562,0.027106775929549902,18.81358047871422,99.08710542108852,140,0.24908828735351562,47,0.3338050842285156,336,0.1427001953125,25,0.02022552490234375,225,0.1655120849609375,47,0.0886688232421875,0,0.0,EPSG:32647,UNLABELED_DEPLOYMENT,0.24908828735351562,0.3338050842285156,2,Agricultural Land / Cropland,0.06019714713796478,0.8128556050397676,0.7915573187974712,0.1655120849609375,512,0.8128556050397676,0.3082122802734375,0.254180908203125,D:\499_4\FINAL_INFERENCE\A7_RGBN_REVISED7_TVERSKY_FULL_AOI\tiles_geotiff\tile_r07_c13_prediction.tif,1,Built-up & Impervious,tile_r07_c13,0.1427001953125,523264,262144,0.6420173645019531,0.024935020599514246,0.02022552490234375,0.001912992294520548,512
20.365524291992188,26.484298706054688,20.93963623046875,3.2558441162109375,20.59478759765625,8.359909057617188,0.0,0.2648429870605469,0.08359909057617188,0.2157466514618136,0.33834812697023153,0.0014753546966731897,0.20365524291992188,0.026072880993150686,18.813573103134754,99.10168308312048,151,0.20365524291992188,27,0.2648429870605469,268,0.2093963623046875,36,0.032558441162109375,180,0.2059478759765625,41,0.08359909057617188,0,0.0,EPSG:32647,UNLABELED_DEPLOYMENT,0.20365524291992188,0.2648429870605469,2,Agricultural Land / Cropland,0.05796691536203522,0.8467770574977923,0.623184636236023,0.2059478759765625,512,0.8467770574977923,0.41534423828125,0.2895469665527344,D:\499_4\FINAL_INFERENCE\A7_RGBN_REVISED7_TVERSKY_FULL_AOI\tiles_geotiff\tile_r07_c14_prediction.tif,3,Tree / Woody Cover,tile_r07_c14,0.2093963623046875,523264,262144,0.6801872253417969,0.05409184377640486,0.032558441162109375,0.003097862646771037,512
16.949462890625,37.709808349609375,26.610946655273438,1.316070556640625,11.855316162109375,5.5583953857421875,0.0,0.37709808349609375,0.055583953857421875,0.25566439889371395,0.2607929976657033,0.001721884173189824,0.16949462890625,0.022707466976516634,18.8135645885216,99.11626073784993,150,0.16949462890625,27,0.37709808349609375,218,0.2661094665527344,35,0.01316070556640625,115,0.11855316162109375,20,0.055583953857421875,0,0.0,EPSG:32647,UNLABELED_DEPLOYMENT,0.16949462890625,0.37709808349609375,2,Agricultural Land / Cropland,0.05144248409980431,0.7663866919390016,0.6503868820831308,0.11855316162109375,512,0.7663866919390016,0.3846626281738281,0.17413711547851562,D:\499_4\FINAL_INFERENCE\A7_RGBN_REVISED7_TVERSKY_FULL_AOI\tiles_geotiff\tile_r07_c15_prediction.tif,3,Tree / Woody Cover,tile_r07_c15,0.2661094665527344,523264,262144,0.7617607116699219,0.02024972636718303,0.01316070556640625,0.0017104176859099804,512
15.947676545920233,48.100987925356755,24.976216611781922,2.5265276253201607,8.443102817416758,0.00548847420417124,0.0,0.48100987925356753,5.4884742041712396e-05,0.3068395987891217,0.21318419865665925,0.002318285940331736,0.15947676545920234,0.021030165315866458,18.813558860493746,99.12511552020958,29,0.15947676545920234,5,0.48100987925356753,48,0.2497621661178192,8,0.02526527625320161,34,0.08443102817416757,1,5.4884742041712396e-05,0,0.0,EPSG:32647,UNLABELED_DEPLOYMENT,0.15947676545920234,0.48100987925356753,2,Agricultural Land / Cropland,0.04832522239905797,0.6647091461190752,0.3981662535706522,0.08443102817416757,512,0.6647091461190752,0.3341931942919868,0.08448591291620929,D:\499_4\FINAL_INFERENCE\A7_RGBN_REVISED7_TVERSKY_FULL_AOI\tiles_geotiff\tile_r07_c16_prediction.tif,3,Tree / Woody Cover,tile_r07_c16,0.2497621661178192,108701,54660,0.8152030735455543,0.0337739335029077,0.02526527625320161,0.00357862393170256,110
1.2688105189227776,0.07560667641493865,97.03215010803696,0.29436711071196925,1.3290655859133633,0.0,0.0,0.0007560667641493865,0.0,3.837221853442593e-05,0.049920698050606546,7.690873048681304e-05,0.012688105189227776,0.0030763492194725217,18.79969055682254,98.89760402515493,38,0.012688105189227776,2,0.0007560667641493865,3,0.9703215010803696,50,0.0029436711071196926,82,0.013290655859133632,0,0.0,0,0.0,EPSG:32647,UNLABELED_DEPLOYMENT,0.012688105189227776,0.9703215010803696,3,Tree / Woody Cover,0.00825999765428372,0.08461786981753429,0.4926604547699457,0.013290655859133632,512,0.08461786981753429,0.9836121569395032,0.013290655859133632,D:\499_4\FINAL_INFERENCE\A7_RGBN_REVISED7_TVERSKY_FULL_AOI\tiles_geotiff\tile_r08_c00_prediction.tif,5,Grassland / Herbaceous Cover,tile_r08_c00,0.9703215010803696,520097,260559,0.9843682237036526,0.011581722747977984,0.0029436711071196926,0.001161321830350877,512
0.8983612060546875,0.0,98.62213134765625,0.2933502197265625,0.1861572265625,0.0,0.0,0.0,0.0,0.0,0.0355062133166939,0.0,0.008983612060546875,0.0006574119373776908,18.79969798287687,98.91218049127173,4,0.008983612060546875,0,0.0,2,0.9862213134765625,24,0.002933502197265625,30,0.001861572265625,0,0.0,0,0.0,EPSG:32647,UNLABELED_DEPLOYMENT,0.008983612060546875,0.9862213134765625,3,Tree / Woody Cover,0.0027271128913894326,0.043592263830123726,0.37472952708156987,0.001861572265625,512,0.043592263830123726,0.9880828857421875,0.001861572265625,D:\499_4\FINAL_INFERENCE\A7_RGBN_REVISED7_TVERSKY_FULL_AOI\tiles_geotiff\tile_r08_c01_prediction.tif,1,Built-up & Impervious,tile_r08_c01,0.9862213134765625,523264,262144,0.9880828857421875,0.011594173265621066,0.002933502197265625,0.0011065160225048924,512
1.0898590087890625,0.0,97.7508544921875,0.4695892333984375,0.64544677734375,0.04425048828125,0.0,0.0,0.0004425048828125,0.0,0.04289523814804852,0.0,0.010898590087890625,0.001802149584148728,18.79970427079708,98.92675696369353,18,0.010898590087890625,0,0.0,5,0.977508544921875,44,0.004695892333984375,44,0.0064544677734375,2,0.0004425048828125,0,0.0,EPSG:32647,UNLABELED_DEPLOYMENT,0.010898590087890625,0.977508544921875,3,Tree / Woody Cover,0.005826886619373777,0.06815880773692491,0.40962894859252347,0.0064544677734375,512,0.06815880773692491,0.9839630126953125,0.00689697265625,D:\499_4\FINAL_INFERENCE\A7_RGBN_REVISED7_TVERSKY_FULL_AOI\tiles_geotiff\tile_r08_c02_prediction.tif,1,Built-up & Impervious,tile_r08_c02,0.977508544921875,523264,262144,0.9839630126953125,0.018482337472960353,0.004695892333984375,0.0018785928326810176,512
6.568145751953125,0.0,88.39645385742188,1.8756866455078125,3.0605316162109375,0.09918212890625,0.0,0.0,0.0009918212890625,0.0,0.240281124250032,0.0,0.06568145751953125,0.01108235995596869,18.799709420581213,98.94133344137384,98,0.06568145751953125,0,0.0,23,0.8839645385742188,17,0.018756866455078125,67,0.030605316162109375,3,0.0009918212890625,0,0.0,EPSG:32647,UNLABELED_DEPLOYMENT,0.06568145751953125,0.8839645385742188,3,Tree / Woody Cover,0.018357846135029353,0.24462670584018348,0.5253596885484957,0.030605316162109375,512,0.24462670584018348,0.9145698547363281,0.031597137451171875,D:\499_4\FINAL_INFERENCE\A7_RGBN_REVISED7_TVERSKY_FULL_AOI\tiles_geotiff\tile_r08_c03_prediction.tif,1,Built-up & Impervious,tile_r08_c03,0.8839645385742188,523264,262144,0.9145698547363281,0.06861785851651803,0.018756866455078125,0.0015135763209393346,512
71.630859375,0.0,20.053863525390625,1.96380615234375,6.1981201171875,0.153350830078125,0.0,0.0,0.00153350830078125,0.0,0.7521808594465256,0.0,0.71630859375,0.04008492844911937,18.799713432227666,98.95590992326613,96,0.71630859375,0,0.0,286,0.20053863525390625,19,0.0196380615234375,106,0.061981201171875,8,0.00153350830078125,0,0.0,EPSG:32647,UNLABELED_DEPLOYMENT,0.71630859375,0.71630859375,1,Built-up & Impervious,0.0446849009295499,0.4217527636403108,0.5377547265810771,0.061981201171875,512,0.4217527636403108,0.26251983642578125,0.06351470947265625,D:\499_4\FINAL_INFERENCE\A7_RGBN_REVISED7_TVERSKY_FULL_AOI\tiles_geotiff\tile_r08_c04_prediction.tif,3,Tree / Woody Cover,tile_r08_c04,0.20053863525390625,523264,262144,0.26251983642578125,0.020621522795408964,0.0196380615234375,0.0005962573385518591,512
87.79373168945312,0.0,8.676528930664062,0.164031982421875,3.1284332275390625,0.237274169921875,0.0,0.0,0.00237274169921875,0.0,0.41456067212857306,0.0,0.8779373168945312,0.024339530332681016,18.799716305735213,98.97048640832386,30,0.8779373168945312,0,0.0,278,0.08676528930664062,10,0.00164031982421875,89,0.031284332275390625,4,0.00237274169921875,0,0.0,EPSG:32647,UNLABELED_DEPLOYMENT,0.8779373168945312,0.8779373168945312,1,Built-up & Impervious,0.026944334026418788,0.23620829127628554,0.5094763436958031,0.031284332275390625,512,0.23620829127628554,0.11804962158203125,0.033657073974609375,D:\499_4\FINAL_INFERENCE\A7_RGBN_REVISED7_TVERSKY_FULL_AOI\tiles_geotiff\tile_r08_c05_prediction.tif,3,Tree / Woody Cover,tile_r08_c05,0.08676528930664062,523264,262144,0.11804962158203125,0.0007745565380901098,0.00164031982421875,2.866621819960861e-05,512
92.87643432617188,0.260162353515625,3.5831451416015625,1.1226654052734375,2.0595550537109375,0.0980377197265625,0.0,0.00260162353515625,0.000980377197265625,0.009665180696174502,0.20962954964488745,0.0001700862279843444,0.9287643432617188,0.013314502813111546,18.799718041102942,98.98506289550053,11,0.9287643432617188,1,0.00260162353515625,190,0.035831451416015625,14,0.011226654052734375,50,0.020595550537109375,4,0.000980377197265625,0,0.0,EPSG:32647,UNLABELED_DEPLOYMENT,0.9287643432617188,0.9287643432617188,1,Built-up & Impervious,0.016439120596868886,0.17501290270626044,0.4899030626699978,0.020595550537109375,512,0.17501290270626044,0.056427001953125,0.021575927734375,D:\499_4\FINAL_INFERENCE\A7_RGBN_REVISED7_TVERSKY_FULL_AOI\tiles_geotiff\tile_r08_c06_prediction.tif,3,Tree / Woody Cover,tile_r08_c06,0.035831451416015625,523264,262144,0.05902862548828125,0.002533945720642805,0.011226654052734375,2.866621819960861e-05,512
82.65838623046875,0.0,7.45391845703125,5.7193756103515625,3.35845947265625,0.8098602294921875,0.0,0.0,0.008098602294921875,0.0,0.3574934843927622,0.0,0.8265838623046875,0.021499663649706457,18.799718638330333,98.99963938374962,24,0.8265838623046875,0,0.0,267,0.0745391845703125,14,0.057193756103515625,88,0.0335845947265625,11,0.008098602294921875,0,0.0,EPSG:32647,UNLABELED_DEPLOYMENT,0.8265838623046875,0.8265838623046875,1,Built-up & Impervious,0.028274446550880628,0.3430734107586717,0.5716836670562258,0.0335845947265625,512,0.3430734107586717,0.108123779296875,0.041683197021484375,D:\499_4\FINAL_INFERENCE\A7_RGBN_REVISED7_TVERSKY_FULL_AOI\tiles_geotiff\tile_r08_c07_prediction.tif,3,Tree / Woody Cover,tile_r08_c07,0.0745391845703125,523264,262144,0.108123779296875,0.024736020248383284,0.057193756103515625,0.0014887322651663405,512
77.48527526855469,0.395965576171875,13.628768920898438,0.67291259765625,7.0323944091796875,0.7846832275390625,0.0,0.00395965576171875,0.007846832275390625,0.012272600666619837,0.6403743711998686,1.1466487279843444e-05,0.7748527526855469,0.03172777030332681,18.79971809741719,99.01421587202458,53,0.7748527526855469,6,0.00395965576171875,277,0.13628768920898438,17,0.0067291259765625,128,0.07032394409179688,16,0.007846832275390625,0,0.0,EPSG:32647,UNLABELED_DEPLOYMENT,0.7748527526855469,0.7748527526855469,1,Built-up & Impervious,0.03796936154598826,0.3851935894867591,0.5450904102365756,0.07032394409179688,512,0.3851935894867591,0.20661163330078125,0.0781707763671875,D:\499_4\FINAL_INFERENCE\A7_RGBN_REVISED7_TVERSKY_FULL_AOI\tiles_geotiff\tile_r08_c08_prediction.tif,3,Tree / Woody Cover,tile_r08_c08,0.13628768920898438,523264,262144,0.2105712890625,0.005561262834817171,0.0067291259765625,0.00046439273483365947,512
66.77932739257812,4.0424346923828125,13.982391357421875,4.8603057861328125,9.131240844726562,1.2042999267578125,0.0,0.040424346923828125,0.012042999267578125,0.10798042791429907,0.6174051248235628,0.0017448171477495108,0.6677932739257812,0.026231500733855186,18.799716418363683,99.02879235927894,65,0.6677932739257812,32,0.040424346923828125,214,0.13982391357421875,43,0.048603057861328125,134,0.09131240844726562,15,0.012042999267578125,0,0.0,EPSG:32647,UNLABELED_DEPLOYMENT,0.6677932739257812,0.6677932739257812,1,Built-up & Impervious,0.0415430834148728,0.5617797447857361,0.614266067702811,0.09131240844726562,512,0.5617797447857361,0.23113632202148438,0.10335540771484375,D:\499_4\FINAL_INFERENCE\A7_RGBN_REVISED7_TVERSKY_FULL_AOI\tiles_geotiff\tile_r08_c09_prediction.tif,3,Tree / Woody Cover,tile_r08_c09,0.13982391357421875,523264,262144,0.2715606689453125,0.0449357281322591,0.048603057861328125,0.003042441291585127,512
42.87528991699219,15.143585205078125,22.7203369140625,3.0208587646484375,13.301849365234375,2.938079833984375,0.0,0.15143585205078125,0.02938079833984375,0.2597142424201593,0.6177846720675007,0.003342481042074364,0.4287528991699219,0.037342526908023484,18.79971360117033,99.04336884446612,108,0.4287528991699219,26,0.15143585205078125,358,0.227203369140625,27,0.030208587646484375,203,0.13301849365234375,16,0.02938079833984375,0,0.0,EPSG:32647,UNLABELED_DEPLOYMENT,0.4287528991699219,0.4287528991699219,1,Built-up & Impervious,0.06251911081213307,0.7520054283879725,0.5920255400838125,0.13301849365234375,512,0.7520054283879725,0.36022186279296875,0.1623992919921875,D:\499_4\FINAL_INFERENCE\A7_RGBN_REVISED7_TVERSKY_FULL_AOI\tiles_geotiff\tile_r08_c10_prediction.tif,3,Tree / Woody Cover,tile_r08_c10,0.227203369140625,523264,262144,0.51165771484375,0.04352717485744506,0.030208587646484375,0.002035301492172211,512
33.84552001953125,32.39555358886719,18.933868408203125,1.5705108642578125,9.515380859375,3.739166259765625,0.0,0.3239555358886719,0.03739166259765625,0.43857774301432073,0.3851518542505801,0.004382109222113503,0.3384552001953125,0.02320817025440313,18.799709645838014,99.05794532653964,104,0.3384552001953125,32,0.3239555358886719,227,0.18933868408203125,39,0.015705108642578125,118,0.09515380859375,18,0.03739166259765625,0,0.0,EPSG:32647,UNLABELED_DEPLOYMENT,0.3384552001953125,0.3384552001953125,1,Built-up & Impervious,0.047287793542074366,0.7497054635764764,0.615297352059835,0.09515380859375,512,0.7497054635764764,0.28449249267578125,0.13254547119140625,D:\499_4\FINAL_INFERENCE\A7_RGBN_REVISED7_TVERSKY_FULL_AOI\tiles_geotiff\tile_r08_c11_prediction.tif,2,Agricultural Land / Cropland,tile_r08_c11,0.18933868408203125,523264,262144,0.6084480285644531,0.017871942021884024,0.015705108642578125,0.002249342588062622,512
41.788482666015625,21.05255126953125,12.625503540039062,1.3347625732421875,16.485214233398438,6.7134857177734375,0.0,0.2105255126953125,0.06713485717773438,0.35190166952088475,0.4865970900282264,0.004143224070450098,0.41788482666015625,0.027991606531311154,18.79970455236795,99.07252180445295,91,0.41788482666015625,60,0.2105255126953125,318,0.12625503540039062,22,0.013347625732421875,154,0.16485214233398438,33,0.06713485717773438,0,0.0,EPSG:32647,UNLABELED_DEPLOYMENT,0.41788482666015625,0.41788482666015625,1,Built-up & Impervious,0.05343574180528376,0.7657406266079,0.5887607164495119,0.16485214233398438,512,0.7657406266079,0.291107177734375,0.23198699951171875,D:\499_4\FINAL_INFERENCE\A7_RGBN_REVISED7_TVERSKY_FULL_AOI\tiles_geotiff\tile_r08_c12_prediction.tif,2,Agricultural Land / Cropland,tile_r08_c12,0.12625503540039062,523264,262144,0.5016326904296875,0.015542358625680208,0.013347625732421875,0.0011122492661448141,512
15.636825561523438,27.83966064453125,19.936752319335938,13.323974609375,17.135238647460938,6.1275482177734375,0.0,0.2783966064453125,0.061275482177734375,0.17412956687621772,0.23187530238647014,0.0018250825587084148,0.15636825561523438,0.019611515410958905,18.799698320761724,99.08709827715954,149,0.15636825561523438,33,0.2783966064453125,211,0.19936752319335938,38,0.13323974609375,179,0.17135238647460938,37,0.061275482177734375,0,0.0,EPSG:32647,UNLABELED_DEPLOYMENT,0.15636825561523438,0.2783966064453125,2,Agricultural Land / Cropland,0.05565068493150685,0.878545795471538,0.776809221640705,0.17135238647460938,512,0.878545795471538,0.37071990966796875,0.23262786865234375,D:\499_4\FINAL_INFERENCE\A7_RGBN_REVISED7_TVERSKY_FULL_AOI\tiles_geotiff\tile_r08_c13_prediction.tif,3,Tree / Woody Cover,tile_r08_c13,0.19936752319335938,523264,262144,0.6491165161132812,0.19757850654423237,0.13323974609375,0.006023727984344422,512
23.430252075195312,29.994583129882812,18.906402587890625,1.2584686279296875,21.828460693359375,4.5818328857421875,0.0,0.2999458312988281,0.045818328857421875,0.28111225744942203,0.38177124597132206,0.0021920101516634052,0.23430252075195312,0.024096823018590997,18.79969095102127,99.10167474361293,140,0.23430252075195312,38,0.2999458312988281,275,0.18906402587890625,23,0.012584686279296875,145,0.21828460693359375,34,0.045818328857421875,0,0.0,EPSG:32647,UNLABELED_DEPLOYMENT,0.23430252075195312,0.2999458312988281,2,Agricultural Land / Cropland,0.053605828033268105,0.7937917060652546,0.6978802404683391,0.21828460693359375,512,0.7937917060652546,0.4073486328125,0.2641029357910156,D:\499_4\FINAL_INFERENCE\A7_RGBN_REVISED7_TVERSKY_FULL_AOI\tiles_geotiff\tile_r08_c14_prediction.tif,1,Built-up & Impervious,tile_r08_c14,0.18906402587890625,523264,262144,0.7072944641113281,0.020505419000983238,0.012584686279296875,0.0015995749755381605,512
17.061233520507812,30.599212646484375,20.935440063476562,5.658721923828125,23.775482177734375,1.96990966796875,0.0,0.30599212646484375,0.0196990966796875,0.20882412500213832,0.30512939410982653,0.0021786325831702545,0.17061233520507812,0.019202544031311154,18.79968244314887,99.11625120276656,118,0.17061233520507812,54,0.30599212646484375,257,0.20935440063476562,42,0.05658721923828125,126,0.23775482177734375,22,0.0196990966796875,0,0.0,EPSG:32647,UNLABELED_DEPLOYMENT,0.17061233520507812,0.30599212646484375,2,Agricultural Land / Cropland,0.05275539689334638,0.8082846297960362,0.6808209775602991,0.23775482177734375,512,0.8082846297960362,0.4471092224121094,0.25745391845703125,D:\499_4\FINAL_INFERENCE\A7_RGBN_REVISED7_TVERSKY_FULL_AOI\tiles_geotiff\tile_r08_c15_prediction.tif,5,Grassland / Herbaceous Cover,tile_r08_c15,0.20935440063476562,523264,262144,0.7531013488769531,0.10120267036836594,0.05658721923828125,0.003925360812133073,512
16.088639018691588,51.763288551401864,19.113244742990652,1.8527307242990656,10.979483060747663,0.20261390186915887,0.0,0.5176328855140186,0.002026139018691589,0.3331203455695502,0.1936604138888358,0.0031482620308584753,0.16088639018691586,0.024185628137936097,18.79967671965571,99.1251052589088,41,0.16088639018691586,11,0.5176328855140186,72,0.1911324474299065,5,0.018527307242990655,31,0.10979483060747663,3,0.002026139018691589,0,0.0,EPSG:32647,UNLABELED_DEPLOYMENT,0.16088639018691586,0.5176328855140186,2,Agricultural Land / Cropland,0.05888076072290705,0.6578422902122563,0.4401292419892708,0.10979483060747663,512,0.6578422902122563,0.3009272780373832,0.11182096962616822,D:\499_4\FINAL_INFERENCE\A7_RGBN_REVISED7_TVERSKY_FULL_AOI\tiles_geotiff\tile_r08_c16_prediction.tif,3,Tree / Woody Cover,tile_r08_c16,0.1911324474299065,108949,54784,0.8185601635514018,0.02230148855198189,0.018527307242990655,0.005268520133273367,110
0.0,0.0,98.29744290275049,0.042976424361493126,1.6595806728880158,0.0,0.0,0.0,0.0,0.0,0.0,0.0,0.0,0.0,18.785808384396166,98.89761241646713,0,0.0,0,0.0,1,0.9829744290275049,21,0.00042976424361493125,57,0.01659580672888016,0,0.0,0,0.0,EPSG:32647,UNLABELED_DEPLOYMENT,0.0,0.9829744290275049,3,Tree / Woody Cover,0.004456021299704918,0.045341824530156574,0.5436657032755299,0.01659580672888016,512,0.045341824530156574,0.999570235756385,0.01659580672888016,D:\499_4\FINAL_INFERENCE\A7_RGBN_REVISED7_TVERSKY_FULL_AOI\tiles_geotiff\tile_r09_c00_prediction.tif,5,Grassland / Herbaceous Cover,tile_r09_c00,0.9829744290275049,520195,260608,0.999570235756385,0.0017183181852393652,0.00042976424361493125,0.0003056546102903719,512
0.0,0.0,92.30766296386719,0.02593994140625,7.6663970947265625,0.0,0.0,0.0,0.0,0.0,0.0,0.0,0.0,0.0,18.785815804567797,98.91218768805197,0,0.0,0,0.0,6,0.9230766296386719,3,0.0002593994140625,85,0.07666397094726562,0,0.0,0,0.0,EPSG:32647,UNLABELED_DEPLOYMENT,0.0,0.9230766296386719,3,Tree / Woody Cover,0.012100966242661448,0.1402560216868105,0.4104120981876484,0.07666397094726562,512,0.1402560216868105,0.9997406005859375,0.07666397094726562,D:\499_4\FINAL_INFERENCE\A7_RGBN_REVISED7_TVERSKY_FULL_AOI\tiles_geotiff\tile_r09_c01_prediction.tif,5,Grassland / Herbaceous Cover,tile_r09_c01,0.9230766296386719,523264,262144,0.9997406005859375,0.0010373285040259361,0.0002593994140625,0.00011466487279843444,512
0.066375732421875,0.0,90.61965942382812,0.080108642578125,9.233856201171875,0.0,0.0,0.0,0.0,0.0,0.0026511400938034058,0.0,0.00066375732421875,0.0003287059686888454,18.785822087506894,98.92676296593947,6,0.00066375732421875,0,0.0,10,0.9061965942382812,11,0.00080108642578125,104,0.09233856201171875,0,0.0,0,0.0,EPSG:32647,UNLABELED_DEPLOYMENT,0.00066375732421875,0.9061965942382812,3,Tree / Woody Cover,0.01471723642367906,0.16434751563160405,0.5120710094615152,0.09233856201171875,512,0.16434751563160405,0.99853515625,0.09233856201171875,D:\499_4\FINAL_INFERENCE\A7_RGBN_REVISED7_TVERSKY_FULL_AOI\tiles_geotiff\tile_r09_c02_prediction.tif,5,Grassland / Herbaceous Cover,tile_r09_c02,0.9061965942382812,523264,262144,0.99853515625,0.003199651837348938,0.00080108642578125,0.0003822162426614481,512
0.8907318115234375,0.0,95.21903991699219,1.0608673095703125,2.8293609619140625,0.0,0.0,0.0,0.0,0.0,0.034933931892737746,0.0,0.008907318115234375,0.002421339897260274,18.78582723321152,98.94133824908346,34,0.008907318115234375,0,0.0,8,0.9521903991699219,7,0.010608673095703125,57,0.028293609619140625,0,0.0,0,0.0,EPSG:32647,UNLABELED_DEPLOYMENT,0.008907318115234375,0.9521903991699219,3,Tree / Woody Cover,0.007835432974559686,0.12220320922696042,0.4615162404900772,0.028293609619140625,512,0.12220320922696042,0.9804840087890625,0.028293609619140625,D:\499_4\FINAL_INFERENCE\A7_RGBN_REVISED7_TVERSKY_FULL_AOI\tiles_geotiff\tile_r09_c03_prediction.tif,5,Grassland / Herbaceous Cover,tile_r09_c03,0.9521903991699219,523264,262144,0.9804840087890625,0.041606537299230695,0.010608673095703125,0.0005618578767123287,512
61.81297302246094,0.0133514404296875,25.98876953125,0.7068634033203125,9.509658813476562,1.9683837890625,0.0,0.000133514404296875,0.019683837890625,0.0003301168908365071,0.8777053574449383,2.675513698630137e-05,0.6181297302246094,0.03605828033268102,18.78583124168007,98.95591353643783,127,0.6181297302246094,3,0.000133514404296875,257,0.2598876953125,6,0.007068634033203125,122,0.09509658813476562,5,0.019683837890625,0,0.0,EPSG:32647,UNLABELED_DEPLOYMENT,0.6181297302246094,0.6181297302246094,1,Built-up & Impervious,0.04261137781311155,0.5060962328631008,0.2963001862810772,0.09509658813476562,512,0.5060962328631008,0.3549842834472656,0.11478042602539062,D:\499_4\FINAL_INFERENCE\A7_RGBN_REVISED7_TVERSKY_FULL_AOI\tiles_geotiff\tile_r09_c04_prediction.tif,3,Tree / Woody Cover,tile_r09_c04,0.2598876953125,523264,262144,0.3551177978515625,0.010037015948910266,0.007068634033203125,0.0006975446428571429,512
70.4071044921875,1.605224609375,11.462020874023438,3.55072021484375,12.826156616210938,0.148773193359375,0.0,0.01605224609375,0.00148773193359375,0.045207686722278595,0.6840241001918912,0.00013759784735812132,0.704071044921875,0.028096715998043052,18.785834112911303,98.97048882695648,56,0.704071044921875,2,0.01605224609375,272,0.11462020874023438,22,0.0355072021484375,93,0.12826156616210938,4,0.00148773193359375,0,0.0,EPSG:32647,UNLABELED_DEPLOYMENT,0.704071044921875,0.704071044921875,1,Built-up & Impervious,0.037313860689823876,0.489883217650959,0.44183405914051077,0.12826156616210938,512,0.489883217650959,0.24288177490234375,0.12974929809570312,D:\499_4\FINAL_INFERENCE\A7_RGBN_REVISED7_TVERSKY_FULL_AOI\tiles_geotiff\tile_r09_c05_prediction.tif,5,Grassland / Herbaceous Cover,tile_r09_c05,0.11462020874023438,523264,262144,0.25893402099609375,0.03449620911851525,0.0355072021484375,0.0030825739970645792,512
92.38433837890625,0.1983642578125,4.7039031982421875,1.74713134765625,0.9204864501953125,0.0457763671875,0.0,0.001983642578125,0.000457763671875,0.007330300286412239,0.20784220658242702,0.00014906433463796477,0.9238433837890625,0.01669329439823875,18.78583584690433,98.98506411959326,13,0.9238433837890625,7,0.001983642578125,255,0.047039031982421875,21,0.0174713134765625,61,0.009204864501953125,3,0.000457763671875,0,0.0,EPSG:32647,UNLABELED_DEPLOYMENT,0.9238433837890625,0.9238433837890625,1,Built-up & Impervious,0.020842251712328768,0.17816552485549983,0.513068405113976,0.009204864501953125,512,0.17816552485549983,0.056243896484375,0.009662628173828125,D:\499_4\FINAL_INFERENCE\A7_RGBN_REVISED7_TVERSKY_FULL_AOI\tiles_geotiff\tile_r09_c06_prediction.tif,3,Tree / Woody Cover,tile_r09_c06,0.047039031982421875,523264,262144,0.0582275390625,0.003930618986487389,0.0174713134765625,0.00033635029354207435,512
87.0330810546875,0.0030517578125,5.4412841796875,6.7043304443359375,0.6694793701171875,0.148773193359375,0.0,3.0517578125e-05,0.00148773193359375,0.00010624155402183533,0.2127354317344725,1.9110812133072406e-06,0.870330810546875,0.014442040728962819,18.78583644365861,98.99963941330205,23,0.870330810546875,2,3.0517578125e-05,198,0.054412841796875,16,0.06704330444335938,77,0.006694793701171875,5,0.00148773193359375,0,0.0,EPSG:32647,UNLABELED_DEPLOYMENT,0.870330810546875,0.870330810546875,1,Built-up & Impervious,0.020293771404109588,0.2589926949757474,0.47716731972087323,0.006694793701171875,512,0.2589926949757474,0.061107635498046875,0.008182525634765625,D:\499_4\FINAL_INFERENCE\A7_RGBN_REVISED7_TVERSKY_FULL_AOI\tiles_geotiff\tile_r09_c07_prediction.tif,4,Water,tile_r09_c07,0.054412841796875,523264,262144,0.061138153076171875,0.016387431242037565,0.06704330444335938,0.0013033573874755382,512
74.81193542480469,0.0385284423828125,17.008209228515625,0.2239227294921875,7.2727203369140625,0.644683837890625,0.0,0.000385284423828125,0.00644683837890625,0.0011529549374245107,0.7266013338812627,2.866621819960861e-05,0.7481193542480469,0.0369507552592955,18.785835903173965,99.01421470703671,67,0.7481193542480469,4,0.000385284423828125,295,0.17008209228515625,6,0.002239227294921875,140,0.07272720336914062,10,0.00644683837890625,0,0.0,EPSG:32647,UNLABELED_DEPLOYMENT,0.7481193542480469,0.7481193542480469,1,Built-up & Impervious,0.043012704867906065,0.3896513353404786,0.4722063604620401,0.07272720336914062,512,0.3896513353404786,0.24280929565429688,0.07917404174804688,D:\499_4\FINAL_INFERENCE\A7_RGBN_REVISED7_TVERSKY_FULL_AOI\tiles_geotiff\tile_r09_c08_prediction.tif,3,Tree / Woody Cover,tile_r09_c08,0.17008209228515625,523264,262144,0.243194580078125,0.002174820809159428,0.002239227294921875,0.00014906433463796477,512
78.59611511230469,4.20379638671875,10.037612915039062,1.7368316650390625,4.0042877197265625,1.421356201171875,0.0,0.0420379638671875,0.01421356201171875,0.13216082588769495,0.44145553547423333,0.00013568676614481408,0.7859611511230469,0.022095920988258317,18.785834225450554,99.02878999975113,29,0.7859611511230469,3,0.0420379638671875,261,0.10037612915039062,15,0.017368316650390625,85,0.040042877197265625,8,0.01421356201171875,0,0.0,EPSG:32647,UNLABELED_DEPLOYMENT,0.7859611511230469,0.7859611511230469,1,Built-up & Impervious,0.02783489787181996,0.4177864216815977,0.357591142353829,0.040042877197265625,512,0.4177864216815977,0.14041900634765625,0.054256439208984375,D:\499_4\FINAL_INFERENCE\A7_RGBN_REVISED7_TVERSKY_FULL_AOI\tiles_geotiff\tile_r09_c09_prediction.tif,3,Tree / Woody Cover,tile_r09_c09,0.10037612915039062,523264,262144,0.18245697021484375,0.00975536706391722,0.017368316650390625,0.0006383011252446184,512
55.32989501953125,2.7873992919921875,24.383544921875,1.415252685546875,14.441299438476562,1.642608642578125,0.0,0.027873992919921875,0.01642608642578125,0.06169060408137739,0.8592698250431567,0.0003401724559686888,0.5532989501953125,0.038393621575342464,18.7858314104889,99.04336529039918,109,0.5532989501953125,10,0.027873992919921875,284,0.24383544921875,30,0.01415252685546875,172,0.14441299438476562,16,0.01642608642578125,0,0.0,EPSG:32647,UNLABELED_DEPLOYMENT,0.5532989501953125,0.5532989501953125,1,Built-up & Impervious,0.05395364481409002,0.6056717486615314,0.507546668453545,0.14441299438476562,512,0.6056717486615314,0.3882484436035156,0.16083908081054688,D:\499_4\FINAL_INFERENCE\A7_RGBN_REVISED7_TVERSKY_FULL_AOI\tiles_geotiff\tile_r09_c10_prediction.tif,3,Tree / Woody Cover,tile_r09_c10,0.24383544921875,523264,262144,0.4161224365234375,0.021978786098770797,0.01415252685546875,0.0016530852495107633,512
34.9090576171875,18.490982055664062,25.4669189453125,5.2066802978515625,13.17291259765625,2.753448486328125,0.0,0.18490982055664062,0.02753448486328125,0.25820110319182277,0.539552042260766,0.002633469911937378,0.349090576171875,0.03438226210861057,18.78582745828988,99.05794057793472,129,0.349090576171875,21,0.18490982055664062,298,0.254669189453125,28,0.052066802978515625,197,0.1317291259765625,25,0.02753448486328125,0,0.0,EPSG:32647,UNLABELED_DEPLOYMENT,0.349090576171875,0.349090576171875,1,Built-up & Impervious,0.05954546844422701,0.7953244096246361,0.6577287412635161,0.1317291259765625,512,0.7953244096246361,0.3863983154296875,0.15926361083984375,D:\499_4\FINAL_INFERENCE\A7_RGBN_REVISED7_TVERSKY_FULL_AOI\tiles_geotiff\tile_r09_c11_prediction.tif,3,Tree / Woody Cover,tile_r09_c11,0.254669189453125,523264,262144,0.5713081359863281,0.08047409984283149,0.052066802978515625,0.0034724345645792565,512
39.176177978515625,4.8828125,14.476776123046875,5.587005615234375,26.266098022460938,9.611129760742188,0.0,0.048828125,0.09611129760742188,0.07651597261428833,0.6384600355522707,0.001293801981409002,0.39176177978515625,0.023515854329745598,18.785822368854717,99.07251586131164,90,0.39176177978515625,30,0.048828125,252,0.14476776123046875,27,0.05587005615234375,112,0.2626609802246094,35,0.09611129760742188,0,0.0,EPSG:32647,UNLABELED_DEPLOYMENT,0.39176177978515625,0.39176177978515625,1,Built-up & Impervious,0.04690939946183953,0.7871749561387896,0.552751651963444,0.2626609802246094,512,0.7871749561387896,0.4074287414550781,0.35877227783203125,D:\499_4\FINAL_INFERENCE\A7_RGBN_REVISED7_TVERSKY_FULL_AOI\tiles_geotiff\tile_r09_c12_prediction.tif,5,Grassland / Herbaceous Cover,tile_r09_c12,0.14476776123046875,523264,262144,0.4562568664550781,0.09105226665269583,0.05587005615234375,0.002665958292563601,512
28.351974487304688,18.842697143554688,24.920272827148438,4.706573486328125,21.907806396484375,1.2706756591796875,0.0,0.18842697143554688,0.012706756591796875,0.21369106747442856,0.5310674029751681,0.0012135365704500978,0.2835197448730469,0.032083231409001954,18.785816142184984,99.08709113948382,135,0.2835197448730469,31,0.18842697143554688,328,0.24920272827148438,44,0.04706573486328125,176,0.21907806396484375,24,0.012706756591796875,0,0.0,EPSG:32647,UNLABELED_DEPLOYMENT,0.2835197448730469,0.2835197448730469,1,Built-up & Impervious,0.062456045132093935,0.7965806384771845,0.6685426803631743,0.21907806396484375,512,0.7965806384771845,0.4682807922363281,0.23178482055664062,D:\499_4\FINAL_INFERENCE\A7_RGBN_REVISED7_TVERSKY_FULL_AOI\tiles_geotiff\tile_r09_c13_prediction.tif,3,Tree / Woody Cover,tile_r09_c13,0.24920272827148438,523264,262144,0.656707763671875,0.08815991843584925,0.04706573486328125,0.004435619496086105,512
35.69297790527344,17.310714721679688,31.023788452148438,2.1106719970703125,11.999893188476562,1.8619537353515625,0.0,0.17310714721679688,0.018619537353515625,0.24714838323416188,0.6142573272809386,0.0014485995596868885,0.3569297790527344,0.03671951443248532,18.785808778282618,99.10166641140512,127,0.3569297790527344,27,0.17310714721679688,271,0.3102378845214844,30,0.021106719970703125,167,0.11999893188476562,16,0.018619537353515625,0,0.0,EPSG:32647,UNLABELED_DEPLOYMENT,0.3569297790527344,0.3569297790527344,1,Built-up & Impervious,0.06029270119863014,0.74230589653023,0.6327697118263914,0.11999893188476562,512,0.74230589653023,0.43023681640625,0.13861846923828125,D:\499_4\FINAL_INFERENCE\A7_RGBN_REVISED7_TVERSKY_FULL_AOI\tiles_geotiff\tile_r09_c14_prediction.tif,3,Tree / Woody Cover,tile_r09_c14,0.3102378845214844,523264,262144,0.6033439636230469,0.03632355201989412,0.021106719970703125,0.002016190680039139,512
10.399246215820312,52.55889892578125,25.25177001953125,3.3985137939453125,7.9193115234375,0.472259521484375,0.0,0.5255889892578125,0.00472259521484375,0.21862917230464518,0.13798169768415391,0.001160026296477495,0.10399246215820312,0.017402305528375735,18.785800277149907,99.11624167602943,129,0.10399246215820312,35,0.5255889892578125,186,0.2525177001953125,44,0.033985137939453125,105,0.079193115234375,17,0.00472259521484375,0,0.0,EPSG:32647,UNLABELED_DEPLOYMENT,0.10399246215820312,0.5255889892578125,2,Agricultural Land / Cropland,0.04853190741193738,0.6485592633009399,0.7120254270543227,0.079193115234375,512,0.6485592633009399,0.3317108154296875,0.08391571044921875,D:\499_4\FINAL_INFERENCE\A7_RGBN_REVISED7_TVERSKY_FULL_AOI\tiles_geotiff\tile_r09_c15_prediction.tif,3,Tree / Woody Cover,tile_r09_c15,0.2525177001953125,523264,262144,0.8572998046875,0.04509295127354562,0.033985137939453125,0.00309595156555773,512
7.868080524173678,27.062838787392092,36.573524848971545,6.2601522147798,22.213502217517476,0.021901407165410378,0.0,0.2706283878739209,0.00021901407165410378,0.08517303791677268,0.18501642509436522,0.0014500468053082725,0.07868080524173678,0.017317964060865255,18.785794558190727,99.12509500658996,48,0.07868080524173678,12,0.2706283878739209,43,0.36573524848971545,13,0.062601522147798,40,0.22213502217517475,2,0.00021901407165410378,0,0.0,EPSG:32647,UNLABELED_DEPLOYMENT,0.07868080524173678,0.36573524848971545,3,Tree / Woody Cover,0.06252638534534975,0.735454852562311,0.5881181826368331,0.22213502217517475,512,0.735454852562311,0.5878702706648902,0.22235403624682887,D:\499_4\FINAL_INFERENCE\A7_RGBN_REVISED7_TVERSKY_FULL_AOI\tiles_geotiff\tile_r09_c16_prediction.tif,2,Agricultural Land / Cropland,tile_r09_c16,0.36573524848971545,108962,54791,0.8584986585388111,0.1472062950762405,0.062601522147798,0.011930764853802242,110
0.048732195481335956,0.0,75.7839360265226,0.04604616895874263,24.121285609037326,0.0,0.0,0.0,0.0,0.0,0.0019474403161401199,0.0,0.00048732195481335954,0.00021722623247051587,18.771926191357522,98.89762080043057,7,0.00048732195481335954,0,0.0,30,0.7578393602652259,15,0.00046046168958742634,113,0.24121285609037327,0,0.0,0,0.0,EPSG:32647,UNLABELED_DEPLOYMENT,0.00048732195481335954,0.7578393602652259,3,Tree / Woody Cover,0.024179394265611935,0.2879958075232303,0.4565020364289612,0.24121285609037327,512,0.2879958075232303,0.9990522163555992,0.24121285609037327,D:\499_4\FINAL_INFERENCE\A7_RGBN_REVISED7_TVERSKY_FULL_AOI\tiles_geotiff\tile_r10_c00_prediction.tif,5,Grassland / Herbaceous Cover,tile_r10_c00,0.7578393602652259,520195,260608,0.9990522163555992,0.0018401010861166488,0.00046046168958742634,0.00029027576197387516,512
0.547027587890625,0.1617431640625,72.6348876953125,3.3565521240234375,21.058273315429688,2.24151611328125,0.0,0.001617431640625,0.0224151611328125,3.53911891579628e-05,0.0205010975478217,2.2932974559686887e-05,0.00547027587890625,0.0013702452299412917,18.77193360564738,98.9121948785296,27,0.00547027587890625,6,0.001617431640625,44,0.726348876953125,9,0.033565521240234375,89,0.21058273315429688,14,0.0224151611328125,0,0.0,EPSG:32647,UNLABELED_DEPLOYMENT,0.00547027587890625,0.726348876953125,3,Tree / Woody Cover,0.026439808586105677,0.4102159977049422,0.3066136763080394,0.21058273315429688,512,0.4102159977049422,0.9369316101074219,0.23299789428710938,D:\499_4\FINAL_INFERENCE\A7_RGBN_REVISED7_TVERSKY_FULL_AOI\tiles_geotiff\tile_r10_c01_prediction.tif,5,Grassland / Herbaceous Cover,tile_r10_c01,0.726348876953125,523264,262144,0.9385490417480469,0.12579439143883064,0.033565521240234375,0.0010033176369863015,512
0.7335662841796875,0.27008056640625,83.92524719238281,1.461029052734375,13.610076904296875,0.0,0.0,0.0027008056640625,0.0,7.924879901111126e-05,0.02861945010954514,1.9110812133072406e-06,0.007335662841796875,0.0019187255381604696,18.77193988360617,98.92676896292888,31,0.007335662841796875,2,0.0027008056640625,22,0.8392524719238281,7,0.01461029052734375,89,0.13610076904296875,0,0.0,0,0.0,EPSG:32647,UNLABELED_DEPLOYMENT,0.007335662841796875,0.8392524719238281,3,Tree / Woody Cover,0.01795269691780822,0.27353733103390543,0.4347103169768527,0.13610076904296875,512,0.27353733103390543,0.9753532409667969,0.13610076904296875,D:\499_4\FINAL_INFERENCE\A7_RGBN_REVISED7_TVERSKY_FULL_AOI\tiles_geotiff\tile_r10_c02_prediction.tif,5,Grassland / Herbaceous Cover,tile_r10_c02,0.8392524719238281,523264,262144,0.9780540466308594,0.057000776869244874,0.01461029052734375,0.001374067392367906,512
30.286407470703125,0.0354766845703125,59.89837646484375,1.280975341796875,7.955169677734375,0.5435943603515625,0.0,0.000354766845703125,0.005435943603515625,0.0004297845298424363,0.8220160587225109,0.0,0.30286407470703125,0.03078560726516634,18.771945025231933,98.94134305258268,154,0.30286407470703125,1,0.000354766845703125,166,0.5989837646484375,11,0.01280975341796875,121,0.07955169677734375,9,0.005435943603515625,0,0.0,EPSG:32647,UNLABELED_DEPLOYMENT,0.30286407470703125,0.5989837646484375,3,Tree / Woody Cover,0.040104039261252444,0.491857973017701,0.3927752639008524,0.07955169677734375,512,0.491857973017701,0.6785354614257812,0.08498764038085938,D:\499_4\FINAL_INFERENCE\A7_RGBN_REVISED7_TVERSKY_FULL_AOI\tiles_geotiff\tile_r10_c03_prediction.tif,1,Built-up & Impervious,tile_r10_c03,0.5989837646484375,523264,262144,0.6788902282714844,0.03476748778484762,0.01280975341796875,0.0010434503424657535,512
48.055267333984375,0.122833251953125,23.877716064453125,3.0544281005859375,23.290252685546875,1.5995025634765625,0.0,0.00122833251953125,0.015995025634765625,0.002361113904044032,0.9066677391529083,0.0,0.48055267333984375,0.04079202849804305,18.771949030523075,98.9559171464453,148,0.48055267333984375,5,0.00122833251953125,274,0.23877716064453125,23,0.030544281005859375,142,0.23290252685546875,6,0.015995025634765625,0,0.0,EPSG:32647,UNLABELED_DEPLOYMENT,0.48055267333984375,0.48055267333984375,1,Built-up & Impervious,0.05546339897260274,0.6241020044241522,0.3761247115900222,0.23290252685546875,512,0.6241020044241522,0.4716796875,0.24889755249023438,D:\499_4\FINAL_INFERENCE\A7_RGBN_REVISED7_TVERSKY_FULL_AOI\tiles_geotiff\tile_r10_c04_prediction.tif,3,Tree / Woody Cover,tile_r10_c04,0.23877716064453125,523264,262144,0.47290802001953125,0.05762846767902374,0.030544281005859375,0.0025589377446183954,512
76.19514465332031,0.2349853515625,8.016586303710938,0.911712646484375,14.0838623046875,0.557708740234375,0.0,0.002349853515625,0.00557708740234375,0.007161897141486406,0.6735787514480762,1.7199730919765165e-05,0.7619514465332031,0.026529629403131114,18.771951899478356,98.97049124347097,28,0.7619514465332031,2,0.002349853515625,188,0.08016586303710938,8,0.00911712646484375,94,0.140838623046875,9,0.00557708740234375,0,0.0,EPSG:32647,UNLABELED_DEPLOYMENT,0.7619514465332031,0.7619514465332031,1,Built-up & Impervious,0.03106080295988258,0.39648362475106,0.49414043422566517,0.140838623046875,512,0.39648362475106,0.22100448608398438,0.14641571044921875,D:\499_4\FINAL_INFERENCE\A7_RGBN_REVISED7_TVERSKY_FULL_AOI\tiles_geotiff\tile_r10_c05_prediction.tif,5,Grassland / Herbaceous Cover,tile_r10_c05,0.08016586303710938,523264,262144,0.22335433959960938,0.008059703395701945,0.00911712646484375,0.0003669275929549902,512
89.47830200195312,0.0,5.675506591796875,0.23040771484375,3.759002685546875,0.856781005859375,0.0,0.0,0.00856781005859375,0.0,0.33767354814335704,0.0,0.8947830200195312,0.018504999388454013,18.771953632096892,98.98506534261398,21,0.8947830200195312,0,0.0,240,0.05675506591796875,6,0.0023040771484375,87,0.03759002685546875,10,0.00856781005859375,0,0.0,EPSG:32647,UNLABELED_DEPLOYMENT,0.8947830200195312,0.8947830200195312,1,Built-up & Impervious,0.021769126100782778,0.22632823506901673,0.5135317423142608,0.03759002685546875,512,0.22632823506901673,0.0943450927734375,0.0461578369140625,D:\499_4\FINAL_INFERENCE\A7_RGBN_REVISED7_TVERSKY_FULL_AOI\tiles_geotiff\tile_r10_c06_prediction.tif,3,Tree / Woody Cover,tile_r10_c06,0.05675506591796875,523264,262144,0.0943450927734375,0.000869513489305973,0.0023040771484375,9.746514187866927e-05,512
75.28533935546875,0.27618408203125,13.7237548828125,5.8292388916015625,4.340362548828125,0.5451202392578125,0.0,0.0027618408203125,0.005451202392578125,0.00831704493612051,0.5439852843992412,4.9688111545988256e-05,0.7528533935546875,0.024328063845401173,18.771954228378146,98.9996394428286,56,0.7528533935546875,4,0.0027618408203125,248,0.137237548828125,13,0.058292388916015625,112,0.04340362548828125,10,0.005451202392578125,0,0.0,EPSG:32647,UNLABELED_DEPLOYMENT,0.7528533935546875,0.7528533935546875,1,Built-up & Impervious,0.033185925269080235,0.4279830865634119,0.4564261905586888,0.04340362548828125,512,0.4279830865634119,0.18064117431640625,0.048854827880859375,D:\499_4\FINAL_INFERENCE\A7_RGBN_REVISED7_TVERSKY_FULL_AOI\tiles_geotiff\tile_r10_c07_prediction.tif,3,Tree / Woody Cover,tile_r10_c07,0.137237548828125,523264,262144,0.18340301513671875,0.042120022349990904,0.058292388916015625,0.002033390410958904,512
61.90643310546875,1.654052734375,18.312454223632812,0.688934326171875,16.466522216796875,0.9716033935546875,0.0,0.01654052734375,0.009716033935546875,0.040958601981401443,0.8612169513944536,0.0003726608365949119,0.6190643310546875,0.039544092465753425,18.771953688321922,99.01421354306908,76,0.6190643310546875,7,0.01654052734375,297,0.18312454223632812,9,0.00688934326171875,144,0.16466522216796875,10,0.009716033935546875,0,0.0,EPSG:32647,UNLABELED_DEPLOYMENT,0.6190643310546875,0.6190643310546875,1,Built-up & Impervious,0.04908612096379648,0.5405880091657022,0.40835702989140765,0.16466522216796875,512,0.5405880091657022,0.3477897644042969,0.17438125610351562,D:\499_4\FINAL_INFERENCE\A7_RGBN_REVISED7_TVERSKY_FULL_AOI\tiles_geotiff\tile_r10_c08_prediction.tif,3,Tree / Woody Cover,tile_r10_c08,0.18312454223632812,523264,262144,0.3643302917480469,0.009584172279573977,0.00688934326171875,0.0004433708414872798,512
61.47270202636719,7.55767822265625,14.00909423828125,2.8102874755859375,12.359619140625,1.790618896484375,0.0,0.0755767822265625,0.01790618896484375,0.1858363605570048,0.6483824241440743,0.0008313203277886497,0.6147270202636719,0.031853901663405085,18.7719520119284,99.02878764228971,53,0.6147270202636719,19,0.0755767822265625,283,0.1400909423828125,12,0.028102874755859375,184,0.12359619140625,21,0.01790618896484375,0,0.0,EPSG:32647,UNLABELED_DEPLOYMENT,0.6147270202636719,0.6147270202636719,1,Built-up & Impervious,0.045499021526418784,0.6169130926834584,0.5056000470999189,0.12359619140625,512,0.6169130926834584,0.2636871337890625,0.14150238037109375,D:\499_4\FINAL_INFERENCE\A7_RGBN_REVISED7_TVERSKY_FULL_AOI\tiles_geotiff\tile_r10_c09_prediction.tif,3,Tree / Woody Cover,tile_r10_c09,0.1400909423828125,523264,262144,0.339263916015625,0.029641465982422233,0.028102874755859375,0.0010740276418786693,512
51.63764953613281,1.7993927001953125,30.12237548828125,1.2660980224609375,13.969802856445312,1.204681396484375,0.0,0.017993927001953125,0.01204681396484375,0.0371665638522245,0.9107265810598619,0.0002599070450097847,0.5163764953613281,0.03692208904109589,18.771949199198087,99.04336173944473,112,0.5163764953613281,14,0.017993927001953125,273,0.3012237548828125,27,0.012660980224609375,190,0.13969802856445312,11,0.01204681396484375,0,0.0,EPSG:32647,UNLABELED_DEPLOYMENT,0.5163764953613281,0.5163764953613281,1,Built-up & Impervious,0.05366507155088063,0.5953684206978724,0.5573274201514279,0.13969802856445312,512,0.5953684206978724,0.4409217834472656,0.15174484252929688,D:\499_4\FINAL_INFERENCE\A7_RGBN_REVISED7_TVERSKY_FULL_AOI\tiles_geotiff\tile_r10_c10_prediction.tif,3,Tree / Woody Cover,tile_r10_c10,0.3012237548828125,523264,262144,0.45891571044921875,0.02233000792330131,0.012660980224609375,0.002262720156555773,512
48.69499206542969,11.739730834960938,22.776412963867188,0.6023406982421875,14.361572265625,1.824951171875,0.0,0.11739730834960938,0.01824951171875,0.22866643994348124,0.7233735584304668,0.0009861179060665361,0.4869499206542969,0.03585570572407045,18.771945250131875,99.05793583348843,91,0.4869499206542969,15,0.11739730834960938,297,0.22776412963867188,18,0.006023406982421875,185,0.14361572265625,16,0.01824951171875,0,0.0,EPSG:32647,UNLABELED_DEPLOYMENT,0.4869499206542969,0.4869499206542969,1,Built-up & Impervious,0.05428235078277886,0.6790741060068171,0.6028754112502419,0.14361572265625,512,0.6790741060068171,0.3713798522949219,0.161865234375,D:\499_4\FINAL_INFERENCE\A7_RGBN_REVISED7_TVERSKY_FULL_AOI\tiles_geotiff\tile_r10_c11_prediction.tif,3,Tree / Woody Cover,tile_r10_c11,0.22776412963867188,523264,262144,0.48877716064453125,0.008947887981776148,0.006023406982421875,0.0009994954745596869,512
51.5106201171875,2.30560302734375,20.264816284179688,1.7543792724609375,20.662307739257812,3.5022735595703125,0.0,0.0230560302734375,0.035022735595703125,0.04750521667301655,0.843272615224123,0.00034208353718199607,0.515106201171875,0.040224437377690804,18.771940164730967,99.0725099233751,115,0.515106201171875,22,0.0230560302734375,313,0.20264816284179688,16,0.017543792724609375,186,0.20662307739257812,26,0.035022735595703125,0,0.0,EPSG:32647,UNLABELED_DEPLOYMENT,0.515106201171875,0.515106201171875,1,Built-up & Impervious,0.06035003363502935,0.6507223759217778,0.5915454918216884,0.20662307739257812,512,0.6507223759217778,0.409271240234375,0.24164581298828125,D:\499_4\FINAL_INFERENCE\A7_RGBN_REVISED7_TVERSKY_FULL_AOI\tiles_geotiff\tile_r10_c12_prediction.tif,5,Grassland / Herbaceous Cover,tile_r10_c12,0.20264816284179688,523264,262144,0.4323272705078125,0.028720679227262735,0.017543792724609375,0.0012536692759295498,512
43.79997253417969,15.4998779296875,21.852493286132812,1.1249542236328125,17.058181762695312,0.664520263671875,0.0,0.154998779296875,0.00664520263671875,0.27155769104138017,0.6817145993700251,0.0005198140900195694,0.4379997253417969,0.03721066230430528,18.77193394299695,99.08708400805894,110,0.4379997253417969,18,0.154998779296875,321,0.21852493286132812,21,0.011249542236328125,167,0.17058181762695312,16,0.00664520263671875,0,0.0,EPSG:32647,UNLABELED_DEPLOYMENT,0.4379997253417969,0.4379997253417969,1,Built-up & Impervious,0.056650180406066536,0.7032083687149637,0.6332642278241895,0.17058181762695312,512,0.7032083687149637,0.38910675048828125,0.17722702026367188,D:\499_4\FINAL_INFERENCE\A7_RGBN_REVISED7_TVERSKY_FULL_AOI\tiles_geotiff\tile_r10_c13_prediction.tif,3,Tree / Woody Cover,tile_r10_c13,0.21852493286132812,523264,262144,0.5441055297851562,0.017509091296233237,0.011249542236328125,0.0013358457681017612,512
20.4071044921875,33.393096923828125,19.09027099609375,5.4981231689453125,17.391204833984375,4.2201995849609375,0.0,0.33393096923828125,0.042201995849609375,0.2725825672969222,0.2977925157174468,0.0023620963796477496,0.204071044921875,0.021461442025440314,18.77192658493175,99.1016580864943,150,0.204071044921875,45,0.33393096923828125,295,0.1909027099609375,32,0.054981231689453125,124,0.17391204833984375,26,0.042201995849609375,0,0.0,EPSG:32647,UNLABELED_DEPLOYMENT,0.204071044921875,0.33393096923828125,2,Agricultural Land / Cropland,0.05358289505870841,0.8242930123258488,0.7292901919996445,0.17391204833984375,512,0.8242930123258488,0.36481475830078125,0.21611404418945312,D:\499_4\FINAL_INFERENCE\A7_RGBN_REVISED7_TVERSKY_FULL_AOI\tiles_geotiff\tile_r10_c14_prediction.tif,1,Built-up & Impervious,tile_r10_c14,0.1909027099609375,523264,262144,0.6987457275390625,0.08023185899946839,0.054981231689453125,0.003558433219178082,512
21.368789672851562,20.721054077148438,47.34458923339844,1.2149810791015625,8.936309814453125,0.414276123046875,0.0,0.20721054077148438,0.00414276123046875,0.17711353854974732,0.4810618777410127,0.0007166554549902153,0.21368789672851562,0.03614045682485323,18.771918090537657,99.11623215763541,199,0.21368789672851562,33,0.20721054077148438,168,0.4734458923339844,35,0.012149810791015625,133,0.08936309814453125,11,0.00414276123046875,0,0.0,EPSG:32647,UNLABELED_DEPLOYMENT,0.21368789672851562,0.4734458923339844,3,Tree / Woody Cover,0.06081633745107632,0.6691263601039048,0.6763864152589308,0.08936309814453125,512,0.6691263601039048,0.5628089904785156,0.093505859375,D:\499_4\FINAL_INFERENCE\A7_RGBN_REVISED7_TVERSKY_FULL_AOI\tiles_geotiff\tile_r10_c15_prediction.tif,1,Built-up & Impervious,tile_r10_c15,0.4734458923339844,523264,262144,0.77001953125,0.027352090983185917,0.012149810791015625,0.002428984222113503,512
4.28783275462963,66.01381655092592,18.05736400462963,2.443214699074074,7.77271412037037,1.4250578703703705,0.0,0.6601381655092592,0.014250578703703705,0.1132224819460687,0.04430202201560692,0.0007274578983741316,0.0428783275462963,0.007283672207470992,18.771912376111747,99.12508476324963,26,0.0428783275462963,7,0.6601381655092592,43,0.1805736400462963,5,0.02443214699074074,23,0.0777271412037037,3,0.014250578703703705,0,0.0,EPSG:32647,UNLABELED_DEPLOYMENT,0.0428783275462963,0.6601381655092592,2,Agricultural Land / Cropland,0.04427490633979558,0.5488937523666665,0.3626197185264397,0.0777271412037037,512,0.5488937523666665,0.25830078125,0.09197771990740741,D:\499_4\FINAL_INFERENCE\A7_RGBN_REVISED7_TVERSKY_FULL_AOI\tiles_geotiff\tile_r10_c16_prediction.tif,3,Tree / Woody Cover,tile_r10_c16,0.1805736400462963,109972,55296,0.9184389467592592,0.02524337062129268,0.02443214699074074,0.005255883315753101,110
0.2624681972841247,0.0,90.31818042485364,0.09349232136835975,9.325859056493885,0.0,0.0,0.0,0.0,0.0,0.010461356565110973,0.0,0.002624681972841247,0.0013437093287979945,18.75804397771955,98.89762917704805,39,0.002624681972841247,0,0.0,8,0.9031818042485363,19,0.0009349232136835974,52,0.09325859056493885,0,0.0,0,0.0,EPSG:32647,UNLABELED_DEPLOYMENT,0.002624681972841247,0.9031818042485363,3,Tree / Woody Cover,0.011325550057011666,0.1723286611649517,0.5041963299905956,0.09325859056493885,512,0.1723286611649517,0.9964403948134752,0.09325859056493885,D:\499_4\FINAL_INFERENCE\A7_RGBN_REVISED7_TVERSKY_FULL_AOI\tiles_geotiff\tile_r11_c00_prediction.tif,5,Grassland / Herbaceous Cover,tile_r11_c00,0.9031818042485363,520946,260984,0.9964403948134752,0.0037263810246526675,0.0009349232136835974,0.000529805392497495,512
1.9500732421875,0.00457763671875,86.55052185058594,0.374603271484375,10.749435424804688,0.37078857421875,0.0,4.57763671875e-05,0.0037078857421875,3.5706907510757446e-06,0.07589681725949049,7.644324853228962e-06,0.019500732421875,0.004913389799412916,18.75805138612857,98.91220206270697,84,0.019500732421875,2,4.57763671875e-05,11,0.8655052185058594,30,0.00374603271484375,60,0.10749435424804688,4,0.0037078857421875,0,0.0,EPSG:32647,UNLABELED_DEPLOYMENT,0.019500732421875,0.8655052185058594,3,Tree / Woody Cover,0.01722457497553816,0.24856378209186236,0.38396112265359233,0.10749435424804688,512,0.24856378209186236,0.9729995727539062,0.11120223999023438,D:\499_4\FINAL_INFERENCE\A7_RGBN_REVISED7_TVERSKY_FULL_AOI\tiles_geotiff\tile_r11_c01_prediction.tif,5,Grassland / Herbaceous Cover,tile_r11_c01,0.8655052185058594,523264,262144,0.9730453491210938,0.014579552924260497,0.00374603271484375,0.0014944655088062623,512
18.102264404296875,1.0044097900390625,52.81028747558594,3.06243896484375,24.736785888671875,0.2838134765625,0.0,0.010044097900390625,0.002838134765625,0.007272836635820568,0.561511050327681,5.733243639921722e-05,0.18102264404296875,0.028079516267123288,18.75805765910782,98.92677495466376,240,0.18102264404296875,8,0.010044097900390625,135,0.5281028747558594,19,0.0306243896484375,165,0.24736785888671875,10,0.002838134765625,0,0.0,EPSG:32647,UNLABELED_DEPLOYMENT,0.18102264404296875,0.5281028747558594,3,Tree / Woody Cover,0.049739710738747556,0.5970059610237975,0.5493474719584889,0.24736785888671875,512,0.5970059610237975,0.7754707336425781,0.25020599365234375,D:\499_4\FINAL_INFERENCE\A7_RGBN_REVISED7_TVERSKY_FULL_AOI\tiles_geotiff\tile_r11_c02_prediction.tif,5,Grassland / Herbaceous Cover,tile_r11_c02,0.5281028747558594,523264,262144,0.7855148315429688,0.09499327163212001,0.0306243896484375,0.002635380993150685,512
48.6846923828125,2.733612060546875,20.576095581054688,5.2845001220703125,21.102523803710938,1.6185760498046875,0.0,0.02733612060546875,0.016185760498046875,0.05323402490466833,0.8116443054750562,0.0006574119373776908,0.486846923828125,0.03807255993150685,18.75806279665537,98.9413478518731,143,0.486846923828125,7,0.02733612060546875,303,0.20576095581054688,16,0.052845001220703125,195,0.21102523803710938,20,0.016185760498046875,0,0.0,EPSG:32647,UNLABELED_DEPLOYMENT,0.486846923828125,0.486846923828125,1,Built-up & Impervious,0.056839377446183954,0.6807027636696671,0.5508822270324573,0.21102523803710938,512,0.6807027636696671,0.41678619384765625,0.22721099853515625,D:\499_4\FINAL_INFERENCE\A7_RGBN_REVISED7_TVERSKY_FULL_AOI\tiles_geotiff\tile_r11_c03_prediction.tif,5,Grassland / Herbaceous Cover,tile_r11_c03,0.20576095581054688,523264,262144,0.444122314453125,0.08810026769060642,0.052845001220703125,0.002111744740704501,512
62.19825744628906,1.165771484375,9.708404541015625,7.4459075927734375,16.940689086914062,2.5409698486328125,0.0,0.01165771484375,0.025409698486328125,0.02900358196347952,0.6630108744720928,0.0001547975782778865,0.6219825744628906,0.03211571978962818,18.758066798769608,98.95592075328969,68,0.6219825744628906,2,0.01165771484375,282,0.09708404541015625,6,0.07445907592773438,157,0.16940689086914062,19,0.025409698486328125,0,0.0,EPSG:32647,UNLABELED_DEPLOYMENT,0.6219825744628906,0.6219825744628906,1,Built-up & Impervious,0.042359115092954994,0.5967187526898986,0.4022794597453079,0.16940689086914062,512,0.5967187526898986,0.2664909362792969,0.19481658935546875,D:\499_4\FINAL_INFERENCE\A7_RGBN_REVISED7_TVERSKY_FULL_AOI\tiles_geotiff\tile_r11_c04_prediction.tif,5,Grassland / Herbaceous Cover,tile_r11_c04,0.09708404541015625,523264,262144,0.2781486511230469,0.07937067543389276,0.07445907592773438,0.0013358457681017612,512
76.63154602050781,0.0,5.429840087890625,0.0579833984375,16.7388916015625,1.1417388916015625,0.0,0.0,0.011417388916015625,0.0,0.6795296730706468,0.0,0.7663154602050781,0.027051354574363994,18.75806966544931,98.97049365786812,29,0.7663154602050781,0,0.0,213,0.05429840087890625,2,0.000579833984375,106,0.167388916015625,8,0.011417388916015625,0,0.0,EPSG:32647,UNLABELED_DEPLOYMENT,0.7663154602050781,0.7663154602050781,1,Built-up & Impervious,0.030095706947162428,0.3683278001334184,0.5113721520495262,0.167388916015625,512,0.3683278001334184,0.22168731689453125,0.17880630493164062,D:\499_4\FINAL_INFERENCE\A7_RGBN_REVISED7_TVERSKY_FULL_AOI\tiles_geotiff\tile_r11_c05_prediction.tif,5,Grassland / Herbaceous Cover,tile_r11_c05,0.05429840087890625,523264,262144,0.22168731689453125,0.0005141673609614372,0.000579833984375,0.0,512
54.85687255859375,2.923583984375,29.934310913085938,2.274322509765625,9.433364868164062,0.577545166015625,0.0,0.02923583984375,0.00577545166015625,0.06415146961808205,0.8638350293040276,0.0004471930039138943,0.5485687255859375,0.03426759723581213,18.75807139669357,98.9850665645631,124,0.5485687255859375,11,0.02923583984375,226,0.2993431091308594,6,0.02274322509765625,158,0.09433364868164062,10,0.00577545166015625,0,0.0,EPSG:32647,UNLABELED_DEPLOYMENT,0.5485687255859375,0.5485687255859375,1,Built-up & Impervious,0.04580479452054795,0.5818577386708084,0.4758285742524468,0.09433364868164062,512,0.5818577386708084,0.3936767578125,0.10010910034179688,D:\499_4\FINAL_INFERENCE\A7_RGBN_REVISED7_TVERSKY_FULL_AOI\tiles_geotiff\tile_r11_c06_prediction.tif,3,Tree / Woody Cover,tile_r11_c06,0.2993431091308594,523264,262144,0.42291259765625,0.035813916474580765,0.02274322509765625,0.0007606103228962818,512
74.27139282226562,0.22125244140625,12.8082275390625,6.385040283203125,5.9295654296875,0.384521484375,0.0,0.0022125244140625,0.00384521484375,0.006573090795427561,0.5566727928817272,7.644324853228962e-06,0.7427139282226562,0.031676171110567516,18.758071992501865,98.99963947232928,73,0.7427139282226562,1,0.0022125244140625,332,0.128082275390625,6,0.06385040283203125,141,0.059295654296875,11,0.00384521484375,0,0.0,EPSG:32647,UNLABELED_DEPLOYMENT,0.7427139282226562,0.7427139282226562,1,Built-up & Impervious,0.04025501467710372,0.4431008378195252,0.4937165775319557,0.059295654296875,512,0.4431008378195252,0.1873779296875,0.063140869140625,D:\499_4\FINAL_INFERENCE\A7_RGBN_REVISED7_TVERSKY_FULL_AOI\tiles_geotiff\tile_r11_c07_prediction.tif,3,Tree / Woody Cover,tile_r11_c07,0.128082275390625,523264,262144,0.1895904541015625,0.04785662516951561,0.06385040283203125,0.001706595523483366,512
73.39553833007812,4.843902587890625,9.737777709960938,0.2002716064453125,11.444473266601562,0.3780364990234375,0.0,0.04843902587890625,0.003780364990234375,0.1422083352226764,0.6218730853870511,0.001009050880626223,0.7339553833007812,0.022313784246575343,18.758071452874,99.01421238012131,39,0.7339553833007812,12,0.04843902587890625,244,0.09737777709960938,9,0.002002716064453125,136,0.11444473266601562,9,0.003780364990234375,0,0.0,EPSG:32647,UNLABELED_DEPLOYMENT,0.7339553833007812,0.7339553833007812,1,Built-up & Impervious,0.03120986729452055,0.4532994875934908,0.5228430409737879,0.11444473266601562,512,0.4532994875934908,0.211822509765625,0.11822509765625,D:\499_4\FINAL_INFERENCE\A7_RGBN_REVISED7_TVERSKY_FULL_AOI\tiles_geotiff\tile_r11_c08_prediction.tif,5,Grassland / Herbaceous Cover,tile_r11_c08,0.09737777709960938,523264,262144,0.26026153564453125,0.0016968813724815845,0.002002716064453125,0.0001605308219178082,512
68.5516357421875,9.229660034179688,9.820175170898438,1.670074462890625,9.592056274414062,1.1363983154296875,0.0,0.09229660034179688,0.011363983154296875,0.2530833170749247,0.5322960875928402,0.0014734436154598826,0.685516357421875,0.02677424779843444,18.758069777810157,99.02878528689388,41,0.685516357421875,18,0.09229660034179688,261,0.09820175170898438,30,0.01670074462890625,147,0.09592056274414062,16,0.011363983154296875,0,0.0,EPSG:32647,UNLABELED_DEPLOYMENT,0.685516357421875,0.685516357421875,1,Built-up & Impervious,0.03940458353718199,0.539975358315421,0.628512374282029,0.09592056274414062,512,0.539975358315421,0.194122314453125,0.1072845458984375,D:\499_4\FINAL_INFERENCE\A7_RGBN_REVISED7_TVERSKY_FULL_AOI\tiles_geotiff\tile_r11_c09_prediction.tif,3,Tree / Woody Cover,tile_r11_c09,0.09820175170898438,523264,262144,0.2864189147949219,0.01296794880181551,0.01670074462890625,0.0012976241438356164,512
64.66522216796875,4.766082763671875,14.485931396484375,0.6805419921875,14.4134521484375,0.98876953125,0.0,0.04766082763671875,0.0098876953125,0.12327992031350732,0.7475140229798853,0.000666967343444227,0.6466522216796875,0.033719116927592954,18.758066967310835,99.04335819160161,53,0.6466522216796875,25,0.04766082763671875,336,0.14485931396484375,19,0.006805419921875,194,0.144134521484375,17,0.0098876953125,0,0.0,EPSG:32647,UNLABELED_DEPLOYMENT,0.6466522216796875,0.6466522216796875,1,Built-up & Impervious,0.04871346012720157,0.5476259235335668,0.673075377389342,0.144134521484375,512,0.5476259235335668,0.28899383544921875,0.154022216796875,D:\499_4\FINAL_INFERENCE\A7_RGBN_REVISED7_TVERSKY_FULL_AOI\tiles_geotiff\tile_r11_c10_prediction.tif,3,Tree / Woody Cover,tile_r11_c10,0.14485931396484375,523264,262144,0.3366546630859375,0.007866897620260715,0.006805419921875,0.0012479360322896283,512
54.78324890136719,6.853485107421875,19.488143920898438,2.2899627685546875,12.508010864257812,4.0771484375,0.0,0.06853485107421875,0.040771484375,0.15018247219268233,0.7011413245927542,0.0010568279109589042,0.5478324890136719,0.03153475110078278,18.758063021376923,99.05793109319922,81,0.5478324890136719,15,0.06853485107421875,245,0.19488143920898438,21,0.022899627685546875,168,0.12508010864257812,35,0.040771484375,0,0.0,EPSG:32647,UNLABELED_DEPLOYMENT,0.5478324890136719,0.5478324890136719,1,Built-up & Impervious,0.05061498593444227,0.6727140883667727,0.5603751459914722,0.12508010864257812,512,0.6727140883667727,0.3199615478515625,0.16585159301757812,D:\499_4\FINAL_INFERENCE\A7_RGBN_REVISED7_TVERSKY_FULL_AOI\tiles_geotiff\tile_r11_c11_prediction.tif,3,Tree / Woody Cover,tile_r11_c11,0.19488143920898438,523264,262144,0.38849639892578125,0.029308001277968287,0.022899627685546875,0.0021404109589041095,512
49.8565673828125,16.767120361328125,15.111541748046875,1.483917236328125,14.554595947265625,2.22625732421875,0.0,0.16767120361328125,0.0222625732421875,0.33438042644411325,0.5916207171976566,0.004116468933463797,0.498565673828125,0.03168763759784736,18.75805794000964,99.07250399064132,74,0.498565673828125,52,0.16767120361328125,369,0.15111541748046875,13,0.01483917236328125,170,0.14554595947265625,23,0.0222625732421875,0,0.0,EPSG:32647,UNLABELED_DEPLOYMENT,0.498565673828125,0.498565673828125,1,Built-up & Impervious,0.05422310726516634,0.6987405417718945,0.6325764966845034,0.14554595947265625,512,0.6987405417718945,0.296661376953125,0.16780853271484375,D:\499_4\FINAL_INFERENCE\A7_RGBN_REVISED7_TVERSKY_FULL_AOI\tiles_geotiff\tile_r11_c12_prediction.tif,2,Agricultural Land / Cropland,tile_r11_c12,0.15111541748046875,523264,262144,0.46433258056640625,0.017608837224543095,0.01483917236328125,0.0008790973581213307,512
33.744049072265625,25.983428955078125,25.172042846679688,0.2971649169921875,12.638473510742188,2.1648406982421875,0.0,0.25983428955078125,0.021648406982421875,0.3507144406903535,0.5103519677650183,0.001819349315068493,0.33744049072265625,0.0344434167074364,18.758051723210556,99.08707688288258,136,0.33744049072265625,21,0.25983428955078125,288,0.2517204284667969,10,0.002971649169921875,139,0.12638473510742188,16,0.021648406982421875,0,0.0,EPSG:32647,UNLABELED_DEPLOYMENT,0.33744049072265625,0.33744049072265625,1,Built-up & Impervious,0.05692537610078278,0.7326548633322663,0.5737022214787885,0.12638473510742188,512,0.7326548633322663,0.37810516357421875,0.14803314208984375,D:\499_4\FINAL_INFERENCE\A7_RGBN_REVISED7_TVERSKY_FULL_AOI\tiles_geotiff\tile_r11_c13_prediction.tif,2,Agricultural Land / Cropland,tile_r11_c13,0.2517204284667969,523264,262144,0.637939453125,0.004494383581914008,0.002971649169921875,0.0005045254403131115,512
22.713470458984375,14.51568603515625,37.0452880859375,0.3978729248046875,23.319244384765625,2.0084381103515625,0.0,0.1451568603515625,0.020084381103515625,0.1318806423805654,0.5484352100174874,0.001110338184931507,0.22713470458984375,0.02915163282778865,18.758044370981608,99.1016497688777,153,0.22713470458984375,26,0.1451568603515625,175,0.370452880859375,12,0.003978729248046875,139,0.23319244384765625,16,0.020084381103515625,0,0.0,EPSG:32647,UNLABELED_DEPLOYMENT,0.22713470458984375,0.370452880859375,3,Tree / Woody Cover,0.05669604635518591,0.732127728510317,0.6255665184169982,0.23319244384765625,512,0.732127728510317,0.6036453247070312,0.2532768249511719,D:\499_4\FINAL_INFERENCE\A7_RGBN_REVISED7_TVERSKY_FULL_AOI\tiles_geotiff\tile_r11_c14_prediction.tif,5,Grassland / Herbaceous Cover,tile_r11_c14,0.370452880859375,523264,262144,0.7488021850585938,0.009606965235434473,0.003978729248046875,0.0006211013943248532,512
13.277816772460938,8.629989624023438,53.8726806640625,1.49383544921875,22.3663330078125,0.359344482421875,0.0,0.08629989624023438,0.00359344482421875,0.0458349683904089,0.40491506177932024,0.00035928326810176123,0.13277816772460938,0.02511351822407045,18.75803588332506,99.11622264758134,201,0.13277816772460938,15,0.08629989624023438,116,0.538726806640625,21,0.0149383544921875,169,0.223663330078125,6,0.00359344482421875,0,0.0,EPSG:32647,UNLABELED_DEPLOYMENT,0.13277816772460938,0.538726806640625,3,Tree / Woody Cover,0.05222411631604697,0.6324705538903868,0.5975566247206386,0.223663330078125,512,0.6324705538903868,0.76239013671875,0.22725677490234375,D:\499_4\FINAL_INFERENCE\A7_RGBN_REVISED7_TVERSKY_FULL_AOI\tiles_geotiff\tile_r11_c15_prediction.tif,5,Grassland / Herbaceous Cover,tile_r11_c15,0.538726806640625,523264,262144,0.8486900329589844,0.045555416494607925,0.0149383544921875,0.0022722755626223092,512
25.32732928240741,18.800636574074073,35.414858217592595,1.4666521990740742,18.863932291666664,0.12659143518518517,0.0,0.18800636574074073,0.0012659143518518518,0.19046796529217838,0.5498947201115277,0.0007092714509147783,0.25327329282407407,0.04663914450951151,18.758030173431695,99.12507452888447,60,0.25327329282407407,2,0.18800636574074073,60,0.35414858217592593,7,0.014666521990740741,51,0.18863932291666663,1,0.0012659143518518518,0,0.0,EPSG:32647,UNLABELED_DEPLOYMENT,0.25327329282407407,0.35414858217592593,3,Tree / Woody Cover,0.07512821445458844,0.7269882298133039,0.42024202051166215,0.18863932291666663,512,0.7269882298133039,0.5427879050925926,0.1899052372685185,D:\499_4\FINAL_INFERENCE\A7_RGBN_REVISED7_TVERSKY_FULL_AOI\tiles_geotiff\tile_r11_c16_prediction.tif,1,Built-up & Impervious,tile_r11_c16,0.35414858217592593,109972,55296,0.7307942708333333,0.03184324298539443,0.014666521990740741,0.0038009675190048375,110
2.3291973039215685,0.004978553921568627,81.22204350490196,0.17310049019607843,16.270680147058826,0.0,0.0,4.9785539215686274e-05,0.0,4.63841374861832e-06,0.09083191563284705,3.069732818129842e-05,0.023291973039215687,0.003946525254308178,18.7441617434952,98.89763754632229,19,0.023291973039215687,1,4.9785539215686274e-05,30,0.8122204350490196,12,0.0017310049019607842,72,0.16270680147058825,0,0.0,0,0.0,EPSG:32647,UNLABELED_DEPLOYMENT,0.023291973039215687,0.8122204350490196,3,Tree / Woody Cover,0.01979977667693748,0.2895522962855226,0.4225902995152503,0.16270680147058825,512,0.2895522962855226,0.9749272365196079,0.16270680147058825,D:\499_4\FINAL_INFERENCE\A7_RGBN_REVISED7_TVERSKY_FULL_AOI\tiles_geotiff\tile_r12_c00_prediction.tif,5,Grassland / Herbaceous Cover,tile_r12_c00,0.8122204350490196,521218,261120,0.9749770220588235,0.006750415301882089,0.0017310049019607842,0.0005813306524333388,512
6.3541412353515625,0.0080108642578125,80.6304931640625,3.8349151611328125,9.06219482421875,0.1102447509765625,0.0,8.0108642578125e-05,0.001102447509765625,2.036086516454816e-05,0.22796800290234387,2.2932974559686887e-05,0.06354141235351562,0.014464973703522505,18.744169146024312,98.91220924058645,168,0.06354141235351562,4,8.0108642578125e-05,31,0.806304931640625,13,0.038349151611328125,116,0.0906219482421875,5,0.001102447509765625,0,0.0,EPSG:32647,UNLABELED_DEPLOYMENT,0.06354141235351562,0.806304931640625,3,Tree / Woody Cover,0.02870061766144814,0.3595365363030385,0.5918218532705203,0.0906219482421875,512,0.3595365363030385,0.8969268798828125,0.09172439575195312,D:\499_4\FINAL_INFERENCE\A7_RGBN_REVISED7_TVERSKY_FULL_AOI\tiles_geotiff\tile_r12_c01_prediction.tif,5,Grassland / Herbaceous Cover,tile_r12_c01,0.806304931640625,523264,262144,0.8970069885253906,0.13758553960360587,0.038349151611328125,0.0023468077299412917,512
44.42176818847656,0.6069183349609375,38.92936706542969,1.9008636474609375,13.045883178710938,1.0951995849609375,0.0,0.006069183349609375,0.010951995849609375,0.010784154233988374,0.9235330071533099,2.866621819960861e-05,0.4442176818847656,0.04754770058708415,18.74417541402482,98.92678094114609,200,0.4442176818847656,9,0.006069183349609375,271,0.3892936706542969,18,0.019008636474609375,205,0.13045883178710938,11,0.010951995849609375,0,0.0,EPSG:32647,UNLABELED_DEPLOYMENT,0.4442176818847656,0.4442176818847656,1,Built-up & Impervious,0.061823477250489235,0.5905607559034887,0.5190913737090719,0.13045883178710938,512,0.5905607559034887,0.5197525024414062,0.14141082763671875,D:\499_4\FINAL_INFERENCE\A7_RGBN_REVISED7_TVERSKY_FULL_AOI\tiles_geotiff\tile_r12_c02_prediction.tif,3,Tree / Woody Cover,tile_r12_c02,0.3892936706542969,523264,262144,0.5258216857910156,0.03951914550270885,0.019008636474609375,0.001500198752446184,512
67.87376403808594,1.837921142578125,16.335296630859375,0.2529144287109375,13.389205932617188,0.3108978271484375,0.0,0.01837921142578125,0.003108978271484375,0.04989865038078278,0.8070055492571555,0.0004280821917808219,0.6787376403808594,0.03801713857632094,18.744180547494793,98.94135264695633,87,0.6787376403808594,16,0.01837921142578125,364,0.16335296630859375,8,0.002529144287109375,141,0.13389205932617188,7,0.003108978271484375,0,0.0,EPSG:32647,UNLABELED_DEPLOYMENT,0.6787376403808594,0.6787376403808594,1,Built-up & Impervious,0.046641848091976516,0.48036180129370804,0.5023904542500405,0.13389205932617188,512,0.48036180129370804,0.2972450256347656,0.13700103759765625,D:\499_4\FINAL_INFERENCE\A7_RGBN_REVISED7_TVERSKY_FULL_AOI\tiles_geotiff\tile_r12_c03_prediction.tif,3,Tree / Woody Cover,tile_r12_c03,0.16335296630859375,523264,262144,0.3156242370605469,0.003007102233823389,0.002529144287109375,0.00024079623287671232,512
80.35469055175781,0.23345947265625,8.039474487304688,1.3309478759765625,9.728622436523438,0.31280517578125,0.0,0.0023345947265625,0.0031280517578125,0.007503825472667813,0.5710999720031396,0.0,0.8035469055175781,0.028245780332681016,18.74418454643263,98.95592435697219,43,0.8035469055175781,2,0.0023345947265625,329,0.08039474487304688,4,0.013309478759765625,121,0.09728622436523438,8,0.0031280517578125,0,0.0,EPSG:32647,UNLABELED_DEPLOYMENT,0.8035469055175781,0.8035469055175781,1,Built-up & Impervious,0.033294856898238745,0.35704265415370057,0.42431204079892276,0.09728622436523438,512,0.35704265415370057,0.17768096923828125,0.10041427612304688,D:\499_4\FINAL_INFERENCE\A7_RGBN_REVISED7_TVERSKY_FULL_AOI\tiles_geotiff\tile_r12_c04_prediction.tif,5,Grassland / Herbaceous Cover,tile_r12_c04,0.08039474487304688,523264,262144,0.18001556396484375,0.009459364344365895,0.013309478759765625,0.0003478167808219178,512
71.87004089355469,3.65447998046875,11.251068115234375,0.97808837890625,11.043548583984375,1.2027740478515625,0.0,0.0365447998046875,0.012027740478515625,0.1050590502563864,0.6409260055515915,0.001095049535225049,0.7187004089355469,0.032633622798434445,18.7441874108371,98.97049607014873,59,0.7187004089355469,13,0.0365447998046875,301,0.11251068115234375,8,0.0097808837890625,170,0.11043548583984375,16,0.012027740478515625,0,0.0,EPSG:32647,UNLABELED_DEPLOYMENT,0.7187004089355469,0.7187004089355469,1,Built-up & Impervious,0.043436964897260275,0.48608900428866747,0.6414245208159759,0.11043548583984375,512,0.48608900428866747,0.2229461669921875,0.12246322631835938,D:\499_4\FINAL_INFERENCE\A7_RGBN_REVISED7_TVERSKY_FULL_AOI\tiles_geotiff\tile_r12_c05_prediction.tif,3,Tree / Woody Cover,tile_r12_c05,0.11251068115234375,523264,262144,0.259490966796875,0.008722442202270031,0.0097808837890625,0.000405149217221135,512
59.59320068359375,3.1681060791015625,24.035263061523438,4.065704345703125,7.9990386962890625,1.1386871337890625,0.0,0.031681060791015625,0.011386871337890625,0.0755190325435251,0.7636106293648481,0.00045865949119373774,0.5959320068359375,0.03484474376223092,18.744189140707302,98.98506778544102,88,0.5959320068359375,18,0.031681060791015625,258,0.24035263061523438,6,0.04065704345703125,205,0.07999038696289062,22,0.011386871337890625,0,0.0,EPSG:32647,UNLABELED_DEPLOYMENT,0.5959320068359375,0.5959320068359375,1,Built-up & Impervious,0.0479585830479452,0.5877479743010363,0.5778527252831606,0.07999038696289062,512,0.5877479743010363,0.320343017578125,0.09137725830078125,D:\499_4\FINAL_INFERENCE\A7_RGBN_REVISED7_TVERSKY_FULL_AOI\tiles_geotiff\tile_r12_c06_prediction.tif,3,Tree / Woody Cover,tile_r12_c06,0.24035263061523438,523264,262144,0.3520240783691406,0.052096799947321415,0.04065704345703125,0.002039123654598826,512
55.28106689453125,6.053924560546875,21.807098388671875,0.77056884765625,13.381195068359375,2.706146240234375,0.0,0.06053924560546875,0.02706146240234375,0.133866963442415,0.7780985618010163,0.0011160714285714285,0.5528106689453125,0.037057775807240706,18.74418973604272,98.99963950180408,118,0.5528106689453125,29,0.06053924560546875,316,0.21807098388671875,10,0.0077056884765625,205,0.13381195068359375,22,0.02706146240234375,0,0.0,EPSG:32647,UNLABELED_DEPLOYMENT,0.5528106689453125,0.5528106689453125,1,Built-up & Impervious,0.054966517857142856,0.6340868286589546,0.63961619918909,0.13381195068359375,512,0.6340868286589546,0.3518829345703125,0.1608734130859375,D:\499_4\FINAL_INFERENCE\A7_RGBN_REVISED7_TVERSKY_FULL_AOI\tiles_geotiff\tile_r12_c07_prediction.tif,3,Tree / Woody Cover,tile_r12_c07,0.21807098388671875,523264,262144,0.41242218017578125,0.010846001096069813,0.0077056884765625,0.0008905638454011741,512
73.54621887207031,0.77972412109375,15.883255004882812,0.9403228759765625,8.16192626953125,0.6885528564453125,0.0,0.0077972412109375,0.006885528564453125,0.022938304347917438,0.7073728659306653,0.0002866621819960861,0.7354621887207031,0.037132307974559686,18.74418919684315,99.01421121819303,48,0.7354621887207031,7,0.0077972412109375,307,0.15883255004882812,12,0.009403228759765625,171,0.0816192626953125,15,0.006885528564453125,0,0.0,EPSG:32647,UNLABELED_DEPLOYMENT,0.7354621887207031,0.7354621887207031,1,Built-up & Impervious,0.045134005014677105,0.43102341371272923,0.5674715597134176,0.0816192626953125,512,0.43102341371272923,0.24045181274414062,0.08850479125976562,D:\499_4\FINAL_INFERENCE\A7_RGBN_REVISED7_TVERSKY_FULL_AOI\tiles_geotiff\tile_r12_c08_prediction.tif,3,Tree / Woody Cover,tile_r12_c08,0.15883255004882812,523264,262144,0.24824905395507812,0.009044093603733927,0.009403228759765625,0.000770165728962818,512
56.75621032714844,18.192672729492188,12.168502807617188,0.516510009765625,8.699417114257812,3.66668701171875,0.0,0.18192672729492188,0.0366668701171875,0.4130188639392145,0.4737536208704114,0.0032431048189823877,0.5675621032714844,0.02340310053816047,18.744187523108774,99.02878293356287,63,0.5675621032714844,23,0.18192672729492188,219,0.12168502807617188,11,0.00516510009765625,139,0.08699417114257812,22,0.0366668701171875,0,0.0,EPSG:32647,UNLABELED_DEPLOYMENT,0.5675621032714844,0.5675621032714844,1,Built-up & Impervious,0.04154881665851272,0.6416819576474591,0.5891583269299147,0.08699417114257812,512,0.6416819576474591,0.20867919921875,0.12366104125976562,D:\499_4\FINAL_INFERENCE\A7_RGBN_REVISED7_TVERSKY_FULL_AOI\tiles_geotiff\tile_r12_c09_prediction.tif,2,Agricultural Land / Cropland,tile_r12_c09,0.12168502807617188,523264,262144,0.3906059265136719,0.004311395809054375,0.00516510009765625,0.0004414597602739726,512
57.47833251953125,10.548782348632812,14.83306884765625,0.7251739501953125,12.666702270507812,3.7479400634765625,0.0,0.10548782348632812,0.037479400634765625,0.24253056780435145,0.6322563954163343,0.0010396281800391389,0.5747833251953125,0.03062125428082192,18.744184714840095,99.04335464686865,46,0.5747833251953125,13,0.10548782348632812,309,0.1483306884765625,16,0.007251739501953125,144,0.12666702270507812,27,0.037479400634765625,0,0.0,EPSG:32647,UNLABELED_DEPLOYMENT,0.5747833251953125,0.5747833251953125,1,Built-up & Impervious,0.04681193431996086,0.6470692805209349,0.5856479962196924,0.12666702270507812,512,0.6470692805209349,0.2749977111816406,0.16414642333984375,D:\499_4\FINAL_INFERENCE\A7_RGBN_REVISED7_TVERSKY_FULL_AOI\tiles_geotiff\tile_r12_c10_prediction.tif,3,Tree / Woody Cover,tile_r12_c10,0.1483306884765625,523264,262144,0.38048553466796875,0.0079768470604904,0.007251739501953125,0.0009650960127201566,512
40.92826843261719,24.266815185546875,19.159698486328125,2.76641845703125,12.125015258789062,0.7537841796875,0.0,0.24266815185546875,0.007537841796875,0.3972794903675094,0.5121716647990979,0.0025570266634050882,0.4092826843261719,0.030242860200587085,18.744180772037993,99.05792635706548,118,0.4092826843261719,27,0.24266815185546875,279,0.19159698486328125,25,0.0276641845703125,177,0.12125015258789062,15,0.007537841796875,0,0.0,EPSG:32647,UNLABELED_DEPLOYMENT,0.4092826843261719,0.4092826843261719,1,Built-up & Impervious,0.054131375366927595,0.7285897905811216,0.6053096618610114,0.12125015258789062,512,0.7285897905811216,0.3128471374511719,0.12878799438476562,D:\499_4\FINAL_INFERENCE\A7_RGBN_REVISED7_TVERSKY_FULL_AOI\tiles_geotiff\tile_r12_c11_prediction.tif,2,Agricultural Land / Cropland,tile_r12_c11,0.19159698486328125,523264,262144,0.5555152893066406,0.03461864381097257,0.0276641845703125,0.003365414016634051,512
43.45207214355469,25.748443603515625,17.989349365234375,0.97808837890625,11.236190795898438,0.595855712890625,0.0,0.25748443603515625,0.00595855712890625,0.44752929161768407,0.5079641118063591,0.005299428204500979,0.4345207214355469,0.02783489787181996,18.74417569470369,99.07249806310836,65,0.4345207214355469,51,0.25748443603515625,320,0.17989349365234375,15,0.0097808837890625,156,0.11236190795898438,20,0.00595855712890625,0,0.0,EPSG:32647,UNLABELED_DEPLOYMENT,0.4345207214355469,0.4345207214355469,1,Built-up & Impervious,0.051129066780821915,0.6894103567186947,0.6245675576055271,0.11236190795898438,512,0.6894103567186947,0.2922554016113281,0.11832046508789062,D:\499_4\FINAL_INFERENCE\A7_RGBN_REVISED7_TVERSKY_FULL_AOI\tiles_geotiff\tile_r12_c12_prediction.tif,2,Agricultural Land / Cropland,tile_r12_c12,0.17989349365234375,523264,262144,0.5497398376464844,0.011434064479544759,0.0097808837890625,0.0011046049412915852,512
34.307098388671875,27.765655517578125,19.083786010742188,2.0610809326171875,15.186309814453125,1.5960693359375,0.0,0.27765655517578125,0.015960693359375,0.38102363026700914,0.47028301970567554,0.0032908818493150686,0.34307098388671875,0.027540591364970647,18.74416948283876,99.0870697639524,100,0.34307098388671875,27,0.27765655517578125,332,0.19083786010742188,25,0.020610809326171875,115,0.15186309814453125,12,0.015960693359375,0,0.0,EPSG:32647,UNLABELED_DEPLOYMENT,0.34307098388671875,0.34307098388671875,1,Built-up & Impervious,0.05211709576810176,0.7560329749938454,0.6565157334681224,0.15186309814453125,512,0.7560329749938454,0.3427009582519531,0.16782379150390625,D:\499_4\FINAL_INFERENCE\A7_RGBN_REVISED7_TVERSKY_FULL_AOI\tiles_geotiff\tile_r12_c13_prediction.tif,2,Agricultural Land / Cropland,tile_r12_c13,0.19083786010742188,523264,262144,0.6203575134277344,0.028253376425709575,0.020610809326171875,0.0013511344178082192,512
28.201675415039062,15.473175048828125,31.858444213867188,1.0318756103515625,22.584152221679688,0.850677490234375,0.0,0.15473175048828125,0.00850677490234375,0.1745477841468528,0.6141489733709022,0.0013778895547945206,0.2820167541503906,0.032734910102739725,18.74416213644513,99.1016414585526,128,0.2820167541503906,12,0.15473175048828125,306,0.3185844421386719,17,0.010318756103515625,143,0.22584152221679688,13,0.00850677490234375,0,0.0,EPSG:32647,UNLABELED_DEPLOYMENT,0.2820167541503906,0.3185844421386719,3,Tree / Woody Cover,0.05700373043052837,0.7368852218996094,0.6028246025452865,0.22584152221679688,512,0.7368852218996094,0.5444259643554688,0.23434829711914062,D:\499_4\FINAL_INFERENCE\A7_RGBN_REVISED7_TVERSKY_FULL_AOI\tiles_geotiff\tile_r12_c14_prediction.tif,1,Built-up & Impervious,tile_r12_c14,0.3185844421386719,523264,262144,0.69915771484375,0.022471194970421493,0.010318756103515625,0.0010816719667318983,512
43.91632080078125,2.5882720947265625,37.24327087402344,0.110626220703125,15.560150146484375,0.58135986328125,0.0,0.025882720947265625,0.0058135986328125,0.04546695505268872,0.9275727907661349,0.00018537487769080234,0.4391632080078125,0.05052707619863014,18.744153655525075,99.1162131458641,151,0.4391632080078125,12,0.025882720947265625,392,0.3724327087402344,4,0.00110626220703125,191,0.15560150146484375,10,0.0058135986328125,0,0.0,EPSG:32647,UNLABELED_DEPLOYMENT,0.4391632080078125,0.4391632080078125,1,Built-up & Impervious,0.06735987952544031,0.5913724939892901,0.48651203162357914,0.15560150146484375,512,0.5913724939892901,0.5280342102050781,0.16141510009765625,D:\499_4\FINAL_INFERENCE\A7_RGBN_REVISED7_TVERSKY_FULL_AOI\tiles_geotiff\tile_r12_c15_prediction.tif,3,Tree / Woody Cover,tile_r12_c15,0.3724327087402344,523264,262144,0.5539169311523438,0.002336577163077891,0.00110626220703125,0.0002923954256360078,512
49.41730408428345,2.850339154279117,31.98693895222976,1.0427190070717276,14.33468032905181,0.36801847308413915,0.0,0.02850339154279117,0.0036801847308413917,0.05634243069214018,0.9156358182797995,0.00017234654354471486,0.49417304084283453,0.05569514617708154,18.744147950163544,99.12506430349107,31,0.49417304084283453,4,0.02850339154279117,86,0.3198693895222976,14,0.010427190070717275,44,0.1433468032905181,1,0.0036801847308413917,0,0.0,EPSG:32647,UNLABELED_DEPLOYMENT,0.49417304084283453,0.49417304084283453,1,Built-up & Impervious,0.07597761309108061,0.596633230492485,0.4727352115380333,0.1433468032905181,512,0.596633230492485,0.4632161928128157,0.1470269880213595,D:\499_4\FINAL_INFERENCE\A7_RGBN_REVISED7_TVERSKY_FULL_AOI\tiles_geotiff\tile_r12_c16_prediction.tif,3,Tree / Woody Cover,tile_r12_c16,0.3198693895222976,110243,55432,0.4917195843556069,0.019320173145173,0.010427190070717275,0.0029661747231116715,110
5.160462622549019,0.09306066176470587,67.79794730392157,4.029947916666667,22.44561887254902,0.47296262254901955,0.0,0.0009306066176470587,0.004729626225490196,0.00019209442666657652,0.1862794200716822,7.674332045324606e-06,0.0516046262254902,0.01033156951601825,18.730279488697438,98.8976459082561,93,0.0516046262254902,3,0.0009306066176470587,80,0.6779794730392158,19,0.04029947916666667,114,0.2244561887254902,3,0.004729626225490196,0,0.0,EPSG:32647,UNLABELED_DEPLOYMENT,0.0516046262254902,0.6779794730392158,3,Tree / Woody Cover,0.03307061536631505,0.46921096148548674,0.3601234690530086,0.2244561887254902,512,0.46921096148548674,0.902435661764706,0.2291858149509804,D:\499_4\FINAL_INFERENCE\A7_RGBN_REVISED7_TVERSKY_FULL_AOI\tiles_geotiff\tile_r13_c00_prediction.tif,5,Grassland / Herbaceous Cover,tile_r13_c00,0.6779794730392158,521218,261120,0.9033662683823531,0.1454707486021753,0.04029947916666667,0.0019991634978070594,512
25.580215454101562,0.48980712890625,58.02116394042969,0.7244110107421875,15.056228637695312,0.128173828125,0.0,0.0048980712890625,0.00128173828125,0.005011748755350709,0.74773417878896,6.497676125244618e-05,0.2558021545410156,0.036184411692759294,18.730286885347564,98.91221641217042,198,0.2558021545410156,6,0.0048980712890625,204,0.5802116394042969,6,0.007244110107421875,187,0.15056228637695312,6,0.00128173828125,0,0.0,EPSG:32647,UNLABELED_DEPLOYMENT,0.2558021545410156,0.5802116394042969,3,Tree / Woody Cover,0.05337267612524462,0.5241500521220357,0.4319832811026711,0.15056228637695312,512,0.5241500521220357,0.73077392578125,0.15184402465820312,D:\499_4\FINAL_INFERENCE\A7_RGBN_REVISED7_TVERSKY_FULL_AOI\tiles_geotiff\tile_r13_c01_prediction.tif,1,Built-up & Impervious,tile_r13_c01,0.5802116394042969,523264,262144,0.7356719970703125,0.021175227127969265,0.007244110107421875,0.0008007430283757339,512
57.41310119628906,7.1392059326171875,22.482681274414062,0.8319854736328125,11.196517944335938,0.9365081787109375,0.0,0.07139205932617188,0.009365081787109375,0.16395358106819913,0.7734509091824293,0.0008848306017612525,0.5741310119628906,0.04467152336105675,18.730293148370116,98.92678692237787,125,0.5741310119628906,16,0.07139205932617188,384,0.22482681274414062,6,0.008319854736328125,183,0.11196517944335938,10,0.009365081787109375,0,0.0,EPSG:32647,UNLABELED_DEPLOYMENT,0.5741310119628906,0.5741310119628906,1,Built-up & Impervious,0.057970737524461836,0.6019329582302045,0.5887295028893952,0.11196517944335938,512,0.6019329582302045,0.3367919921875,0.12133026123046875,D:\499_4\FINAL_INFERENCE\A7_RGBN_REVISED7_TVERSKY_FULL_AOI\tiles_geotiff\tile_r13_c02_prediction.tif,3,Tree / Woody Cover,tile_r13_c02,0.22482681274414062,523264,262144,0.4081840515136719,0.011208241805434227,0.008319854736328125,0.0006459454500978473,512
60.61553955078125,5.523681640625,12.437057495117188,0.3643035888671875,17.879867553710938,3.1795501708984375,0.0,0.05523681640625,0.031795501708984375,0.13392837718129158,0.7350707077421248,0.0011810481898238748,0.6061553955078125,0.04097358121330724,18.730298277763158,98.94135743783393,107,0.6061553955078125,8,0.05523681640625,356,0.12437057495117188,7,0.003643035888671875,231,0.17879867553710938,21,0.031795501708984375,0,0.0,EPSG:32647,UNLABELED_DEPLOYMENT,0.6061553955078125,0.6061553955078125,1,Built-up & Impervious,0.054913007583170255,0.5964179654233207,0.6363540975005071,0.17879867553710938,512,0.5964179654233207,0.30316925048828125,0.21059417724609375,D:\499_4\FINAL_INFERENCE\A7_RGBN_REVISED7_TVERSKY_FULL_AOI\tiles_geotiff\tile_r13_c03_prediction.tif,5,Grassland / Herbaceous Cover,tile_r13_c03,0.12437057495117188,523264,262144,0.35840606689453125,0.004417825839482248,0.003643035888671875,0.0003803051614481409,512
71.36726379394531,4.222869873046875,15.054702758789062,0.4940032958984375,8.367156982421875,0.4940032958984375,0.0,0.04222869873046875,0.004940032958984375,0.12054986727889627,0.6686216170783155,0.0025226272015655576,0.7136726379394531,0.03587863869863014,18.730302273525098,98.95592795749401,72,0.7136726379394531,18,0.04222869873046875,336,0.15054702758789062,10,0.004940032958984375,136,0.08367156982421875,11,0.004940032958984375,0,0.0,EPSG:32647,UNLABELED_DEPLOYMENT,0.7136726379394531,0.7136726379394531,1,Built-up & Impervious,0.045348046110567516,0.4725217761548825,0.6232880088633658,0.08367156982421875,512,0.4725217761548825,0.23421859741210938,0.08861160278320312,D:\499_4\FINAL_INFERENCE\A7_RGBN_REVISED7_TVERSKY_FULL_AOI\tiles_geotiff\tile_r13_c04_prediction.tif,3,Tree / Woody Cover,tile_r13_c04,0.15054702758789062,523264,262144,0.2764472961425781,0.004628190363291651,0.004940032958984375,0.0003669275929549902,512
63.67645263671875,5.9345245361328125,16.792678833007812,3.069305419921875,7.988739013671875,2.538299560546875,0.0,0.059345245361328125,0.02538299560546875,0.15115578821860254,0.6311971119139344,0.0024557393590998043,0.6367645263671875,0.040394523605675144,18.730305135654696,98.9704984803136,84,0.6367645263671875,28,0.059345245361328125,382,0.16792678833007812,15,0.03069305419921875,183,0.07988739013671875,12,0.02538299560546875,0,0.0,EPSG:32647,UNLABELED_DEPLOYMENT,0.6367645263671875,0.6367645263671875,1,Built-up & Impervious,0.05599659063111546,0.594427037244196,0.6348832170125712,0.07988739013671875,512,0.594427037244196,0.24781417846679688,0.1052703857421875,D:\499_4\FINAL_INFERENCE\A7_RGBN_REVISED7_TVERSKY_FULL_AOI\tiles_geotiff\tile_r13_c05_prediction.tif,3,Tree / Woody Cover,tile_r13_c05,0.16792678833007812,523264,262144,0.307159423828125,0.030424696044065058,0.03069305419921875,0.001437133072407045,512
43.206024169921875,11.08551025390625,26.964950561523438,7.0224761962890625,10.485076904296875,1.2359619140625,0.0,0.1108551025390625,0.012359619140625,0.1915843295864761,0.6472267167409882,0.0017811276908023482,0.43206024169921875,0.039423694349315065,18.730306864151064,98.98506900524814,145,0.43206024169921875,20,0.1108551025390625,333,0.2696495056152344,21,0.07022476196289062,200,0.10485076904296875,14,0.012359619140625,0,0.0,EPSG:32647,UNLABELED_DEPLOYMENT,0.43206024169921875,0.43206024169921875,1,Built-up & Impervious,0.06262422027886497,0.7385249361406208,0.670529595758957,0.10485076904296875,512,0.7385249361406208,0.3745002746582031,0.11721038818359375,D:\499_4\FINAL_INFERENCE\A7_RGBN_REVISED7_TVERSKY_FULL_AOI\tiles_geotiff\tile_r13_c06_prediction.tif,3,Tree / Woody Cover,tile_r13_c06,0.2696495056152344,523264,262144,0.4853553771972656,0.1051967705716379,0.07022476196289062,0.0032431048189823877,512
41.83998107910156,20.9228515625,22.895050048828125,1.77459716796875,11.713790893554688,0.853729248046875,0.0,0.209228515625,0.00853729248046875,0.3501646853983402,0.579213300079573,0.003397902397260274,0.4183998107910156,0.03176025868395303,18.73030745901367,98.99963953125305,139,0.4183998107910156,30,0.209228515625,268,0.22895050048828125,22,0.0177459716796875,202,0.11713790893554688,18,0.00853729248046875,0,0.0,EPSG:32647,UNLABELED_DEPLOYMENT,0.4183998107910156,0.4183998107910156,1,Built-up & Impervious,0.056636802837573386,0.7157538822489306,0.6085627033730936,0.11713790893554688,512,0.7157538822489306,0.3460884094238281,0.12567520141601562,D:\499_4\FINAL_INFERENCE\A7_RGBN_REVISED7_TVERSKY_FULL_AOI\tiles_geotiff\tile_r13_c07_prediction.tif,3,Tree / Woody Cover,tile_r13_c07,0.22895050048828125,523264,262144,0.5553169250488281,0.024566700449213386,0.0177459716796875,0.0015670865949119373,512
55.65910339355469,4.9800872802734375,22.562408447265625,1.0013580322265625,14.514923095703125,1.2821197509765625,0.0,0.049800872802734375,0.012821197509765625,0.11087487713666633,0.8254764119628817,0.0005580357142857143,0.5565910339355469,0.03954027030332681,18.730306920242327,99.01421005728383,91,0.5565910339355469,18,0.049800872802734375,315,0.22562408447265625,16,0.010013580322265625,177,0.14514923095703125,10,0.012821197509765625,0,0.0,EPSG:32647,UNLABELED_DEPLOYMENT,0.5565910339355469,0.5565910339355469,1,Built-up & Impervious,0.05439892673679061,0.613354449632563,0.5932953788025889,0.14514923095703125,512,0.613354449632563,0.3707733154296875,0.15797042846679688,D:\499_4\FINAL_INFERENCE\A7_RGBN_REVISED7_TVERSKY_FULL_AOI\tiles_geotiff\tile_r13_c08_prediction.tif,3,Tree / Woody Cover,tile_r13_c08,0.22562408447265625,523264,262144,0.4205741882324219,0.014851073501631618,0.010013580322265625,0.0014161111790606654,512
52.00614929199219,13.5223388671875,20.03631591796875,1.9866943359375,9.533309936523438,2.915191650390625,0.0,0.135223388671875,0.02915191650390625,0.28129790956154466,0.6151209506788291,0.002222587451076321,0.5200614929199219,0.03678066903131116,18.730305247837197,99.02878058229588,112,0.5200614929199219,28,0.135223388671875,329,0.2003631591796875,20,0.019866943359375,169,0.09533309936523438,17,0.02915191650390625,0,0.0,EPSG:32647,UNLABELED_DEPLOYMENT,0.5200614929199219,0.5200614929199219,1,Built-up & Impervious,0.05455372431506849,0.6874253352171155,0.615924627376749,0.09533309936523438,512,0.6874253352171155,0.2956962585449219,0.12448501586914062,D:\499_4\FINAL_INFERENCE\A7_RGBN_REVISED7_TVERSKY_FULL_AOI\tiles_geotiff\tile_r13_c09_prediction.tif,3,Tree / Woody Cover,tile_r13_c09,0.2003631591796875,523264,262144,0.4309196472167969,0.023498323280364275,0.019866943359375,0.0017027733610567514,512
40.5426025390625,18.45245361328125,17.630767822265625,2.3220062255859375,14.56298828125,6.4891815185546875,0.0,0.1845245361328125,0.06489181518554688,0.29924419708549976,0.5220874631777406,0.002595248287671233,0.405426025390625,0.030837206457925637,18.730302441798813,99.04335110524468,142,0.405426025390625,30,0.1845245361328125,329,0.17630767822265625,22,0.023220062255859375,198,0.1456298828125,24,0.06489181518554688,0,0.0,EPSG:32647,UNLABELED_DEPLOYMENT,0.405426025390625,0.405426025390625,1,Built-up & Impervious,0.057835050758317026,0.7858989501315016,0.6605582080095661,0.1456298828125,512,0.7858989501315016,0.32193756103515625,0.21052169799804688,D:\499_4\FINAL_INFERENCE\A7_RGBN_REVISED7_TVERSKY_FULL_AOI\tiles_geotiff\tile_r13_c10_prediction.tif,2,Agricultural Land / Cropland,tile_r13_c10,0.17630767822265625,523264,262144,0.5064620971679688,0.029901640838943422,0.023220062255859375,0.0011619373776908023,512
24.001693725585938,32.95745849609375,17.379379272460938,2.9972076416015625,22.199630737304688,0.464630126953125,0.0,0.3295745849609375,0.00464630126953125,0.3164139299187809,0.37998531048651785,0.0029640869618395302,0.24001693725585938,0.02855537548923679,18.730298502128033,99.05792162508567,135,0.24001693725585938,36,0.3295745849609375,306,0.17379379272460938,36,0.029972076416015625,137,0.22199630737304688,15,0.00464630126953125,0,0.0,EPSG:32647,UNLABELED_DEPLOYMENT,0.24001693725585938,0.3295745849609375,2,Agricultural Land / Cropland,0.05657947040117417,0.7588517037819973,0.7121997854656313,0.22199630737304688,512,0.7588517037819973,0.39579010009765625,0.22664260864257812,D:\499_4\FINAL_INFERENCE\A7_RGBN_REVISED7_TVERSKY_FULL_AOI\tiles_geotiff\tile_r13_c11_prediction.tif,1,Built-up & Impervious,tile_r13_c11,0.17379379272460938,523264,262144,0.7253646850585938,0.047450604499317706,0.029972076416015625,0.002547471257338552,512
27.687454223632812,10.58807373046875,21.776962280273438,7.0232391357421875,25.866317749023438,7.057952880859375,0.0,0.1058807373046875,0.07057952880859375,0.11726272269152105,0.5276484539499506,0.0020104574363992173,0.2768745422363281,0.02140028742661448,18.730293428826077,99.07249214077429,100,0.2768745422363281,37,0.1058807373046875,258,0.21776962280273438,37,0.07023239135742188,130,0.2586631774902344,14,0.07057952880859375,0,0.0,EPSG:32647,UNLABELED_DEPLOYMENT,0.2768745422363281,0.2768745422363281,1,Built-up & Impervious,0.05057485322896282,0.8472494933034171,0.4347589478986918,0.2586631774902344,512,0.8472494933034171,0.47643280029296875,0.3292427062988281,D:\499_4\FINAL_INFERENCE\A7_RGBN_REVISED7_TVERSKY_FULL_AOI\tiles_geotiff\tile_r13_c12_prediction.tif,5,Grassland / Herbaceous Cover,tile_r13_c12,0.21776962280273438,523264,262144,0.5823135375976562,0.1338440595427528,0.07023239135742188,0.005140808463796477,512
19.312286376953125,26.325607299804688,20.337677001953125,5.577850341796875,23.62518310546875,4.8213958740234375,0.0,0.2632560729980469,0.048213958740234375,0.20336306688841432,0.3396093377377838,0.0015097541585127202,0.19312286376953125,0.01563837756849315,18.73028722189452,99.08706265126601,106,0.19312286376953125,31,0.2632560729980469,194,0.20337677001953125,19,0.05577850341796875,123,0.2362518310546875,15,0.048213958740234375,0,0.0,EPSG:32647,UNLABELED_DEPLOYMENT,0.19312286376953125,0.2632560729980469,2,Agricultural Land / Cropland,0.044973474192759294,0.8432596801263068,0.5578580924161184,0.2362518310546875,512,0.8432596801263068,0.43962860107421875,0.2844657897949219,D:\499_4\FINAL_INFERENCE\A7_RGBN_REVISED7_TVERSKY_FULL_AOI\tiles_geotiff\tile_r13_c13_prediction.tif,5,Grassland / Herbaceous Cover,tile_r13_c13,0.20337677001953125,523264,262144,0.7028846740722656,0.09808730171062052,0.05577850341796875,0.0030672853473581213,512
23.983001708984375,34.61494445800781,19.6929931640625,5.124664306640625,15.111160278320312,1.473236083984375,0.0,0.3461494445800781,0.01473236083984375,0.33206810883712023,0.33388322859536856,0.001985613380626223,0.23983001708984375,0.028226669520547944,18.730279881335296,99.10163315551627,98,0.23983001708984375,39,0.3461494445800781,303,0.196929931640625,25,0.05124664306640625,112,0.15111160278320312,24,0.01473236083984375,0,0.0,EPSG:32647,UNLABELED_DEPLOYMENT,0.23983001708984375,0.3461494445800781,2,Agricultural Land / Cropland,0.05353129586594912,0.7860639866914317,0.6714544272684028,0.15111160278320312,512,0.7860639866914317,0.3480415344238281,0.16584396362304688,D:\499_4\FINAL_INFERENCE\A7_RGBN_REVISED7_TVERSKY_FULL_AOI\tiles_geotiff\tile_r13_c14_prediction.tif,1,Built-up & Impervious,tile_r13_c14,0.196929931640625,523264,262144,0.6941909790039062,0.07134384114760906,0.05124664306640625,0.001920636619373777,512
19.334793090820312,41.803741455078125,19.729995727539062,1.8550872802734375,16.959381103515625,0.3170013427734375,0.0,0.41803741455078125,0.003170013427734375,0.3233066765824333,0.2837526038638316,0.0008485200587084148,0.19334793090820312,0.03162074975538161,18.730271407150667,99.11620365248052,166,0.19334793090820312,22,0.41803741455078125,314,0.19729995727539062,22,0.018550872802734375,119,0.16959381103515625,11,0.003170013427734375,0,0.0,EPSG:32647,UNLABELED_DEPLOYMENT,0.19334793090820312,0.41803741455078125,2,Agricultural Land / Cropland,0.052885350415851275,0.7172360091610346,0.5388539210399922,0.16959381103515625,512,0.7172360091610346,0.3668937683105469,0.17276382446289062,D:\499_4\FINAL_INFERENCE\A7_RGBN_REVISED7_TVERSKY_FULL_AOI\tiles_geotiff\tile_r13_c15_prediction.tif,3,Tree / Woody Cover,tile_r13_c15,0.19729995727539062,523264,262144,0.7849311828613281,0.027224798512179404,0.018550872802734375,0.0012594025195694716,512
43.91305905963303,6.809059633027522,33.634962729357795,2.8168004587155964,12.802823967889909,0.02329415137614679,0.0,0.06809059633027523,0.0002329415137614679,0.11960265512228033,0.8156901079339519,0.0009820262173971801,0.4391305905963303,0.0544438938690932,18.730265706320246,99.12505408706608,41,0.4391305905963303,8,0.06809059633027523,107,0.336349627293578,17,0.028168004587155963,40,0.1280282396788991,1,0.0002329415137614679,0,0.0,EPSG:32647,UNLABELED_DEPLOYMENT,0.4391305905963303,0.4391305905963303,1,Built-up & Impervious,0.07576917879183748,0.655984352111931,0.40143977464099123,0.1280282396788991,512,0.655984352111931,0.46437786697247707,0.12826118119266056,D:\499_4\FINAL_INFERENCE\A7_RGBN_REVISED7_TVERSKY_FULL_AOI\tiles_geotiff\tile_r13_c16_prediction.tif,3,Tree / Woody Cover,tile_r13_c16,0.336349627293578,110995,55808,0.5324684633027523,0.052322391548217745,0.028168004587155963,0.00323437992702374,110
4.9957154442931255,0.0026778473167969885,79.15448883720218,2.0810699147679452,12.996358127649158,0.7696898287707915,0.0,2.6778473167969887e-05,0.007696898287707915,5.351105279192649e-06,0.18414376375480004,9.582490872677443e-06,0.04995715444293126,0.01125367728087239,18.716397213339214,98.89765426285223,110,0.04995715444293126,1,2.6778473167969887e-05,53,0.7915448883720217,22,0.020810699147679454,181,0.12996358127649157,13,0.007696898287707915,0,0.0,EPSG:32647,UNLABELED_DEPLOYMENT,0.04995715444293126,0.7915448883720217,3,Tree / Woody Cover,0.03260538344337227,0.3691113822570614,0.4727661528674445,0.12996358127649157,512,0.3691113822570614,0.9215084696485133,0.1376604795641995,D:\499_4\FINAL_INFERENCE\A7_RGBN_REVISED7_TVERSKY_FULL_AOI\tiles_geotiff\tile_r14_c00_prediction.tif,5,Grassland / Herbaceous Cover,tile_r14_c00,0.7915448883720217,521785,261404,0.9215352481216813,0.07670894209557486,0.020810699147679454,0.0018245062621577853,512
44.59877014160156,5.9177398681640625,26.63421630859375,0.423431396484375,21.9512939453125,0.47454833984375,0.0,0.059177398681640625,0.0047454833984375,0.10556956805521622,0.8667416016105562,0.0006134570694716243,0.4459877014160156,0.04086082742172211,18.716404604111283,98.91222357746126,143,0.4459877014160156,17,0.059177398681640625,335,0.2663421630859375,13,0.00423431396484375,227,0.219512939453125,13,0.0047454833984375,0,0.0,EPSG:32647,UNLABELED_DEPLOYMENT,0.4459877014160156,0.4459877014160156,1,Built-up & Impervious,0.06047998715753425,0.6481165412049039,0.6121589370850765,0.219512939453125,512,0.6481165412049039,0.4858551025390625,0.2242584228515625,D:\499_4\FINAL_INFERENCE\A7_RGBN_REVISED7_TVERSKY_FULL_AOI\tiles_geotiff\tile_r14_c01_prediction.tif,3,Tree / Woody Cover,tile_r14_c01,0.2663421630859375,523264,262144,0.5450325012207031,0.008229052182286978,0.00423431396484375,0.0006956335616438356,512
57.00569152832031,3.57513427734375,23.575592041015625,0.50048828125,13.705825805664062,1.63726806640625,0.0,0.0357513427734375,0.0163726806640625,0.08152120071463287,0.8501012022024952,0.0005370138209393347,0.5700569152832031,0.054339683219178085,18.716410862156664,98.92679289836106,104,0.5700569152832031,12,0.0357513427734375,485,0.23575592041015625,12,0.0050048828125,208,0.13705825805664062,15,0.0163726806640625,0,0.0,EPSG:32647,UNLABELED_DEPLOYMENT,0.5700569152832031,0.5700569152832031,1,Built-up & Impervious,0.06893652152641878,0.5891104454124856,0.6115156818738524,0.13705825805664062,512,0.5891104454124856,0.3728141784667969,0.15343093872070312,D:\499_4\FINAL_INFERENCE\A7_RGBN_REVISED7_TVERSKY_FULL_AOI\tiles_geotiff\tile_r14_c02_prediction.tif,3,Tree / Woody Cover,tile_r14_c02,0.23575592041015625,523264,262144,0.4085655212402344,0.007463565096259117,0.0050048828125,0.0006593230185909981,512
64.0350341796875,1.663970947265625,19.417190551757812,0.7411956787109375,10.68878173828125,3.453826904296875,0.0,0.01663970947265625,0.03453826904296875,0.04262097459286451,0.7711347858421504,0.00020830785225048923,0.640350341796875,0.03693355552837573,18.716415987473415,98.94136222450746,107,0.640350341796875,12,0.01663970947265625,252,0.19417190551757812,8,0.007411956787109375,154,0.1068878173828125,11,0.03453826904296875,0,0.0,EPSG:32647,UNLABELED_DEPLOYMENT,0.640350341796875,0.640350341796875,1,Built-up & Impervious,0.048029293052837575,0.5464959158109889,0.5192296249242244,0.1068878173828125,512,0.5464959158109889,0.3010597229003906,0.14142608642578125,D:\499_4\FINAL_INFERENCE\A7_RGBN_REVISED7_TVERSKY_FULL_AOI\tiles_geotiff\tile_r14_c03_prediction.tif,3,Tree / Woody Cover,tile_r14_c03,0.19417190551757812,523264,262144,0.3176994323730469,0.008925766625907272,0.007411956787109375,0.0007950097847358121,512
70.13511657714844,11.169815063476562,9.097671508789062,0.40740966796875,7.8948974609375,1.2950897216796875,0.0,0.11169815063476562,0.012950897216796875,0.31335851264884695,0.47671032225480303,0.004168068126223092,0.7013511657714844,0.02507720768101761,18.71641998005996,98.95593155485635,55,0.7013511657714844,21,0.11169815063476562,238,0.09097671508789062,7,0.0040740966796875,144,0.078948974609375,13,0.012950897216796875,0,0.0,EPSG:32647,UNLABELED_DEPLOYMENT,0.7013511657714844,0.7013511657714844,1,Built-up & Impervious,0.038047715875733856,0.5092138743229037,0.5919555815220026,0.078948974609375,512,0.5092138743229037,0.16992568969726562,0.09189987182617188,D:\499_4\FINAL_INFERENCE\A7_RGBN_REVISED7_TVERSKY_FULL_AOI\tiles_geotiff\tile_r14_c04_prediction.tif,2,Agricultural Land / Cropland,tile_r14_c04,0.09097671508789062,523264,262144,0.28162384033203125,0.0027691747527569532,0.0040740966796875,0.000309595156555773,512
46.90208435058594,34.568023681640625,6.72760009765625,3.087615966796875,7.4398040771484375,1.274871826171875,0.0,0.34568023681640625,0.01274871826171875,0.6485249450197443,0.2657923142542131,0.010585478840508806,0.4690208435058594,0.018774461839530333,18.716422839915047,98.97050088836352,85,0.4690208435058594,56,0.34568023681640625,274,0.0672760009765625,20,0.03087615966796875,101,0.07439804077148438,8,0.01274871826171875,0,0.0,EPSG:32647,UNLABELED_DEPLOYMENT,0.4690208435058594,0.4690208435058594,1,Built-up & Impervious,0.04177814640410959,0.6476015838440611,0.5636440167941404,0.07439804077148438,512,0.6476015838440611,0.14167404174804688,0.08714675903320312,D:\499_4\FINAL_INFERENCE\A7_RGBN_REVISED7_TVERSKY_FULL_AOI\tiles_geotiff\tile_r14_c05_prediction.tif,2,Agricultural Land / Cropland,tile_r14_c05,0.0672760009765625,523264,262144,0.4873542785644531,0.017497401335276663,0.03087615966796875,0.0010128730430528376,512
48.043060302734375,19.075393676757812,16.939544677734375,6.6150665283203125,7.6450347900390625,1.6819000244140625,0.0,0.19075393676757812,0.016819000244140625,0.36657611548434943,0.47244737355504185,0.004611438967710372,0.48043060302734375,0.03196856653620352,18.716424567037794,98.98507022398486,94,0.48043060302734375,42,0.19075393676757812,321,0.16939544677734375,15,0.06615066528320312,194,0.07645034790039062,7,0.016819000244140625,0,0.0,EPSG:32647,UNLABELED_DEPLOYMENT,0.48043060302734375,0.48043060302734375,1,Built-up & Impervious,0.05359436154598826,0.7266093767438223,0.5577942331246081,0.07645034790039062,512,0.7266093767438223,0.24584579467773438,0.09326934814453125,D:\499_4\FINAL_INFERENCE\A7_RGBN_REVISED7_TVERSKY_FULL_AOI\tiles_geotiff\tile_r14_c06_prediction.tif,2,Agricultural Land / Cropland,tile_r14_c06,0.16939544677734375,523264,262144,0.4365997314453125,0.06505145150003955,0.06615066528320312,0.0020429458170254404,512
44.12803649902344,30.00335693359375,11.038970947265625,2.52838134765625,9.725189208984375,2.5760650634765625,0.0,0.3000335693359375,0.025760650634765625,0.5295956919435412,0.3665126468986273,0.00713406616927593,0.4412803649902344,0.026560206702544033,18.716425161427665,98.99963956067617,106,0.4412803649902344,38,0.3000335693359375,313,0.11038970947265625,18,0.0252838134765625,173,0.09725189208984375,19,0.025760650634765625,0,0.0,EPSG:32647,UNLABELED_DEPLOYMENT,0.4412803649902344,0.4412803649902344,1,Built-up & Impervious,0.05209989603718199,0.708845266921427,0.6681546596691983,0.09725189208984375,512,0.708845266921427,0.2076416015625,0.12301254272460938,D:\499_4\FINAL_INFERENCE\A7_RGBN_REVISED7_TVERSKY_FULL_AOI\tiles_geotiff\tile_r14_c07_prediction.tif,2,Agricultural Land / Cropland,tile_r14_c07,0.11038970947265625,523264,262144,0.5076751708984375,0.020999886095523834,0.0252838134765625,0.001779216609589041,512
32.05986022949219,30.499267578125,15.720748901367188,1.77459716796875,15.584564208984375,4.3609619140625,0.0,0.30499267578125,0.043609619140625,0.3911209022626281,0.40145758510334417,0.00610208231409002,0.3205986022949219,0.0281884478962818,18.716424623084478,99.01420889739333,145,0.3205986022949219,58,0.30499267578125,317,0.15720748901367188,32,0.0177459716796875,151,0.15584564208984375,17,0.043609619140625,0,0.0,EPSG:32647,UNLABELED_DEPLOYMENT,0.3205986022949219,0.3205986022949219,1,Built-up & Impervious,0.05812935726516634,0.7788565376345177,0.6617326029511185,0.15584564208984375,512,0.7788565376345177,0.3130531311035156,0.19945526123046875,D:\499_4\FINAL_INFERENCE\A7_RGBN_REVISED7_TVERSKY_FULL_AOI\tiles_geotiff\tile_r14_c08_prediction.tif,2,Agricultural Land / Cropland,tile_r14_c08,0.15720748901367188,523264,262144,0.6180458068847656,0.022221727995201945,0.0177459716796875,0.0020257460861056753,512
52.97584533691406,21.7193603515625,18.468856811523438,0.0453948974609375,5.59844970703125,1.1920928955078125,0.0,0.217193603515625,0.011920928955078125,0.4602405899204314,0.5099943631212227,0.00423877813111546,0.5297584533691406,0.034397550758317026,18.716422952008404,99.02877823309217,78,0.5297584533691406,18,0.217193603515625,307,0.18468856811523438,4,0.000453948974609375,166,0.0559844970703125,8,0.011920928955078125,0,0.0,EPSG:32647,UNLABELED_DEPLOYMENT,0.5297584533691406,0.5297584533691406,1,Built-up & Impervious,0.050886359466731895,0.6155774639740704,0.5196940256962775,0.0559844970703125,512,0.6155774639740704,0.24067306518554688,0.06790542602539062,D:\499_4\FINAL_INFERENCE\A7_RGBN_REVISED7_TVERSKY_FULL_AOI\tiles_geotiff\tile_r14_c09_prediction.tif,2,Agricultural Land / Cropland,tile_r14_c09,0.18468856811523438,523264,262144,0.4578666687011719,0.0004370131646282971,0.000453948974609375,0.00010510946673189823,512
47.42088317871094,7.20062255859375,21.186447143554688,2.025604248046875,17.4957275390625,4.67071533203125,0.0,0.0720062255859375,0.0467071533203125,0.13658395246602595,0.7337371546891518,0.001721884173189824,0.4742088317871094,0.03428288588551859,18.716420148199948,99.04334756672851,139,0.4742088317871094,21,0.0720062255859375,279,0.21186447143554688,26,0.02025604248046875,173,0.174957275390625,32,0.0467071533203125,0,0.0,EPSG:32647,UNLABELED_DEPLOYMENT,0.4742088317871094,0.4742088317871094,1,Built-up & Impervious,0.05685466609589041,0.7189996982106402,0.6182078381377945,0.174957275390625,512,0.7189996982106402,0.3868217468261719,0.2216644287109375,D:\499_4\FINAL_INFERENCE\A7_RGBN_REVISED7_TVERSKY_FULL_AOI\tiles_geotiff\tile_r14_c10_prediction.tif,3,Tree / Woody Cover,tile_r14_c10,0.21186447143554688,523264,262144,0.4588279724121094,0.03134191094432026,0.02025604248046875,0.0017371728228962819,512
24.9542236328125,15.352249145507812,20.988845825195312,2.4028778076171875,34.600067138671875,1.7017364501953125,0.0,0.15352249145507812,0.017017364501953125,0.15324138337746263,0.5548712662421167,0.0012746911692759295,0.249542236328125,0.028807638209393346,18.716416211659993,99.05791689725821,130,0.249542236328125,40,0.15352249145507812,300,0.20988845825195312,30,0.024028778076171875,134,0.34600067138671875,22,0.017017364501953125,0,0.0,EPSG:32647,UNLABELED_DEPLOYMENT,0.249542236328125,0.34600067138671875,5,Grassland / Herbaceous Cover,0.0575904323630137,0.7646213130251649,0.6710831959240723,0.34600067138671875,512,0.7646213130251649,0.5558891296386719,0.3630180358886719,D:\499_4\FINAL_INFERENCE\A7_RGBN_REVISED7_TVERSKY_FULL_AOI\tiles_geotiff\tile_r14_c11_prediction.tif,1,Built-up & Impervious,tile_r14_c11,0.20988845825195312,523264,262144,0.70941162109375,0.053429346124175936,0.024028778076171875,0.002302852862035225,512
12.723922729492188,25.206756591796875,21.272659301757812,8.874130249023438,28.401565551757812,3.520965576171875,0.0,0.25206756591796875,0.03520965576171875,0.1282915292540565,0.2528203994734213,0.0007109222113502935,0.12723922729492188,0.016758271159491193,18.71641114238975,99.07248622363711,100,0.12723922729492188,31,0.25206756591796875,224,0.21272659301757812,50,0.08874130249023438,122,0.2840156555175781,17,0.03520965576171875,0,0.0,EPSG:32647,UNLABELED_DEPLOYMENT,0.12723922729492188,0.2840156555175781,5,Grassland / Herbaceous Cover,0.052529889310176124,0.8372416150487438,0.56021086489569,0.2840156555175781,512,0.8372416150487438,0.49674224853515625,0.3192253112792969,D:\499_4\FINAL_INFERENCE\A7_RGBN_REVISED7_TVERSKY_FULL_AOI\tiles_geotiff\tile_r14_c12_prediction.tif,2,Agricultural Land / Cropland,tile_r14_c12,0.21272659301757812,523264,262144,0.748809814453125,0.17632621654774994,0.08874130249023438,0.005565068493150685,512
5.1074981689453125,52.98728942871094,16.96624755859375,4.0218353271484375,20.493698120117188,0.423431396484375,0.0,0.5298728942871094,0.00423431396484375,0.10825299349380657,0.0765306415851228,0.0013396679305283758,0.051074981689453125,0.009241988747553815,18.71640494039079,99.08705554482107,91,0.051074981689453125,15,0.5298728942871094,111,0.1696624755859375,17,0.040218353271484375,97,0.20493698120117188,2,0.00423431396484375,0,0.0,EPSG:32647,UNLABELED_DEPLOYMENT,0.051074981689453125,0.5298728942871094,2,Agricultural Land / Cropland,0.03693355552837573,0.6509229544632946,0.4990324735740881,0.20493698120117188,512,0.6509229544632946,0.3745994567871094,0.20917129516601562,D:\499_4\FINAL_INFERENCE\A7_RGBN_REVISED7_TVERSKY_FULL_AOI\tiles_geotiff\tile_r14_c13_prediction.tif,5,Grassland / Herbaceous Cover,tile_r14_c13,0.1696624755859375,523264,262144,0.9044723510742188,0.06026309315348044,0.040218353271484375,0.00243089530332681,512
14.817428588867188,55.21736145019531,15.933990478515625,0.7049560546875,12.559890747070312,0.7663726806640625,0.0,0.5521736145019531,0.007663726806640625,0.3272717240615748,0.16888242011191323,0.0016339744373776908,0.14817428588867188,0.021776770425636006,18.71639760566504,99.1016248597659,104,0.14817428588867188,21,0.5521736145019531,178,0.15933990478515625,22,0.007049560546875,106,0.12559890747070312,6,0.007663726806640625,0,0.0,EPSG:32647,UNLABELED_DEPLOYMENT,0.14817428588867188,0.5521736145019531,2,Agricultural Land / Cropland,0.04212787426614482,0.6353578446433441,0.5606880108103711,0.12559890747070312,512,0.6353578446433441,0.2849388122558594,0.13326263427734375,D:\499_4\FINAL_INFERENCE\A7_RGBN_REVISED7_TVERSKY_FULL_AOI\tiles_geotiff\tile_r14_c14_prediction.tif,3,Tree / Woody Cover,tile_r14_c14,0.15933990478515625,523264,262144,0.8371124267578125,0.008034773636609316,0.007049560546875,0.0007338551859099804,512
24.296188354492188,42.609405517578125,18.2830810546875,4.1900634765625,9.200668334960938,1.42059326171875,0.0,0.42609405517578125,0.0142059326171875,0.4140984568512067,0.26710014074342325,0.00315137292074364,0.24296188354492188,0.02696917808219178,18.716389138214776,99.11619416742748,112,0.24296188354492188,52,0.42609405517578125,287,0.182830810546875,31,0.041900634765625,105,0.09200668334960938,13,0.0142059326171875,0,0.0,EPSG:32647,UNLABELED_DEPLOYMENT,0.24296188354492188,0.42609405517578125,2,Agricultural Land / Cropland,0.053403253424657536,0.7352847456132402,0.6101339851679872,0.09200668334960938,512,0.7352847456132402,0.2748374938964844,0.10621261596679688,D:\499_4\FINAL_INFERENCE\A7_RGBN_REVISED7_TVERSKY_FULL_AOI\tiles_geotiff\tile_r14_c15_prediction.tif,1,Built-up & Impervious,tile_r14_c15,0.182830810546875,523264,262144,0.7009315490722656,0.04606346180662513,0.041900634765625,0.00211938906555773,512
3.31314506880734,74.61475057339449,8.052608944954128,5.2196817660550465,8.724555619266056,0.07525802752293578,0.0,0.7461475057339448,0.0007525802752293578,0.09888379716901262,0.02223407201780614,0.003576737690886977,0.0331314506880734,0.005955223208252624,18.71638344191476,99.12504387960607,34,0.0331314506880734,12,0.7461475057339448,57,0.08052608944954129,15,0.05219681766055047,23,0.08724555619266056,2,0.0007525802752293578,0,0.0,EPSG:32647,UNLABELED_DEPLOYMENT,0.0331314506880734,0.7461475057339448,2,Agricultural Land / Cropland,0.041064912833911435,0.46588647919113996,0.5605219839180041,0.08724555619266056,512,0.46588647919113996,0.16777164564220184,0.08799813646788991,D:\499_4\FINAL_INFERENCE\A7_RGBN_REVISED7_TVERSKY_FULL_AOI\tiles_geotiff\tile_r14_c16_prediction.tif,5,Grassland / Herbaceous Cover,tile_r14_c16,0.08052608944954129,110995,55808,0.9139191513761467,0.035028583984785984,0.05219681766055047,0.0027388621109058968,110
24.468719422700588,0.9830601761252447,38.638622186888455,8.602158757338552,25.900119251467714,1.407320205479452,0.0,0.009830601761252446,0.01407320205479452,0.009621689450095694,0.6316721424597427,0.00017616387836267165,0.24468719422700588,0.032521383805561035,18.702514917433497,98.89766261011344,260,0.24468719422700588,6,0.009830601761252446,325,0.38638622186888455,23,0.08602158757338552,187,0.2590011925146771,21,0.01407320205479452,0,0.0,EPSG:32647,UNLABELED_DEPLOYMENT,0.24468719422700588,0.38638622186888455,3,Tree / Woody Cover,0.06314709109395854,0.7082759755299909,0.546460564111798,0.2590011925146771,512,0.7082759755299909,0.6453874143835616,0.27307439456947163,D:\499_4\FINAL_INFERENCE\A7_RGBN_REVISED7_TVERSKY_FULL_AOI\tiles_geotiff\tile_r15_c00_prediction.tif,5,Grassland / Herbaceous Cover,tile_r15_c00,0.38638622186888455,522241,261632,0.6552180161448141,0.22206899994062557,0.08602158757338552,0.004532390218309172,512
38.982391357421875,18.407058715820312,18.966293334960938,0.6252288818359375,22.016143798828125,1.0028839111328125,0.0,0.18407058715820312,0.010028839111328125,0.2870204666396603,0.6390373612521216,0.0013434900929549902,0.38982391357421875,0.03631245413405088,18.702522302328436,98.91223073646132,130,0.38982391357421875,28,0.18407058715820312,330,0.18966293334960938,19,0.006252288818359375,202,0.22016143798828125,11,0.010028839111328125,0,0.0,EPSG:32647,UNLABELED_DEPLOYMENT,0.38982391357421875,0.38982391357421875,1,Built-up & Impervious,0.05924160653131116,0.7221078582867504,0.6466849948530037,0.22016143798828125,512,0.7221078582867504,0.4098243713378906,0.23019027709960938,D:\499_4\FINAL_INFERENCE\A7_RGBN_REVISED7_TVERSKY_FULL_AOI\tiles_geotiff\tile_r15_c01_prediction.tif,5,Grassland / Herbaceous Cover,tile_r15_c01,0.18966293334960938,523264,262144,0.5938949584960938,0.010249361337628216,0.006252288818359375,0.0011294489970645792,512
65.88630676269531,4.547119140625,18.238449096679688,0.154876708984375,9.978866577148438,1.1943817138671875,0.0,0.04547119140625,0.011943817138671875,0.1198371546342969,0.7436538866022602,0.0007988319471624266,0.6588630676269531,0.042359115092954994,18.702528555397432,98.92679886909761,79,0.6588630676269531,12,0.04547119140625,386,0.18238449096679688,7,0.00154876708984375,212,0.09978866577148438,7,0.011943817138671875,0,0.0,EPSG:32647,UNLABELED_DEPLOYMENT,0.6588630676269531,0.6588630676269531,1,Built-up & Impervious,0.052084607387475536,0.5234972555422115,0.5307325639251674,0.09978866577148438,512,0.5234972555422115,0.28217315673828125,0.11173248291015625,D:\499_4\FINAL_INFERENCE\A7_RGBN_REVISED7_TVERSKY_FULL_AOI\tiles_geotiff\tile_r15_c02_prediction.tif,3,Tree / Woody Cover,tile_r15_c02,0.18238449096679688,523264,262144,0.32764434814453125,0.0017480819951742887,0.00154876708984375,0.0003210616438356164,512
56.60514831542969,11.246490478515625,17.950439453125,1.7017364501953125,12.356948852539062,0.1392364501953125,0.0,0.11246490478515625,0.001392364501953125,0.2546437046257779,0.6862216840381734,0.0034017245596868885,0.5660514831542969,0.03923067514677104,18.702533676638538,98.94136700697855,95,0.5660514831542969,26,0.11246490478515625,352,0.17950439453125,24,0.017017364501953125,203,0.12356948852539062,8,0.001392364501953125,0,0.0,EPSG:32647,UNLABELED_DEPLOYMENT,0.5660514831542969,0.5660514831542969,1,Built-up & Impervious,0.056738090141878667,0.6233772552691159,0.6396567011835198,0.12356948852539062,512,0.6233772552691159,0.3030738830566406,0.12496185302734375,D:\499_4\FINAL_INFERENCE\A7_RGBN_REVISED7_TVERSKY_FULL_AOI\tiles_geotiff\tile_r15_c03_prediction.tif,3,Tree / Woody Cover,tile_r15_c03,0.17950439453125,523264,262144,0.4155387878417969,0.020630074955988675,0.017017364501953125,0.00206396771037182,512
56.83784484863281,16.297531127929688,7.3619842529296875,2.500152587890625,16.579055786132812,0.423431396484375,0.0,0.16297531127929688,0.00423431396484375,0.3705266182660125,0.5443028477020562,0.004815924657534247,0.5683784484863281,0.023290346746575343,18.702537666050183,98.95593514906035,66,0.5683784484863281,24,0.16297531127929688,297,0.07361984252929688,14,0.02500152587890625,133,0.16579055786132812,9,0.00423431396484375,0,0.0,EPSG:32647,UNLABELED_DEPLOYMENT,0.5683784484863281,0.5683784484863281,1,Built-up & Impervious,0.04095447040117417,0.6280536321488379,0.5521144172521201,0.16579055786132812,512,0.6280536321488379,0.239410400390625,0.17002487182617188,D:\499_4\FINAL_INFERENCE\A7_RGBN_REVISED7_TVERSKY_FULL_AOI\tiles_geotiff\tile_r15_c04_prediction.tif,5,Grassland / Herbaceous Cover,tile_r15_c04,0.07361984252929688,523264,262144,0.4023857116699219,0.02394250128418207,0.02500152587890625,0.0031532840019569473,512
50.45433044433594,25.881576538085938,10.097885131835938,1.8527984619140625,8.188629150390625,3.5247802734375,0.0,0.2588157653808594,0.035247802734375,0.522335046029184,0.36905353370821103,0.00985544581702544,0.5045433044433594,0.02645891939823875,18.702540523631114,98.9705032942993,99,0.5045433044433594,85,0.2588157653808594,284,0.10097885131835938,23,0.018527984619140625,170,0.08188629150390625,28,0.035247802734375,0,0.0,EPSG:32647,UNLABELED_DEPLOYMENT,0.5045433044433594,0.5045433044433594,1,Built-up & Impervious,0.05488243028375734,0.6800118494176579,0.7009507191393398,0.08188629150390625,512,0.6800118494176579,0.18286514282226562,0.11713409423828125,D:\499_4\FINAL_INFERENCE\A7_RGBN_REVISED7_TVERSKY_FULL_AOI\tiles_geotiff\tile_r15_c05_prediction.tif,2,Agricultural Land / Cropland,tile_r15_c05,0.10097885131835938,523264,262144,0.441680908203125,0.013552490214351565,0.018527984619140625,0.0008676308708414872,512
47.96867370605469,19.310379028320312,15.9637451171875,4.364013671875,11.756515502929688,0.6366729736328125,0.0,0.19310379028320312,0.006366729736328125,0.3705173082998954,0.5318816546932794,0.0037495413405088064,0.4796867370605469,0.037948339652641876,18.70254224938046,98.9850714416516,119,0.4796867370605469,44,0.19310379028320312,403,0.159637451171875,10,0.04364013671875,214,0.11756515502929688,17,0.006366729736328125,0,0.0,EPSG:32647,UNLABELED_DEPLOYMENT,0.4796867370605469,0.4796867370605469,1,Built-up & Impervious,0.060126437133072405,0.7109313087799676,0.64095972632975,0.11756515502929688,512,0.7109313087799676,0.2772026062011719,0.123931884765625,D:\499_4\FINAL_INFERENCE\A7_RGBN_REVISED7_TVERSKY_FULL_AOI\tiles_geotiff\tile_r15_c06_prediction.tif,2,Agricultural Land / Cropland,tile_r15_c06,0.159637451171875,523264,262144,0.470306396484375,0.04838863853365183,0.04364013671875,0.002434717465753425,512
34.8785400390625,42.49458312988281,11.01837158203125,0.582122802734375,9.55810546875,1.4682769775390625,0.0,0.4249458312988281,0.014682769775390625,0.592859607655555,0.2870709914714098,0.007048067514677104,0.348785400390625,0.02540400256849315,18.70254284329767,98.99963959007347,103,0.348785400390625,26,0.4249458312988281,330,0.1101837158203125,7,0.00582122802734375,199,0.0955810546875,18,0.014682769775390625,0,0.0,EPSG:32647,UNLABELED_DEPLOYMENT,0.348785400390625,0.4249458312988281,2,Agricultural Land / Cropland,0.050872981898238745,0.6631348729579534,0.6673731161549368,0.0955810546875,512,0.6631348729579534,0.2057647705078125,0.11026382446289062,D:\499_4\FINAL_INFERENCE\A7_RGBN_REVISED7_TVERSKY_FULL_AOI\tiles_geotiff\tile_r15_c07_prediction.tif,1,Built-up & Impervious,tile_r15_c07,0.1101837158203125,523264,262144,0.6307106018066406,0.004791214596480131,0.00582122802734375,0.0004242600293542074,512
29.425811767578125,28.306961059570312,22.699737548828125,5.3524017333984375,12.78228759765625,1.43280029296875,0.0,0.2830696105957031,0.0143280029296875,0.33318212314043194,0.41763495723716915,0.007027045621330724,0.29425811767578125,0.028744572529354206,18.70254230538258,99.01420773852118,197,0.29425811767578125,54,0.2830696105957031,250,0.22699737548828125,47,0.053524017333984375,159,0.1278228759765625,20,0.0143280029296875,0,0.0,EPSG:32647,UNLABELED_DEPLOYMENT,0.29425811767578125,0.29425811767578125,1,Built-up & Impervious,0.06335234222113503,0.78846725193035,0.702663608977785,0.1278228759765625,512,0.78846725193035,0.35482025146484375,0.14215087890625,D:\499_4\FINAL_INFERENCE\A7_RGBN_REVISED7_TVERSKY_FULL_AOI\tiles_geotiff\tile_r15_c08_prediction.tif,2,Agricultural Land / Cropland,tile_r15_c08,0.22699737548828125,523264,262144,0.6378898620605469,0.07596562115941197,0.053524017333984375,0.0037801186399217222,512
33.272552490234375,34.502410888671875,17.034912109375,0.18310546875,14.251327514648438,0.7556915283203125,0.0,0.34502410888671875,0.007556915283203125,0.4591933109331876,0.41638922004494816,0.005863197162426614,0.33272552490234375,0.03457719239236791,18.702540635635334,99.02877588595094,118,0.33272552490234375,33,0.34502410888671875,354,0.17034912109375,10,0.0018310546875,228,0.14251327514648438,10,0.007556915283203125,0,0.0,EPSG:32647,UNLABELED_DEPLOYMENT,0.33272552490234375,0.34502410888671875,2,Agricultural Land / Cropland,0.06204134050880626,0.6993744389135251,0.6834695892763151,0.14251327514648438,512,0.6993744389135251,0.3128623962402344,0.1500701904296875,D:\499_4\FINAL_INFERENCE\A7_RGBN_REVISED7_TVERSKY_FULL_AOI\tiles_geotiff\tile_r15_c09_prediction.tif,1,Built-up & Impervious,tile_r15_c09,0.17034912109375,523264,262144,0.6578865051269531,0.002291472628712654,0.0018310546875,0.00031723948140900194,512
51.64070129394531,9.082794189453125,23.749923706054688,0.8525848388671875,12.05596923828125,2.6180267333984375,0.0,0.09082794189453125,0.026180267333984375,0.18761674466077238,0.7396165688405745,0.0011313600782778864,0.5164070129394531,0.046756512964774954,18.702537834056464,99.04334403131898,117,0.5164070129394531,21,0.09082794189453125,359,0.23749923706054688,9,0.008525848388671875,197,0.1205596923828125,24,0.026180267333984375,0,0.0,EPSG:32647,UNLABELED_DEPLOYMENT,0.5164070129394531,0.5164070129394531,1,Built-up & Impervious,0.06554626345401174,0.6637637822126433,0.6092517862911585,0.1205596923828125,512,0.6637637822126433,0.3580589294433594,0.14673995971679688,D:\499_4\FINAL_INFERENCE\A7_RGBN_REVISED7_TVERSKY_FULL_AOI\tiles_geotiff\tile_r15_c10_prediction.tif,3,Tree / Woody Cover,tile_r15_c10,0.23749923706054688,523264,262144,0.4488868713378906,0.012211024586576968,0.008525848388671875,0.0007548770792563601,512
20.684432983398438,28.422927856445312,12.2772216796875,0.559234619140625,37.11700439453125,0.939178466796875,0.0,0.2842292785644531,0.00939178466796875,0.23516485857544467,0.40867662359960377,0.003245015900195695,0.20684432983398438,0.021264600660469667,18.702533900646838,99.05791217358157,129,0.20684432983398438,55,0.2842292785644531,239,0.122772216796875,17,0.00559234619140625,145,0.3711700439453125,14,0.00939178466796875,0,0.0,EPSG:32647,UNLABELED_DEPLOYMENT,0.20684432983398438,0.3711700439453125,5,Grassland / Herbaceous Cover,0.05151510518590998,0.7100586128191503,0.6676548700552939,0.3711700439453125,512,0.7100586128191503,0.4939422607421875,0.38056182861328125,D:\499_4\FINAL_INFERENCE\A7_RGBN_REVISED7_TVERSKY_FULL_AOI\tiles_geotiff\tile_r15_c11_prediction.tif,2,Agricultural Land / Cropland,tile_r15_c11,0.122772216796875,523264,262144,0.7781715393066406,0.01104918448254466,0.00559234619140625,0.0008274981653620352,512
10.126113891601562,29.002761840820312,24.483108520507812,1.7536163330078125,34.10530090332031,0.5290985107421875,0.0,0.2900276184082031,0.005290985107421875,0.11747410782845691,0.23730916262138635,0.0014677103718199608,0.10126113891601562,0.02011986301369863,18.702528835407676,99.0724803116949,163,0.10126113891601562,46,0.2900276184082031,203,0.24483108520507812,64,0.017536163330078125,146,0.3410530090332031,8,0.005290985107421875,0,0.0,EPSG:32647,UNLABELED_DEPLOYMENT,0.10126113891601562,0.3410530090332031,5,Grassland / Herbaceous Cover,0.0584867294520548,0.7199327749965941,0.7338378399943416,0.3410530090332031,512,0.7199327749965941,0.5858840942382812,0.346343994140625,D:\499_4\FINAL_INFERENCE\A7_RGBN_REVISED7_TVERSKY_FULL_AOI\tiles_geotiff\tile_r15_c12_prediction.tif,2,Agricultural Land / Cropland,tile_r15_c12,0.24483108520507812,523264,262144,0.8759117126464844,0.04109663667622954,0.017536163330078125,0.004341976516634051,512
4.8336029052734375,37.93487548828125,26.363754272460938,1.9580841064453125,28.68804931640625,0.2216339111328125,0.0,0.3793487548828125,0.002216339111328125,0.07334484974853694,0.10643942310707644,0.0009822957436399218,0.048336029052734375,0.008739374388454011,18.70252263834054,99.08704844461523,74,0.048336029052734375,37,0.3793487548828125,161,0.2636375427246094,32,0.019580841064453125,81,0.2868804931640625,3,0.002216339111328125,0,0.0,EPSG:32647,UNLABELED_DEPLOYMENT,0.048336029052734375,0.3793487548828125,2,Agricultural Land / Cropland,0.042978305406066536,0.675469379511071,0.5528597533131618,0.2868804931640625,512,0.675469379511071,0.5505180358886719,0.2890968322753906,D:\499_4\FINAL_INFERENCE\A7_RGBN_REVISED7_TVERSKY_FULL_AOI\tiles_geotiff\tile_r15_c13_prediction.tif,5,Grassland / Herbaceous Cover,tile_r15_c13,0.2636375427246094,523264,262144,0.9298667907714844,0.04311842465540394,0.019580841064453125,0.001920636619373777,512
15.336990356445312,37.522125244140625,25.167465209960938,2.1953582763671875,18.447113037109375,1.3309478759765625,0.0,0.37522125244140625,0.013309478759765625,0.2301905892090872,0.26756654639029875,0.0017104176859099804,0.15336990356445312,0.02459370413405088,18.70251530944735,99.10161657129879,149,0.15336990356445312,44,0.37522125244140625,200,0.2516746520996094,45,0.021953582763671875,131,0.18447113037109375,19,0.013309478759765625,0,0.0,EPSG:32647,UNLABELED_DEPLOYMENT,0.15336990356445312,0.37522125244140625,2,Agricultural Land / Cropland,0.05783122859589041,0.748083889844741,0.6851382396106298,0.18447113037109375,512,0.748083889844741,0.4361457824707031,0.19778060913085938,D:\499_4\FINAL_INFERENCE\A7_RGBN_REVISED7_TVERSKY_FULL_AOI\tiles_geotiff\tile_r15_c14_prediction.tif,3,Tree / Woody Cover,tile_r15_c14,0.2516746520996094,523264,262144,0.8113670349121094,0.038299850129988045,0.021953582763671875,0.0027882674902152643,512
3.452301025390625,56.37397766113281,14.467239379882812,2.849578857421875,21.918106079101562,0.9387969970703125,0.0,0.5637397766113281,0.009387969970703125,0.0778479763539508,0.05024526617489755,0.0014715325342465754,0.03452301025390625,0.006249235567514677,18.702506848730387,99.11618469070186,76,0.03452301025390625,20,0.5637397766113281,118,0.14467239379882812,36,0.02849578857421875,56,0.21918106079101562,19,0.009387969970703125,0,0.0,EPSG:32647,UNLABELED_DEPLOYMENT,0.03452301025390625,0.5637397766113281,2,Agricultural Land / Cropland,0.030005886130136987,0.6150930447144518,0.5732353903576036,0.21918106079101562,512,0.6150930447144518,0.36385345458984375,0.22856903076171875,D:\499_4\FINAL_INFERENCE\A7_RGBN_REVISED7_TVERSKY_FULL_AOI\tiles_geotiff\tile_r15_c15_prediction.tif,5,Grassland / Herbaceous Cover,tile_r15_c15,0.14467239379882812,523264,262144,0.9275932312011719,0.04147316445596516,0.02849578857421875,0.0020907228473581213,512
1.919064010415738,61.53132747150833,11.951345663379051,2.402397046496281,19.26911484064278,2.9267509675578305,0.0,0.6153132747150832,0.029267509675578306,0.047233022425470735,0.023965624856749714,0.0012554252304602031,0.01919064010415738,0.0027888374762365937,18.702501156960057,99.12503368110771,13,0.01919064010415738,11,0.6153132747150832,60,0.11951345663379051,12,0.02402397046496281,22,0.1926911484064278,9,0.029267509675578306,0,0.0,EPSG:32647,UNLABELED_DEPLOYMENT,0.01919064010415738,0.6153132747150832,2,Agricultural Land / Cropland,0.03783313605222569,0.5852229799001865,0.5383817622169759,0.1926911484064278,512,0.5852229799001865,0.3122046050402183,0.2219586580820061,D:\499_4\FINAL_INFERENCE\A7_RGBN_REVISED7_TVERSKY_FULL_AOI\tiles_geotiff\tile_r15_c16_prediction.tif,5,Grassland / Herbaceous Cover,tile_r15_c16,0.11951345663379051,111516,56069,0.9275178797553015,0.030001576842046334,0.02402397046496281,0.0033986154453172638,110
28.958613625244617,13.612631482387474,33.534124266144815,1.2762200342465753,20.87741560665362,1.7409949853228963,0.0,0.13612631482387474,0.017409949853228964,0.1576811742085199,0.6302731039723846,0.0015759007814399866,0.28958613625244617,0.03565403712079289,18.688632600993262,98.89767095004248,237,0.28958613625244617,17,0.13612631482387474,271,0.33534124266144816,20,0.012762200342465753,202,0.2087741560665362,12,0.017409949853228964,0,0.0,EPSG:32647,UNLABELED_DEPLOYMENT,0.28958613625244617,0.33534124266144816,3,Tree / Woody Cover,0.062078618875193635,0.745135863788303,0.5337346568849731,0.2087741560665362,512,0.745135863788303,0.5441153987279843,0.22618410591976518,D:\499_4\FINAL_INFERENCE\A7_RGBN_REVISED7_TVERSKY_FULL_AOI\tiles_geotiff\tile_r16_c00_prediction.tif,1,Built-up & Impervious,tile_r16_c00,0.33534124266144816,522241,261632,0.680241713551859,0.027776438911948684,0.012762200342465753,0.0014284592745494897,512
45.20530700683594,24.622726440429688,18.033599853515625,1.1791229248046875,10.797500610351562,0.1617431640625,0.0,0.24622726440429688,0.001617431640625,0.44523116323398426,0.5213274991256185,0.0018231714774951076,0.4520530700683594,0.03229918358610567,18.688639980012,98.91223788917299,75,0.4520530700683594,10,0.24622726440429688,366,0.18033599853515625,17,0.011791229248046875,138,0.10797500610351562,5,0.001617431640625,0,0.0,EPSG:32647,UNLABELED_DEPLOYMENT,0.4520530700683594,0.4520530700683594,1,Built-up & Impervious,0.051153910836594915,0.6762855427005157,0.5676672389948377,0.10797500610351562,512,0.6762855427005157,0.2883110046386719,0.10959243774414062,D:\499_4\FINAL_INFERENCE\A7_RGBN_REVISED7_TVERSKY_FULL_AOI\tiles_geotiff\tile_r16_c01_prediction.tif,2,Agricultural Land / Cropland,tile_r16_c01,0.18033599853515625,523264,262144,0.5345382690429688,0.013598164601717144,0.011791229248046875,0.0011886925146771038,512
61.90452575683594,7.87200927734375,17.469406127929688,0.579833984375,12.013626098632812,0.1605987548828125,0.0,0.0787200927734375,0.001605987548828125,0.19492520042695105,0.7300532511435449,0.0008790973581213307,0.6190452575683594,0.03636023116438356,18.688646228105384,98.92680483458952,67,0.6190452575683594,11,0.0787200927734375,291,0.17469406127929688,9,0.00579833984375,169,0.12013626098632812,8,0.001605987548828125,0,0.0,EPSG:32647,UNLABELED_DEPLOYMENT,0.6190452575683594,0.6190452575683594,1,Built-up & Impervious,0.046892199730919765,0.5635135456049127,0.5114194011534566,0.12013626098632812,512,0.5635135456049127,0.294830322265625,0.12174224853515625,D:\499_4\FINAL_INFERENCE\A7_RGBN_REVISED7_TVERSKY_FULL_AOI\tiles_geotiff\tile_r16_c02_prediction.tif,3,Tree / Woody Cover,tile_r16_c02,0.17469406127929688,523264,262144,0.3735504150390625,0.006838105618953705,0.00579833984375,0.0006402122064579257,512
51.950836181640625,14.297866821289062,17.980194091796875,1.6338348388671875,11.91558837890625,2.2216796875,0.0,0.14297866821289062,0.022216796875,0.29711445479188114,0.6212443590629846,0.0027347572162426614,0.5195083618164062,0.03893445755870841,18.688651345271495,98.94137178524873,134,0.5195083618164062,14,0.14297866821289062,320,0.17980194091796875,21,0.016338348388671875,183,0.1191558837890625,21,0.022216796875,0,0.0,EPSG:32647,UNLABELED_DEPLOYMENT,0.5195083618164062,0.5195083618164062,1,Built-up & Impervious,0.05888996758806262,0.6845721798774709,0.6707511939156362,0.1191558837890625,512,0.6845721798774709,0.29895782470703125,0.1413726806640625,D:\499_4\FINAL_INFERENCE\A7_RGBN_REVISED7_TVERSKY_FULL_AOI\tiles_geotiff\tile_r16_c03_prediction.tif,3,Tree / Woody Cover,tile_r16_c03,0.17980194091796875,523264,262144,0.4419364929199219,0.01953790837433189,0.016338348388671875,0.00119824792074364,512
38.40141296386719,30.138778686523438,16.639328002929688,3.6563873291015625,9.55047607421875,1.613616943359375,0.0,0.3013877868652344,0.01613616943359375,0.4629486746271141,0.4022901927237399,0.005182852250489237,0.3840141296386719,0.02905416768590998,18.688655331508738,98.95593874010726,131,0.3840141296386719,28,0.3013877868652344,351,0.16639328002929688,25,0.036563873291015625,155,0.0955047607421875,12,0.01613616943359375,0,0.0,EPSG:32647,UNLABELED_DEPLOYMENT,0.3840141296386719,0.3840141296386719,1,Built-up & Impervious,0.05287388392857143,0.7396438471872485,0.5565099116612904,0.0955047607421875,512,0.7396438471872485,0.2618980407714844,0.11164093017578125,D:\499_4\FINAL_INFERENCE\A7_RGBN_REVISED7_TVERSKY_FULL_AOI\tiles_geotiff\tile_r16_c04_prediction.tif,2,Agricultural Land / Cropland,tile_r16_c04,0.16639328002929688,523264,262144,0.5632858276367188,0.038304027111735195,0.036563873291015625,0.0023869404354207435,512
25.030517578125,51.815032958984375,10.498046875,3.615570068359375,6.325531005859375,2.715301513671875,0.0,0.5181503295898438,0.02715301513671875,0.5187828373163939,0.1684411447495222,0.009851623654598825,0.25030517578125,0.02132002201565558,18.688658186815875,98.97050569812171,123,0.25030517578125,35,0.5181503295898438,343,0.10498046875,17,0.03615570068359375,147,0.06325531005859375,16,0.02715301513671875,0,0.0,EPSG:32647,UNLABELED_DEPLOYMENT,0.25030517578125,0.5181503295898438,2,Agricultural Land / Cropland,0.05222029415362035,0.6765831657675985,0.6525448302355823,0.06325531005859375,512,0.6765831657675985,0.16823577880859375,0.0904083251953125,D:\499_4\FINAL_INFERENCE\A7_RGBN_REVISED7_TVERSKY_FULL_AOI\tiles_geotiff\tile_r16_c05_prediction.tif,1,Built-up & Impervious,tile_r16_c05,0.10498046875,523264,262144,0.6863861083984375,0.0243307298514992,0.03615570068359375,0.0020276571673189824,512
26.533889770507812,38.73176574707031,20.123291015625,6.56280517578125,7.434844970703125,0.6134033203125,0.0,0.3873176574707031,0.006134033203125,0.41108176117995754,0.292489817016758,0.0028360445205479453,0.2653388977050781,0.030898361056751467,18.688659911192026,98.98507265824874,151,0.2653388977050781,29,0.3873176574707031,257,0.20123291015625,9,0.0656280517578125,159,0.07434844970703125,6,0.006134033203125,0,0.0,EPSG:32647,UNLABELED_DEPLOYMENT,0.2653388977050781,0.3873176574707031,2,Agricultural Land / Cropland,0.052629265533268105,0.7427266614885605,0.5292856833900085,0.07434844970703125,512,0.7427266614885605,0.27558135986328125,0.08048248291015625,D:\499_4\FINAL_INFERENCE\A7_RGBN_REVISED7_TVERSKY_FULL_AOI\tiles_geotiff\tile_r16_c06_prediction.tif,1,Built-up & Impervious,tile_r16_c06,0.20123291015625,523264,262144,0.6628990173339844,0.0723434709943831,0.0656280517578125,0.0038011405332681017,512
41.54624938964844,26.348876953125,20.526885986328125,2.63824462890625,7.6961517333984375,1.24359130859375,0.0,0.26348876953125,0.0124359130859375,0.4378788052126765,0.4690245454548858,0.004986010885518591,0.4154624938964844,0.03788336289138943,18.688660504636662,98.99963961944493,152,0.4154624938964844,35,0.26348876953125,394,0.20526885986328125,25,0.0263824462890625,200,0.07696151733398438,12,0.0124359130859375,0,0.0,EPSG:32647,UNLABELED_DEPLOYMENT,0.4154624938964844,0.4154624938964844,1,Built-up & Impervious,0.06482578583659492,0.7139113985256573,0.6790149633446193,0.07696151733398438,512,0.7139113985256573,0.2822303771972656,0.08939743041992188,D:\499_4\FINAL_INFERENCE\A7_RGBN_REVISED7_TVERSKY_FULL_AOI\tiles_geotiff\tile_r16_c07_prediction.tif,2,Agricultural Land / Cropland,tile_r16_c07,0.20526885986328125,523264,262144,0.5457191467285156,0.02978371107019484,0.0263824462890625,0.0025608488258317026,512
35.829925537109375,28.859710693359375,16.848373413085938,4.1034698486328125,12.50762939453125,1.85089111328125,0.0,0.28859710693359375,0.0185089111328125,0.41361651406623423,0.42072935786563903,0.006816826687866927,0.35829925537109375,0.0341529323630137,18.688659967149583,99.01420658066696,155,0.35829925537109375,61,0.28859710693359375,376,0.16848373413085938,26,0.041034698486328125,243,0.1250762939453125,27,0.0185089111328125,0,0.0,EPSG:32647,UNLABELED_DEPLOYMENT,0.35829925537109375,0.35829925537109375,1,Built-up & Impervious,0.06700824058219178,0.7664007284547119,0.7183175219645782,0.1250762939453125,512,0.7664007284547119,0.2935600280761719,0.143585205078125,D:\499_4\FINAL_INFERENCE\A7_RGBN_REVISED7_TVERSKY_FULL_AOI\tiles_geotiff\tile_r16_c08_prediction.tif,2,Agricultural Land / Cropland,tile_r16_c08,0.16848373413085938,523264,262144,0.5821571350097656,0.04818458895897493,0.041034698486328125,0.0026162701810176123,512
30.84564208984375,37.42523193359375,15.591812133789062,2.3464202880859375,12.445449829101562,1.3454437255859375,0.0,0.3742523193359375,0.013454437255859375,0.4617621237412095,0.3459309390746057,0.004070602984344422,0.3084564208984375,0.028446443860078278,18.688658298730967,99.02877354087143,103,0.3084564208984375,37,0.3742523193359375,327,0.15591812133789062,42,0.023464202880859375,179,0.12445449829101562,15,0.013454437255859375,0,0.0,EPSG:32647,UNLABELED_DEPLOYMENT,0.3084564208984375,0.3742523193359375,2,Agricultural Land / Cropland,0.05726745963796478,0.7326840588901565,0.7170867435585094,0.12445449829101562,512,0.7326840588901565,0.28037261962890625,0.137908935546875,D:\499_4\FINAL_INFERENCE\A7_RGBN_REVISED7_TVERSKY_FULL_AOI\tiles_geotiff\tile_r16_c09_prediction.tif,1,Built-up & Impervious,tile_r16_c09,0.15591812133789062,523264,262144,0.6546249389648438,0.026314880116842687,0.023464202880859375,0.002333430161448141,512
35.1898193359375,24.023056030273438,26.373672485351562,0.521087646484375,13.169097900390625,0.7232666015625,0.0,0.24023056030273438,0.007232666015625,0.33814680064097047,0.5566011783666909,0.0029105766878669277,0.351898193359375,0.036283787915851275,18.688655499381337,99.04334049901495,150,0.351898193359375,22,0.24023056030273438,288,0.2637367248535156,19,0.00521087646484375,164,0.13169097900390625,13,0.007232666015625,0,0.0,EPSG:32647,UNLABELED_DEPLOYMENT,0.351898193359375,0.351898193359375,1,Built-up & Impervious,0.06033283390410959,0.7151738500841824,0.6298940436602135,0.13169097900390625,512,0.7151738500841824,0.3954277038574219,0.13892364501953125,D:\499_4\FINAL_INFERENCE\A7_RGBN_REVISED7_TVERSKY_FULL_AOI\tiles_geotiff\tile_r16_c10_prediction.tif,3,Tree / Woody Cover,tile_r16_c10,0.2637367248535156,523264,262144,0.6356582641601562,0.008242099662311375,0.00521087646484375,0.0008829195205479452,512
19.614791870117188,18.190383911132812,24.086380004882812,2.2457122802734375,29.6173095703125,6.24542236328125,0.0,0.18190383911132812,0.0624542236328125,0.14272023778175935,0.42135467746993527,0.0009001192514677104,0.19614791870117188,0.028715906311154598,18.68865156910155,99.05790745405416,186,0.19614791870117188,44,0.18190383911132812,242,0.24086380004882812,23,0.022457122802734375,147,0.296173095703125,16,0.0624542236328125,0,0.0,EPSG:32647,UNLABELED_DEPLOYMENT,0.19614791870117188,0.296173095703125,5,Grassland / Herbaceous Cover,0.05970408818493151,0.8177332503752948,0.5462843252000679,0.296173095703125,512,0.8177332503752948,0.5370368957519531,0.3586273193359375,D:\499_4\FINAL_INFERENCE\A7_RGBN_REVISED7_TVERSKY_FULL_AOI\tiles_geotiff\tile_r16_c11_prediction.tif,3,Tree / Woody Cover,tile_r16_c11,0.24086380004882812,523264,262144,0.7189407348632812,0.04824121407000348,0.022457122802734375,0.0018728595890410958,512
10.30731201171875,12.540817260742188,26.889801025390625,1.6185760498046875,48.2025146484375,0.44097900390625,0.0,0.12540817260742188,0.0044097900390625,0.05170484655536711,0.3095999709330499,0.0007892765410958904,0.1030731201171875,0.020683631971624265,18.68864650789282,99.07247440494568,210,0.1030731201171875,43,0.12540817260742188,211,0.26889801025390625,62,0.016185760498046875,97,0.482025146484375,15,0.0044097900390625,0,0.0,EPSG:32647,UNLABELED_DEPLOYMENT,0.1030731201171875,0.482025146484375,5,Grassland / Herbaceous Cover,0.05855743945694716,0.6630246037717845,0.7941421442590023,0.482025146484375,512,0.6630246037717845,0.7509231567382812,0.4864349365234375,D:\499_4\FINAL_INFERENCE\A7_RGBN_REVISED7_TVERSKY_FULL_AOI\tiles_geotiff\tile_r16_c12_prediction.tif,3,Tree / Woody Cover,tile_r16_c12,0.26889801025390625,523264,262144,0.8763313293457031,0.04861704946961254,0.016185760498046875,0.0041374908268101765,512
2.10723876953125,50.20484924316406,25.064849853515625,2.6256561279296875,19.393157958984375,0.604248046875,0.0,0.5020484924316406,0.00604248046875,0.04231744189746678,0.03747345507144928,0.0003822162426614481,0.0210723876953125,0.004907656555772994,18.688640315756732,99.08704135064616,72,0.0210723876953125,27,0.5020484924316406,134,0.25064849853515625,32,0.026256561279296875,106,0.19393157958984375,8,0.00604248046875,0,0.0,EPSG:32647,UNLABELED_DEPLOYMENT,0.0210723876953125,0.5020484924316406,2,Agricultural Land / Cropland,0.03788909613502935,0.6262548610161456,0.6078279556438182,0.19393157958984375,512,0.6262548610161456,0.444580078125,0.19997406005859375,D:\499_4\FINAL_INFERENCE\A7_RGBN_REVISED7_TVERSKY_FULL_AOI\tiles_geotiff\tile_r16_c13_prediction.tif,3,Tree / Woody Cover,tile_r16_c13,0.25064849853515625,523264,262144,0.9466285705566406,0.04669257625937462,0.026256561279296875,0.004231133806262231,512
12.726593017578125,16.86248779296875,27.231216430664062,4.9957275390625,35.17494201660156,3.009033203125,0.0,0.1686248779296875,0.03009033203125,0.08584080776199698,0.31768711213953793,0.0005255473336594912,0.12726593017578125,0.019894355430528376,18.68863299269519,99.10160829011222,160,0.12726593017578125,28,0.1686248779296875,211,0.2723121643066406,35,0.049957275390625,111,0.3517494201660156,36,0.03009033203125,0,0.0,EPSG:32647,UNLABELED_DEPLOYMENT,0.12726593017578125,0.3517494201660156,5,Grassland / Herbaceous Cover,0.05443714836105675,0.7910907468229619,0.6615555216581941,0.3517494201660156,512,0.7910907468229619,0.6240615844726562,0.3818397521972656,D:\499_4\FINAL_INFERENCE\A7_RGBN_REVISED7_TVERSKY_FULL_AOI\tiles_geotiff\tile_r16_c14_prediction.tif,3,Tree / Woody Cover,tile_r16_c14,0.2723121643066406,523264,262144,0.7926864624023438,0.1247056657448411,0.049957275390625,0.003541233488258317,512
8.40606689453125,37.27149963378906,28.068923950195312,0.49591064453125,25.223159790039062,0.5344390869140625,0.0,0.3727149963378906,0.005344390869140625,0.12532268767245114,0.17919072834774852,0.0006306568003913894,0.0840606689453125,0.016603473581213307,18.688624538710467,99.1161752223005,136,0.0840606689453125,22,0.3727149963378906,160,0.2806892395019531,17,0.0049591064453125,103,0.2522315979003906,8,0.005344390869140625,0,0.0,EPSG:32647,UNLABELED_DEPLOYMENT,0.0840606689453125,0.3727149963378906,2,Agricultural Land / Cropland,0.04642971807729941,0.6857046020086023,0.597278917710374,0.2522315979003906,512,0.6857046020086023,0.5329208374023438,0.25757598876953125,D:\499_4\FINAL_INFERENCE\A7_RGBN_REVISED7_TVERSKY_FULL_AOI\tiles_geotiff\tile_r16_c15_prediction.tif,3,Tree / Woody Cover,tile_r16_c15,0.2806892395019531,523264,262144,0.9056358337402344,0.01057124463841319,0.0049591064453125,0.0006956335616438356,512
2.576349431818182,51.50568181818181,16.9921875,13.552911931818182,15.355113636363637,0.01775568181818182,0.0,0.5150568181818181,0.0001775568181818182,0.05307865363507232,0.03333518036140884,0.000615972433001839,0.025763494318181823,0.005115249334928315,18.68861885146911,99.12502349156763,19,0.025763494318181823,9,0.5150568181818181,36,0.169921875,5,0.13552911931818182,24,0.15355113636363638,2,0.0001775568181818182,0,0.0,EPSG:32647,UNLABELED_DEPLOYMENT,0.025763494318181823,0.5150568181818181,2,Agricultural Land / Cropland,0.03329821992893999,0.666667159493997,0.34131651783445593,0.15355113636363638,512,0.666667159493997,0.3234730113636364,0.1537286931818182,D:\499_4\FINAL_INFERENCE\A7_RGBN_REVISED7_TVERSKY_FULL_AOI\tiles_geotiff\tile_r16_c16_prediction.tif,3,Tree / Woody Cover,tile_r16_c16,0.169921875,112018,56320,0.8385298295454545,0.17536004941325542,0.13552911931818182,0.0020264600332089485,110
29.76281414712398,26.0705828431747,26.48193415323505,0.2830188679245283,16.549919792223665,0.8517301963180811,0.0,0.260705828431747,0.00851730196318081,0.31037356474744304,0.5122996285539486,0.002271266092121175,0.2976281414712398,0.03318497711512851,18.674750264031477,98.89767928264212,164,0.2976281414712398,15,0.260705828431747,284,0.2648193415323505,13,0.002830188679245283,173,0.16549919792223666,13,0.00851730196318081,0,0.0,EPSG:32647,UNLABELED_DEPLOYMENT,0.2976281414712398,0.2976281414712398,1,Built-up & Impervious,0.0573269857792337,0.7286789532515943,0.6041880049525608,0.16549919792223666,512,0.7286789532515943,0.43031853945458715,0.17401649988541748,D:\499_4\FINAL_INFERENCE\A7_RGBN_REVISED7_TVERSKY_FULL_AOI\tiles_geotiff\tile_r17_c00_prediction.tif,3,Tree / Woody Cover,tile_r17_c00,0.2648193415323505,522616,261820,0.6910243678863341,0.0048715306353349485,0.002830188679245283,0.0005549007301728229,512
43.01567077636719,28.711700439453125,19.298934936523438,0.298309326171875,8.332443237304688,0.3429412841796875,0.0,0.28711700439453125,0.003429412841796875,0.4940212214132771,0.47543290664907545,0.004930589530332681,0.4301567077636719,0.033287212573385516,18.674757637174935,98.91224503559859,135,0.4301567077636719,25,0.28711700439453125,323,0.19298934936523438,12,0.00298309326171875,171,0.08332443237304688,9,0.003429412841796875,0,0.0,EPSG:32647,UNLABELED_DEPLOYMENT,0.4301567077636719,0.4301567077636719,1,Built-up & Impervious,0.05425559564579256,0.6590891783733798,0.640761066806129,0.08332443237304688,512,0.6590891783733798,0.27631378173828125,0.08675384521484375,D:\499_4\FINAL_INFERENCE\A7_RGBN_REVISED7_TVERSKY_FULL_AOI\tiles_geotiff\tile_r17_c01_prediction.tif,2,Agricultural Land / Cropland,tile_r17_c01,0.19298934936523438,523264,262144,0.5634307861328125,0.0032970791216939688,0.00298309326171875,0.0005465692270058708,512
40.68565368652344,35.283660888671875,14.101028442382812,0.724029541015625,8.106231689453125,1.099395751953125,0.0,0.35283660888671875,0.01099395751953125,0.5742155230836943,0.3614067580201663,0.005008943860078278,0.4068565368652344,0.02917838796477495,18.674763880293504,98.92681079483876,111,0.4068565368652344,21,0.35283660888671875,344,0.14101028442382812,19,0.00724029541015625,156,0.08106231689453125,13,0.01099395751953125,0,0.0,EPSG:32647,UNLABELED_DEPLOYMENT,0.4068565368652344,0.4068565368652344,1,Built-up & Impervious,0.05003210616438356,0.6673586142240203,0.6365856117261441,0.08106231689453125,512,0.6673586142240203,0.22207260131835938,0.0920562744140625,D:\499_4\FINAL_INFERENCE\A7_RGBN_REVISED7_TVERSKY_FULL_AOI\tiles_geotiff\tile_r17_c02_prediction.tif,2,Agricultural Land / Cropland,tile_r17_c02,0.14101028442382812,523264,262144,0.5749092102050781,0.006431484944187105,0.00724029541015625,0.0008618976272015656,512
25.836563110351562,52.41966247558594,11.942672729492188,0.4222869873046875,8.73870849609375,0.640106201171875,0.0,0.5241966247558594,0.00640106201171875,0.5417375671095215,0.2137343244976364,0.006514875856164383,0.2583656311035156,0.025631421232876712,18.674768993385246,98.94137655931962,128,0.2583656311035156,25,0.5241966247558594,389,0.11942672729492188,16,0.004222869873046875,152,0.0873870849609375,10,0.00640106201171875,0,0.0,EPSG:32647,UNLABELED_DEPLOYMENT,0.2583656311035156,0.5241966247558594,2,Agricultural Land / Cropland,0.0515743487035225,0.6220463770456857,0.6471392675527211,0.0873870849609375,512,0.6220463770456857,0.20681381225585938,0.09378814697265625,D:\499_4\FINAL_INFERENCE\A7_RGBN_REVISED7_TVERSKY_FULL_AOI\tiles_geotiff\tile_r17_c03_prediction.tif,1,Built-up & Impervious,tile_r17_c03,0.11942672729492188,523264,262144,0.7310104370117188,0.0034933912684209645,0.004222869873046875,0.0005255473336594912,512
34.17167663574219,42.279052734375,13.03863525390625,0.5947113037109375,9.131622314453125,0.7843017578125,0.0,0.42279052734375,0.007843017578125,0.5778984474018216,0.303037949022837,0.008011252446183953,0.3417167663574219,0.027638056506849314,18.674772976448587,98.95594232799823,120,0.3417167663574219,30,0.42279052734375,416,0.1303863525390625,15,0.005947113037109375,155,0.09131622314453125,10,0.007843017578125,0,0.0,EPSG:32647,UNLABELED_DEPLOYMENT,0.3417167663574219,0.42279052734375,2,Agricultural Land / Cropland,0.05592014738258317,0.6596338814119601,0.642701009700541,0.09131622314453125,512,0.6596338814119601,0.22170257568359375,0.09915924072265625,D:\499_4\FINAL_INFERENCE\A7_RGBN_REVISED7_TVERSKY_FULL_AOI\tiles_geotiff\tile_r17_c04_prediction.tif,1,Built-up & Impervious,tile_r17_c04,0.1303863525390625,523264,262144,0.6444931030273438,0.005273961112834513,0.005947113037109375,0.0005962573385518591,512
24.62615966796875,43.38531494140625,12.9791259765625,3.3710479736328125,13.724136352539062,1.914215087890625,0.0,0.4338531494140625,0.01914215087890625,0.42736547719687223,0.26303952070884407,0.008534888698630137,0.2462615966796875,0.025507200954011742,18.674775829482293,98.97050809983158,148,0.2462615966796875,45,0.4338531494140625,323,0.129791259765625,14,0.033710479736328125,188,0.13724136352539062,19,0.01914215087890625,0,0.0,EPSG:32647,UNLABELED_DEPLOYMENT,0.2462615966796875,0.4338531494140625,2,Agricultural Land / Cropland,0.05883645731409002,0.7374262464256899,0.6507735584810894,0.13724136352539062,512,0.7374262464256899,0.2670326232910156,0.15638351440429688,D:\499_4\FINAL_INFERENCE\A7_RGBN_REVISED7_TVERSKY_FULL_AOI\tiles_geotiff\tile_r17_c05_prediction.tif,1,Built-up & Impervious,tile_r17_c05,0.129791259765625,523264,262144,0.7008857727050781,0.036007191345561296,0.033710479736328125,0.002832222358121331,512
45.572662353515625,19.870376586914062,20.3582763671875,2.3807525634765625,11.046218872070312,0.7717132568359375,0.0,0.19870376586914062,0.007717132568359375,0.3622183852130547,0.5724745831685141,0.005933907167318982,0.45572662353515625,0.045969147504892366,18.67477755248547,98.9850738737767,139,0.45572662353515625,47,0.19870376586914062,405,0.203582763671875,7,0.023807525634765625,304,0.11046218872070312,15,0.007717132568359375,0,0.0,EPSG:32647,UNLABELED_DEPLOYMENT,0.45572662353515625,0.45572662353515625,1,Built-up & Impervious,0.071313906555773,0.705661218866938,0.6106234979318187,0.11046218872070312,512,0.705661218866938,0.3140449523925781,0.1181793212890625,D:\499_4\FINAL_INFERENCE\A7_RGBN_REVISED7_TVERSKY_FULL_AOI\tiles_geotiff\tile_r17_c06_prediction.tif,3,Tree / Woody Cover,tile_r17_c06,0.203582763671875,523264,262144,0.5127487182617188,0.029906533018220216,0.023807525634765625,0.0015059319960861056,512
29.729461669921875,40.79627990722656,12.233734130859375,1.2866973876953125,14.25018310546875,1.703643798828125,0.0,0.4079627990722656,0.01703643798828125,0.4851405759109184,0.3149410409387201,0.010073309075342466,0.29729461669921875,0.02843115521037182,18.67477814545759,98.9996396487906,135,0.29729461669921875,54,0.4079627990722656,370,0.12233734130859375,12,0.012866973876953125,237,0.1425018310546875,14,0.01703643798828125,0,0.0,EPSG:32647,UNLABELED_DEPLOYMENT,0.29729461669921875,0.4079627990722656,2,Agricultural Land / Cropland,0.06357211656066536,0.7125031800129873,0.7007592878775494,0.1425018310546875,512,0.7125031800129873,0.26483917236328125,0.15953826904296875,D:\499_4\FINAL_INFERENCE\A7_RGBN_REVISED7_TVERSKY_FULL_AOI\tiles_geotiff\tile_r17_c07_prediction.tif,1,Built-up & Impervious,tile_r17_c07,0.12233734130859375,523264,262144,0.6728019714355469,0.013630714849568903,0.012866973876953125,0.0012708690068493152,512
22.07183837890625,42.41600036621094,13.3514404296875,5.1998138427734375,12.843704223632812,4.1172027587890625,0.0,0.4241600036621094,0.041172027587890625,0.37447964190505445,0.23126999964006245,0.005941551492172212,0.2207183837890625,0.022139875856164382,18.674777608398472,99.0142054238303,152,0.2207183837890625,38,0.4241600036621094,330,0.133514404296875,50,0.051998138427734375,193,0.12843704223632812,19,0.041172027587890625,0,0.0,EPSG:32647,UNLABELED_DEPLOYMENT,0.2207183837890625,0.4241600036621094,2,Agricultural Land / Cropland,0.058232555650684935,0.778432233048696,0.7675379307479337,0.12843704223632812,512,0.778432233048696,0.2619514465332031,0.16960906982421875,D:\499_4\FINAL_INFERENCE\A7_RGBN_REVISED7_TVERSKY_FULL_AOI\tiles_geotiff\tile_r17_c08_prediction.tif,1,Built-up & Impervious,tile_r17_c08,0.133514404296875,523264,262144,0.6861114501953125,0.054483950312715024,0.051998138427734375,0.004357265166340509,512
20.4742431640625,40.25688171386719,18.138885498046875,5.2715301513671875,14.95208740234375,0.9063720703125,0.0,0.4025688171386719,0.009063720703125,0.32969167409464717,0.2710050502792001,0.0049745443982387475,0.204742431640625,0.02302279537671233,18.674775941308276,99.02877119785283,146,0.204742431640625,38,0.4025688171386719,315,0.18138885498046875,37,0.052715301513671875,194,0.1495208740234375,18,0.009063720703125,0,0.0,EPSG:32647,UNLABELED_DEPLOYMENT,0.204742431640625,0.4025688171386719,2,Agricultural Land / Cropland,0.060403543909001954,0.7618891098614798,0.6605181700929631,0.1495208740234375,512,0.7618891098614798,0.33090972900390625,0.1585845947265625,D:\499_4\FINAL_INFERENCE\A7_RGBN_REVISED7_TVERSKY_FULL_AOI\tiles_geotiff\tile_r17_c09_prediction.tif,1,Built-up & Impervious,tile_r17_c09,0.18138885498046875,523264,262144,0.7334785461425781,0.06977602455299348,0.052715301513671875,0.004099269202544031,512
34.58061218261719,28.060531616210938,26.420974731445312,0.879669189453125,8.965301513671875,1.0929107666015625,0.0,0.2806053161621094,0.010929107666015625,0.3881401445833035,0.48947163816774264,0.0024729390900195694,0.3458061218261719,0.040298969545009784,18.674773144187526,99.04333696981521,136,0.3458061218261719,23,0.2806053161621094,277,0.2642097473144531,9,0.00879669189453125,204,0.08965301513671875,11,0.010929107666015625,0,0.0,EPSG:32647,UNLABELED_DEPLOYMENT,0.3458061218261719,0.3458061218261719,1,Built-up & Impervious,0.06370398116438356,0.7105612080705336,0.5639904366660072,0.08965301513671875,512,0.7105612080705336,0.3538627624511719,0.10058212280273438,D:\499_4\FINAL_INFERENCE\A7_RGBN_REVISED7_TVERSKY_FULL_AOI\tiles_geotiff\tile_r17_c10_prediction.tif,2,Agricultural Land / Cropland,tile_r17_c10,0.2642097473144531,523264,262144,0.6344680786132812,0.012451286776922643,0.00879669189453125,0.0008867416829745596,512
25.933456420898438,25.616836547851562,22.577285766601562,0.255584716796875,24.12109375,1.4957427978515625,0.0,0.2561683654785156,0.014957427978515625,0.26573324570199475,0.48442015604814515,0.002069700954011742,0.2593345642089844,0.029038879036203523,18.67476921703709,99.05790273867443,181,0.2593345642089844,22,0.2561683654785156,236,0.22577285766601562,11,0.00255584716796875,151,0.2412109375,18,0.014957427978515625,0,0.0,EPSG:32647,UNLABELED_DEPLOYMENT,0.2593345642089844,0.2593345642089844,1,Built-up & Impervious,0.057290392612524464,0.7482500896063831,0.6174788852508836,0.2412109375,512,0.7482500896063831,0.4669837951660156,0.2561683654785156,D:\499_4\FINAL_INFERENCE\A7_RGBN_REVISED7_TVERSKY_FULL_AOI\tiles_geotiff\tile_r17_c11_prediction.tif,2,Agricultural Land / Cropland,tile_r17_c11,0.22577285766601562,523264,262144,0.7231521606445312,0.0047741568414494395,0.00255584716796875,0.000611545988258317,512
7.9029083251953125,28.071212768554688,21.7498779296875,3.8341522216796875,35.4766845703125,2.9651641845703125,0.0,0.2807121276855469,0.029651641845703125,0.08873768843477592,0.18090251088142395,0.0010912273727984344,0.07902908325195312,0.014298709637964774,18.674764159858167,99.07246850338753,170,0.07902908325195312,46,0.2807121276855469,208,0.217498779296875,60,0.038341522216796875,132,0.354766845703125,21,0.029651641845703125,0,0.0,EPSG:32647,UNLABELED_DEPLOYMENT,0.07902908325195312,0.354766845703125,5,Grassland / Herbaceous Cover,0.057082084760273974,0.7636567561310519,0.6674325439329339,0.354766845703125,512,0.7636567561310519,0.572265625,0.3844184875488281,D:\499_4\FINAL_INFERENCE\A7_RGBN_REVISED7_TVERSKY_FULL_AOI\tiles_geotiff\tile_r17_c12_prediction.tif,2,Agricultural Land / Cropland,tile_r17_c12,0.217498779296875,523264,262144,0.8529777526855469,0.0877661406993866,0.038341522216796875,0.005784842832681018,512
12.65716552734375,33.37974548339844,26.727676391601562,4.6234130859375,19.109725952148438,3.5022735595703125,0.0,0.3337974548339844,0.035022735595703125,0.16899718553759158,0.23206863552331924,0.001293801981409002,0.1265716552734375,0.018676996697651663,18.674757972652348,99.08703426291152,161,0.1265716552734375,42,0.3337974548339844,195,0.2672767639160156,33,0.046234130859375,116,0.19109725952148438,32,0.035022735595703125,0,0.0,EPSG:32647,UNLABELED_DEPLOYMENT,0.1265716552734375,0.3337974548339844,2,Agricultural Land / Cropland,0.0563768957925636,0.7997821236673737,0.643716645737295,0.19109725952148438,512,0.7997821236673737,0.4583740234375,0.2261199951171875,D:\499_4\FINAL_INFERENCE\A7_RGBN_REVISED7_TVERSKY_FULL_AOI\tiles_geotiff\tile_r17_c13_prediction.tif,3,Tree / Woody Cover,tile_r17_c13,0.2672767639160156,523264,262144,0.7921714782714844,0.0847700983285904,0.046234130859375,0.0035679886252446185,512
13.92669677734375,25.664901733398438,20.338058471679688,3.4526824951171875,31.423568725585938,5.194091796875,0.0,0.2566490173339844,0.05194091796875,0.14297092170454562,0.2883473946712911,0.002858977495107632,0.1392669677734375,0.019856133806262232,18.674750655421526,99.10160001620343,172,0.1392669677734375,39,0.2566490173339844,251,0.20338058471679688,29,0.034526824951171875,138,0.3142356872558594,43,0.05194091796875,0,0.0,EPSG:32647,UNLABELED_DEPLOYMENT,0.1392669677734375,0.3142356872558594,5,Grassland / Herbaceous Cover,0.0560596563111546,0.8125367169176776,0.6631119144270776,0.3142356872558594,512,0.8125367169176776,0.5176162719726562,0.3661766052246094,D:\499_4\FINAL_INFERENCE\A7_RGBN_REVISED7_TVERSKY_FULL_AOI\tiles_geotiff\tile_r17_c14_prediction.tif,2,Agricultural Land / Cropland,tile_r17_c14,0.20338058471679688,523264,262144,0.7742652893066406,0.0714865856571123,0.034526824951171875,0.00261818126223092,512
6.755828857421875,40.425872802734375,16.733169555664062,2.7423858642578125,28.437042236328125,4.90570068359375,0.0,0.40425872802734375,0.0490570068359375,0.10924411122687161,0.12206488812807947,0.0029564426369863015,0.06755828857421875,0.010877874266144814,18.674742208167988,99.11616576222029,198,0.06755828857421875,45,0.40425872802734375,190,0.16733169555664062,25,0.027423858642578125,71,0.28437042236328125,58,0.0490570068359375,0,0.0,EPSG:32647,UNLABELED_DEPLOYMENT,0.06755828857421875,0.40425872802734375,2,Agricultural Land / Cropland,0.04614114481409002,0.7458994906357901,0.6060740478825459,0.28437042236328125,512,0.7458994906357901,0.4517021179199219,0.33342742919921875,D:\499_4\FINAL_INFERENCE\A7_RGBN_REVISED7_TVERSKY_FULL_AOI\tiles_geotiff\tile_r17_c15_prediction.tif,5,Grassland / Herbaceous Cover,tile_r17_c15,0.16733169555664062,523264,262144,0.8559608459472656,0.04954966012155637,0.027423858642578125,0.002413695572407045,512
2.4165482954545454,33.65234375,14.957386363636363,1.905184659090909,38.40376420454545,8.664772727272728,0.0,0.3365234375,0.08664772727272728,0.032529005570845176,0.05157991897961325,0.0008927136710171579,0.024165482954545455,0.007561284793515328,18.674736525454897,99.12501331098247,52,0.024165482954545455,14,0.3365234375,40,0.14957386363636363,8,0.01905184659090909,22,0.38403764204545454,19,0.08664772727272728,0,0.0,EPSG:32647,UNLABELED_DEPLOYMENT,0.024165482954545455,0.38403764204545454,5,Grassland / Herbaceous Cover,0.05147387027084933,0.7171815500679639,0.6779109201847437,0.38403764204545454,512,0.7171815500679639,0.5336115056818181,0.47068536931818183,D:\499_4\FINAL_INFERENCE\A7_RGBN_REVISED7_TVERSKY_FULL_AOI\tiles_geotiff\tile_r17_c16_prediction.tif,2,Agricultural Land / Cropland,tile_r17_c16,0.14957386363636363,112018,56320,0.8701349431818182,0.040665138181576056,0.01905184659090909,0.002356764091485297,110
22.930975274725274,25.558035714285715,36.02979052197802,0.7082760989010989,14.154790521978022,0.6181318681318682,0.0,0.25558035714285715,0.006181318681318682,0.23442827401393249,0.4603125548365611,0.002225078579838196,0.22930975274725274,0.03471554638640758,18.666561844722295,98.89768419413844,39,0.22930975274725274,4,0.25558035714285715,41,0.3602979052197802,12,0.007082760989010989,45,0.14154790521978022,2,0.006181318681318682,0,0.0,EPSG:32647,UNLABELED_DEPLOYMENT,0.22930975274725274,0.3602979052197802,3,Tree / Woody Cover,0.06717361013598902,0.7181272259454823,0.608651242823303,0.14154790521978022,92,0.7181272259454823,0.5018458104395604,0.1477292239010989,D:\499_4\FINAL_INFERENCE\A7_RGBN_REVISED7_TVERSKY_FULL_AOI\tiles_geotiff\tile_r18_c00_prediction.tif,2,Agricultural Land / Cropland,tile_r18_c00,0.3602979052197802,92581,46592,0.7574261675824175,0.01421781571471969,0.007082760989010989,0.0024951123880709867,512
45.17454677768028,22.37965796964962,18.610474947025963,1.2349906894116136,12.600329616232528,0.0,0.0,0.22379657969649622,0.0,0.4043963623273688,0.563973580284783,0.0037269221654925785,0.45174546777680274,0.029933863288739523,18.66656921440069,98.91224924792664,21,0.45174546777680274,6,0.22379657969649622,62,0.18610474947025962,10,0.012349906894116136,26,0.12600329616232528,0,0.0,0,0.0,EPSG:32647,UNLABELED_DEPLOYMENT,0.45174546777680274,0.45174546777680274,1,Built-up & Impervious,0.054126543010405224,0.6794773323017819,0.5791723335198341,0.12600329616232528,92,0.6794773323017819,0.3121080456325849,0.12600329616232528,D:\499_4\FINAL_INFERENCE\A7_RGBN_REVISED7_TVERSKY_FULL_AOI\tiles_geotiff\tile_r18_c01_prediction.tif,2,Agricultural Land / Cropland,tile_r18_c01,0.18610474947025962,92838,46721,0.5359046253290811,0.015418021217867894,0.012349906894116136,0.0030483207307352594,512
54.995329483695656,18.643851902173914,16.176970108695652,0.042459239130434784,9.470533288043478,0.6708559782608696,0.0,0.18643851902173914,0.006708559782608696,0.4101299112821121,0.5641971598951487,0.001997777872740481,0.5499532948369565,0.03777616341182001,18.666575454585253,98.92681430799713,16,0.5499532948369565,10,0.18643851902173914,89,0.1617697010869565,1,0.0004245923913043478,34,0.09470533288043478,3,0.006708559782608696,0,0.0,EPSG:32647,UNLABELED_DEPLOYMENT,0.5499532948369565,0.5499532948369565,1,Built-up & Impervious,0.0534699371821717,0.6150057124724384,0.4673876407296163,0.09470533288043478,92,0.6150057124724384,0.2564750339673913,0.10141389266304349,D:\499_4\FINAL_INFERENCE\A7_RGBN_REVISED7_TVERSKY_FULL_AOI\tiles_geotiff\tile_r18_c02_prediction.tif,2,Agricultural Land / Cropland,tile_r18_c02,0.1617697010869565,93604,47104,0.4429135529891305,0.00043558939192831403,0.0004245923913043478,8.54664330584163e-05,512
2.6600713315217392,88.8268512228261,4.570737092391304,0.9510869565217392,2.9912533967391304,0.0,0.0,0.888268512228261,0.0,0.09451430416287458,0.00804617364375037,0.0026815093372078115,0.026600713315217392,0.002510576471090979,18.666580565274064,98.94137937330717,8,0.026600713315217392,5,0.888268512228261,26,0.04570737092391304,8,0.009510869565217392,15,0.029912533967391304,0,0.0,0,0.0,EPSG:32647,UNLABELED_DEPLOYMENT,0.026600713315217392,0.888268512228261,2,Agricultural Land / Cropland,0.02168710738857314,0.25283924663236323,0.4785917375413863,0.029912533967391304,92,0.25283924663236323,0.07561990489130435,0.029912533967391304,D:\499_4\FINAL_INFERENCE\A7_RGBN_REVISED7_TVERSKY_FULL_AOI\tiles_geotiff\tile_r18_c03_prediction.tif,3,Tree / Woody Cover,tile_r18_c03,0.04570737092391304,93604,47104,0.9638884171195654,0.002876844207821361,0.009510869565217392,0.0003632323404982693,512
10.837753211067799,63.716531407757685,13.668605022685156,1.395190321000277,7.116535667880802,3.265384369608282,0.0,0.6371653140775768,0.03265384369608282,0.27621761714501125,0.09010569010467089,0.008553971486761711,0.108377532110678,0.014749705220280844,18.666584546465536,98.95594444281402,35,0.108377532110678,15,0.6371653140775768,51,0.13668605022685157,6,0.01395190321000277,26,0.07116535667880802,5,0.03265384369608282,0,0.0,EPSG:32647,UNLABELED_DEPLOYMENT,0.108377532110678,0.6371653140775768,2,Agricultural Land / Cropland,0.05423946832457927,0.5958355638498242,0.5495433235102757,0.07116535667880802,92,0.5958355638498242,0.2078514069056596,0.10381920037489084,D:\499_4\FINAL_INFERENCE\A7_RGBN_REVISED7_TVERSKY_FULL_AOI\tiles_geotiff\tile_r18_c04_prediction.tif,3,Tree / Woody Cover,tile_r18_c04,0.13668605022685157,93290,46947,0.8450167209832364,0.011599690844842657,0.01395190321000277,0.002293922178154143,512
28.37182348901099,27.365212912087912,21.60885989010989,4.217462225274725,18.00523695054945,0.431404532967033,0.0,0.2736521291208791,0.00431404532967033,0.310560396192385,0.44956966529590986,0.005076635594776466,0.2837182348901099,0.037415884468735484,18.66658739815843,98.97050951547492,37,0.2837182348901099,13,0.2736521291208791,89,0.2160885989010989,8,0.042174622252747256,37,0.1800523695054945,1,0.00431404532967033,0,0.0,EPSG:32647,UNLABELED_DEPLOYMENT,0.2837182348901099,0.2837182348901099,1,Built-up & Impervious,0.0768192177660643,0.7753827428703145,0.4596623935325958,0.1800523695054945,92,0.7753827428703145,0.3961409684065934,0.18436641483516483,D:\499_4\FINAL_INFERENCE\A7_RGBN_REVISED7_TVERSKY_FULL_AOI\tiles_geotiff\tile_r18_c05_prediction.tif,2,Agricultural Land / Cropland,tile_r18_c05,0.2160885989010989,92581,46592,0.6697930975274725,0.06682838280554225,0.042174622252747256,0.007625754744494011,512
21.701150412087912,48.74871222527473,7.539921016483516,1.893028846153846,18.752146291208792,1.3650412087912087,0.0,0.4874871222527473,0.013650412087912088,0.42316125455851034,0.22822724291558807,0.008068610189995787,0.21701150412087913,0.020166124798824812,18.666589120351876,98.98507459024711,26,0.21701150412087913,6,0.4874871222527473,60,0.07539921016483517,5,0.01893028846153846,34,0.18752146291208793,6,0.013650412087912088,0,0.0,EPSG:32647,UNLABELED_DEPLOYMENT,0.21701150412087913,0.4874871222527473,2,Agricultural Land / Cropland,0.056037415884468735,0.6805588634260931,0.5712239856512372,0.18752146291208793,92,0.6805588634260931,0.26292067307692313,0.20117187500000003,D:\499_4\FINAL_INFERENCE\A7_RGBN_REVISED7_TVERSKY_FULL_AOI\tiles_geotiff\tile_r18_c06_prediction.tif,1,Built-up & Impervious,tile_r18_c06,0.07539921016483517,92581,46592,0.7504077953296704,0.019908656735392015,0.01893028846153846,0.004871409900519545,512
16.118646978021978,45.74175824175824,14.620535714285715,2.02395260989011,21.495106456043956,0.0,0.0,0.4574175824175824,0.0,0.29491810130117135,0.23285411461124297,0.005584299154254113,0.16118646978021978,0.019388427431114377,18.666589713045322,98.99963966608786,35,0.16118646978021978,15,0.4574175824175824,51,0.14620535714285715,11,0.0202395260989011,41,0.21495106456043955,0,0.0,0,0.0,EPSG:32647,UNLABELED_DEPLOYMENT,0.16118646978021978,0.4574175824175824,2,Agricultural Land / Cropland,0.05812207688402588,0.6898958579995792,0.543045460849377,0.21495106456043955,92,0.6898958579995792,0.3611564217032967,0.21495106456043955,D:\499_4\FINAL_INFERENCE\A7_RGBN_REVISED7_TVERSKY_FULL_AOI\tiles_geotiff\tile_r18_c07_prediction.tif,5,Grassland / Herbaceous Cover,tile_r18_c07,0.14620535714285715,92581,46592,0.8185740041208791,0.02923853929139842,0.0202395260989011,0.00483900584353161,512
28.856885302197803,38.23403159340659,9.623969780219781,1.8651270604395604,21.018629807692307,0.401356456043956,0.0,0.3823403159340659,0.00401356456043956,0.4413260257326165,0.35369999266782115,0.006513215454574913,0.28856885302197804,0.0288828161285793,18.666589176238602,99.0142047419544,22,0.28856885302197804,5,0.3823403159340659,61,0.09623969780219781,4,0.018651270604395604,39,0.21018629807692307,2,0.00401356456043956,0,0.0,EPSG:32647,UNLABELED_DEPLOYMENT,0.28856885302197804,0.3823403159340659,2,Agricultural Land / Cropland,0.060120327064948534,0.7070116776412811,0.5678093459275259,0.21018629807692307,92,0.7070116776412811,0.3064259958791209,0.21419986263736263,D:\499_4\FINAL_INFERENCE\A7_RGBN_REVISED7_TVERSKY_FULL_AOI\tiles_geotiff\tile_r18_c08_prediction.tif,1,Built-up & Impervious,tile_r18_c08,0.09623969780219781,92581,46592,0.6887663118131868,0.022860936677451583,0.018651270604395604,0.005865134314816215,512
18.253883918134868,43.77616730070346,14.190381059656133,7.914479416827833,14.360402099759845,1.5046862049178586,0.0,0.4377616730070346,0.015046862049178586,0.31963403051515693,0.20846507262552763,0.0037753203140039786,0.18253883918134867,0.021229492417274495,18.66658750993187,99.02876981680399,41,0.18253883918134867,11,0.4377616730070346,62,0.14190381059656132,8,0.07914479416827833,45,0.14360402099759845,4,0.015046862049178586,0,0.0,EPSG:32647,UNLABELED_DEPLOYMENT,0.18253883918134867,0.4377616730070346,2,Agricultural Land / Cropland,0.06290774528887083,0.7666105975636037,0.5528595280864185,0.14360402099759845,92,0.7666105975636037,0.28550783159415977,0.15865088304677705,D:\499_4\FINAL_INFERENCE\A7_RGBN_REVISED7_TVERSKY_FULL_AOI\tiles_geotiff\tile_r18_c09_prediction.tif,1,Built-up & Impervious,tile_r18_c09,0.14190381059656132,93502,47053,0.7232695046011943,0.09038583425980498,0.07914479416827833,0.007999828880665654,512
30.746858016304344,44.35716711956522,11.935292119565217,0.0,11.228345788043478,1.7323369565217392,0.0,0.44357167119565216,0.017323369565217392,0.5455374077723021,0.28488363435453185,0.0020618776975342935,0.30746858016304346,0.019261997350540575,18.66658471412564,99.04333488959388,15,0.30746858016304346,8,0.44357167119565216,36,0.11935292119565216,0,0.0,28,0.11228345788043478,1,0.017323369565217392,0,0.0,EPSG:32647,UNLABELED_DEPLOYMENT,0.30746858016304346,0.44357167119565216,2,Agricultural Land / Cropland,0.04149395324986112,0.6643150626019031,0.38585738728020635,0.11228345788043478,92,0.6643150626019031,0.23163637907608695,0.12960682744565216,D:\499_4\FINAL_INFERENCE\A7_RGBN_REVISED7_TVERSKY_FULL_AOI\tiles_geotiff\tile_r18_c10_prediction.tif,1,Built-up & Impervious,tile_r18_c10,0.11935292119565216,93604,47104,0.6752080502717391,0.0,0.0,0.0,512
23.32710597826087,36.17102581521739,25.934103260869566,0.07430366847826088,14.030655570652172,0.4628057065217391,0.0,0.3617102581521739,0.004628057065217391,0.33750614101359433,0.37290486586341787,0.0018375283107559507,0.2332710597826087,0.02469979915388231,18.666580788820795,99.0578999592813,28,0.2332710597826087,16,0.3617102581521739,53,0.2593410326086957,3,0.0007430366847826087,25,0.14030655570652173,2,0.004628057065217391,0,0.0,EPSG:32647,UNLABELED_DEPLOYMENT,0.2332710597826087,0.3617102581521739,2,Agricultural Land / Cropland,0.05117302679372676,0.7005253505264034,0.33591723559817543,0.14030655570652173,92,0.7005253505264034,0.3996475883152174,0.1449346127717391,D:\499_4\FINAL_INFERENCE\A7_RGBN_REVISED7_TVERSKY_FULL_AOI\tiles_geotiff\tile_r18_c11_prediction.tif,3,Tree / Woody Cover,tile_r18_c11,0.2593410326086957,93604,47104,0.7613578464673914,0.001187811276412416,0.0007430366847826087,0.0003311824281013632,512
5.2734375,31.889011548913043,34.69981317934783,7.634171195652175,20.242442255434785,0.2611243206521739,0.0,0.31889011548913043,0.002611243206521739,0.06726588373598845,0.11589382005774458,0.0009721806760394855,0.052734375,0.011228152643049442,18.666575734018537,99.07246502482352,17,0.052734375,12,0.31889011548913043,33,0.34699813179347827,19,0.07634171195652174,34,0.20242442255434784,2,0.002611243206521739,0,0.0,EPSG:32647,UNLABELED_DEPLOYMENT,0.052734375,0.34699813179347827,3,Tree / Woody Cover,0.05172855860860647,0.7308567528610392,0.5100759259544568,0.20242442255434784,92,0.7308567528610392,0.5494225543478262,0.20503566576086957,D:\499_4\FINAL_INFERENCE\A7_RGBN_REVISED7_TVERSKY_FULL_AOI\tiles_geotiff\tile_r18_c12_prediction.tif,2,Agricultural Land / Cropland,tile_r18_c12,0.34699813179347827,93604,47104,0.8683126698369565,0.16777543354575264,0.07634171195652174,0.011238835947181744,512
6.689056216308719,0.3593736630444083,25.139043381535036,21.900402156241977,43.87995208351159,2.0321724993582615,0.0,0.0035937366304440834,0.020321724993582615,0.0009615482539059339,0.1846687762635414,0.0,0.0668905621630872,0.013983981397752228,18.666569549720435,99.08703008517777,23,0.0668905621630872,6,0.0035937366304440834,52,0.25139043381535037,18,0.21900402156241977,44,0.4387995208351159,6,0.020321724993582615,0,0.0,EPSG:32647,UNLABELED_DEPLOYMENT,0.0668905621630872,0.4387995208351159,5,Grassland / Herbaceous Cover,0.06079102613788055,0.6790993934047626,0.5615222108082653,0.4387995208351159,92,0.6790993934047626,0.6901899546504663,0.4591212458286985,D:\499_4\FINAL_INFERENCE\A7_RGBN_REVISED7_TVERSKY_FULL_AOI\tiles_geotiff\tile_r18_c13_prediction.tif,3,Tree / Woody Cover,tile_r18_c13,0.25139043381535037,92892,46748,0.6937836912809103,0.604617502841745,0.21900402156241977,0.02119665848512251,512
19.237208104395602,19.3359375,28.575721153846157,11.723042582417582,18.043870192307693,3.084220467032967,0.0,0.193359375,0.030842204670329672,0.14878778143243473,0.3587323121871368,0.002160270465862326,0.19237208104395603,0.017465786716496904,18.66656223592841,99.10159513930134,27,0.19237208104395603,18,0.193359375,57,0.28575721153846156,23,0.11723042582417582,34,0.18043870192307693,12,0.030842204670329672,0,0.0,EPSG:32647,UNLABELED_DEPLOYMENT,0.19237208104395603,0.28575721153846156,3,Tree / Woody Cover,0.06505654507944394,0.8532425051511695,0.5315956832963811,0.18043870192307693,92,0.8532425051511695,0.4661959134615385,0.2112809065934066,D:\499_4\FINAL_INFERENCE\A7_RGBN_REVISED7_TVERSKY_FULL_AOI\tiles_geotiff\tile_r18_c14_prediction.tif,2,Agricultural Land / Cropland,tile_r18_c14,0.28575721153846156,92581,46592,0.6595552884615385,0.21860938181034711,0.11723042582417582,0.01211911731348765,512
23.68432348901099,30.11246565934066,18.243475274725274,3.844007554945055,11.205786401098901,12.90994162087912,0.0,0.3011246565934066,0.1290994162087912,0.2852773510910235,0.27899433601710144,0.0004212527408431536,0.2368432348901099,0.011006578023568551,18.666553792644724,99.11616018615146,45,0.2368432348901099,5,0.3011246565934066,43,0.18243475274725274,10,0.03844007554945055,23,0.11205786401098901,17,0.1290994162087912,0,0.0,EPSG:32647,UNLABELED_DEPLOYMENT,0.2368432348901099,0.3011246565934066,2,Agricultural Land / Cropland,0.04911374904137998,0.8467825769641192,0.392003765807501,0.11205786401098901,92,0.8467825769641192,0.29449261675824173,0.24115728021978022,D:\499_4\FINAL_INFERENCE\A7_RGBN_REVISED7_TVERSKY_FULL_AOI\tiles_geotiff\tile_r18_c15_prediction.tif,1,Built-up & Impervious,tile_r18_c15,0.18243475274725274,92581,46592,0.5956172733516484,0.0452812737477688,0.03844007554945055,0.0037156652012832006,512
3.296703296703297,0.2997002997002997,14.385614385614387,8.271728271728271,46.50349650349651,27.242757242757243,0.0,0.002997002997002997,0.27242757242757243,0.0003952091864179776,0.0802933330405858,0.0,0.03296703296703297,0.011705938745648115,18.666548112602264,99.12500731022534,20,0.03296703296703297,2,0.002997002997002997,10,0.14385614385614387,1,0.08271728271728271,5,0.46503496503496505,6,0.27242757242757243,0,0.0,EPSG:32647,UNLABELED_DEPLOYMENT,0.03296703296703297,0.46503496503496505,5,Grassland / Herbaceous Cover,0.06221302790251779,0.6810707487059112,0.2910304924975729,0.46503496503496505,92,0.6810707487059112,0.6088911088911089,0.7374625374625374,D:\499_4\FINAL_INFERENCE\A7_RGBN_REVISED7_TVERSKY_FULL_AOI\tiles_geotiff\tile_r18_c16_prediction.tif,6,Bare Ground,tile_r18_c16,0.14385614385614387,19819,10010,0.6118881118881119,0.2014632719927425,0.08271728271728271,0.006761188758262274,110
