{"type":"FeatureCollection","features":[{"type":"Feature","properties":{"class_id":"R1","feature_id":32619},"geometry":{"type":"Polygon","coordinates":[[[99.06167668110032,18.882702899273887],[99.0616766116393,18.882513105581687],[99.06190444095758,18.88240457633776],[99.0619043911601,18.88226900941139],[99.06181892045888,18.882214811061623],[99.06181889062194,18.882133470904243],[99.0618758577827,18.882133451961145],[99.06181883094852,18.881970790587374],[99.0618756785993,18.88164541100251],[99.06161928746488,18.88153704255634],[99.06141984382027,18.881374428175295],[99.06122046950249,18.881401607296812],[99.06113498962586,18.88132029523724],[99.06065072230082,18.881184886816733],[99.06056524280848,18.881103574492354],[99.06062214135521,18.88091376220564],[99.06053666201453,18.88083244986534],[99.0605366133217,18.880696882912602],[99.06036567444765,18.88058848489097],[99.06036560647128,18.880398691151015],[99.06022311252812,18.88018183017886],[99.06013767244788,18.88020897121731],[99.06008076392555,18.880371669979166],[99.06010928588763,18.880480114343786],[99.06022324815908,18.880561417664747],[99.06016631056463,18.88064277627381],[99.05988143873809,18.880534414624258],[99.05982437587777,18.880263299035317],[99.05956805523607,18.880344721483606],[99.05959649058003,18.880209145397586],[99.05948252884846,18.88012784168806],[99.05934014127216,18.880209227354477],[99.05908379196295,18.88020930895807],[99.05902686343127,18.880317780615247],[99.05922626541103,18.880371944021825],[99.05931168663932,18.880290576616947],[99.05939713645004,18.880290549350203],[99.05948262453573,18.880398975613375],[99.05959654810248,18.880371825751972],[99.05956815106212,18.880615855402183],[99.05942573443639,18.88061590095665],[99.05916933691657,18.88048041572061],[99.05905540370675,18.88048045192837],[99.05914097729585,18.88083289886931],[99.0587706841339,18.880805902843765],[99.0586566940865,18.880643258458367],[99.05871359463059,18.880453446740614],[99.05885601112088,18.880453401731785],[99.05885598271685,18.880372061554567],[99.05868506412997,18.880317888766466],[99.05868501692785,18.880182321801655],[99.05879890264355,18.8800467188548],[99.05894131878995,18.88004667378159],[99.05905508071177,18.879558596550996],[99.05916898474483,18.87947722016056],[99.05936835712475,18.879450043237764],[99.05951073447439,18.879341544149757],[99.05953916969769,18.879205968058233],[99.05962459977624,18.879151713897258],[99.05979549824185,18.879151659040193],[99.05985249327985,18.879232980906018],[99.05993794255357,18.879232953392304],[99.05996633883149,18.878988923651523],[99.06019418386572,18.878934623263927],[99.06036503355985,18.87879900090338],[99.06030798021877,18.878554998809935],[99.06039340971948,18.87850074429369],[99.06039336114831,18.878365177306648],[99.06025093673514,18.87833811008993],[99.06008011640654,18.87855507254333],[99.05990923781955,18.878609354454642],[99.059909266729,18.8786906946457],[99.05996623272816,18.87869067629071],[99.05996630024823,18.87888047006687],[99.0599093534582,18.878934715214598],[99.05959604959429,18.87896192925291],[99.05951052387775,18.8787450494362],[99.05951045687138,18.878555255655694],[99.05968131633367,18.878446747314896],[99.05988068741098,18.878419569843558],[99.05988060072582,18.878175549261034],[99.05973819577149,18.878202708447485],[99.05979520007757,18.878311143738216],[99.05962430246413,18.878311198592662],[99.05968122033744,18.878175613333713],[99.059595742842,18.878094300532],[99.05939637210237,18.878121477697956],[99.05931090431136,18.878067278163474],[99.05931080891301,18.87779614416942],[99.05902599941254,18.87785046156195],[99.05891202060204,18.8777149306769],[99.05879808926095,18.877714966721967],[99.05882669510133,18.87806743191414],[99.05862730540706,18.878040381457517],[99.0586557222561,18.877850578680988],[99.05851328914146,18.8777963967303],[99.05851325149567,18.877687943128908],[99.05828537947332,18.877660901260082],[99.05825692475746,18.877742250383694],[99.0580860464015,18.87779653062435],[99.05808610245836,18.877959211025303],[99.05820007141084,18.878067629014684],[99.05788675956268,18.878067726773416],[99.05777285585869,18.87814910239013],[99.05771594574105,18.87831180046881],[99.05760200472895,18.87828472238327],[99.05760202325929,18.878338949181522],[99.05771595502456,18.878338913867843],[99.05782992399708,18.878447332079524],[99.05788718787858,18.879314943076206],[99.05771629852563,18.879342109576623],[99.05711808888049,18.87915250042906],[99.05677630106345,18.879179718463618],[99.05677627366508,18.879098378272282],[99.05663385831446,18.87909842168576],[99.05643443143418,18.87896291529352],[99.05657659185952,18.878203696865945],[99.05640573970891,18.878339315762275],[99.0561208922342,18.878285175109863],[99.05612082001927,18.878068267908088],[99.05623471542411,18.87795977989949],[99.05629159969253,18.87771574206026],[99.05631996476775,18.87736325921352],[99.05634842941878,18.877309023783244],[99.05654780879404,18.87730896328529],[99.0565192714834,18.877146291524145],[99.05634838410386,18.877173456769047],[99.05637680337658,18.876983654316536],[99.05626283632837,18.876875235192518],[99.05623429936722,18.876712563379176],[99.05634821191066,18.876658302097113],[99.05646216978555,18.876739607767394],[99.05657610047214,18.876739573154644],[99.05660452852045,18.876576884064065],[99.05637666736702,18.87657695325403],[99.05631965678857,18.876441403482993],[99.05592089109409,18.876414410365452],[99.05583547018324,18.876495776246287],[99.05583552406416,18.876658456676356],[99.05575010298868,18.87673982251628],[99.05560768962816,18.876739865139005],[99.05557913544439,18.876522966410693],[99.05563609176733,18.876495835978314],[99.05563606492329,18.876414495761942],[99.05546516029958,18.876387433384835],[99.05540823963105,18.876523017387267],[99.05529430908852,18.87652305128443],[99.05523731716548,18.876441727990162],[99.05509492177751,18.876495997031032],[99.0550950369718,18.876848471297016],[99.05495267654793,18.87701119384485],[99.05492416732828,18.876929862043298],[99.05498113273741,18.87692984521642],[99.0549811150516,18.876875618407507],[99.05492414082708,18.87684852182973],[99.05492410549236,18.87674006821053],[99.05483865747478,18.876740093417865],[99.05478173618356,18.876875677225065],[99.05455387461919,18.876875744183486],[99.0545537781042,18.876577496726693],[99.05443981250059,18.876469076477445],[99.0544397774782,18.87636062285296],[99.05426885564198,18.876279332563076],[99.05429723344662,18.875953963367763],[99.05398392550582,18.875954054543392],[99.05392691706122,18.87581850402463],[99.05381296968304,18.875764310197006],[99.05372756536222,18.875899901933458],[99.05389846921699,18.875926965910146],[99.05389849522193,18.876008306133155],[99.05378457367439,18.87603545251245],[99.0536421350229,18.87595415340596],[99.05347123978065,18.875954202601772],[99.05341424892853,18.875872878741365],[99.05349967069627,18.87579151396464],[99.05330027596145,18.875737344374286],[99.05330030167748,18.875818684599746],[99.05335726671267,18.87581866827104],[99.05332881850168,18.875927130070366],[99.05310099237415,18.876035648878],[99.05307242446544,18.875764522923074],[99.0531578463438,18.875683158302074],[99.0531008386549,18.87554760752438],[99.05315779504967,18.8755204778477],[99.05318622619589,18.875357789250327],[99.05312921859493,18.875222238476372],[99.05292983316399,18.875195181894124],[99.05281586953889,18.875086760629102],[99.0527588199051,18.87481564268012],[99.0526449074437,18.874869901774968],[99.05273039691627,18.875005444633462],[99.05267346603873,18.875113914412978],[99.0525310540444,18.875113954677172],[99.05250252942865,18.874978395662094],[99.0523601175484,18.87497843579517],[99.0523316940836,18.87516823768544],[99.05213230884225,18.875141180247876],[99.05193294871977,18.875195462829108],[99.05198994698974,18.87530390056196],[99.05227478811513,18.875358047572643],[99.05233184557304,18.87565627906501],[99.05221794920213,18.875764764713402],[99.05199009749104,18.875791941937084],[99.05199013929777,18.87592750898119],[99.05176229565409,18.875981799334618],[99.0517053555092,18.876063155400505],[99.05173405439955,18.876768096072553],[99.05204738060667,18.87682223549435],[99.05201893975129,18.876957810489802],[99.0521044214043,18.87706624019898],[99.05224680143604,18.87695774663596],[99.05250316271908,18.877011901277434],[99.05253166233666,18.87706612004711],[99.05247471375894,18.877120362934093],[99.05233230848621,18.877147516455214],[99.05233235057139,18.87728308347885],[99.05210448006679,18.877256034033863],[99.05207603080919,18.87736449562744],[99.05213299636785,18.87736447967233],[99.05227546912022,18.877554233536525],[99.05241788317657,18.877554193462988],[99.05244633224576,18.877445731819797],[99.05256025496344,18.877418586261232],[99.05273126195056,18.877771012143437],[99.05301609895437,18.87779804459136],[99.05310157313397,18.87787936042754],[99.05307313295079,18.878014935567148],[99.05321553027558,18.877960668077826],[99.05327253030921,18.878069105381243],[99.0531586585705,18.878258931784277],[99.05304470125421,18.878177624102186],[99.05307314148736,18.87804204896918],[99.05275983814566,18.878069251494942],[99.05287381226081,18.87820478615637],[99.05287387179341,18.878394579965704],[99.0529593206524,18.87839455565875],[99.05304474391477,18.878313191109264],[99.05310170979314,18.878313174856736],[99.05313021837003,18.878394506927123],[99.05295938028192,18.878584349463953],[99.05295941435624,18.878692803065192],[99.05273159273872,18.878828434797846],[99.05267461821303,18.87880133753753],[99.05267459279455,18.878719997337296],[99.0528169398696,18.87850304975222],[99.05250365251923,18.87858447864881],[99.05233272093636,18.878476073201707],[99.05241812768038,18.87834048213716],[99.05241799278024,18.877906667704448],[99.05221860428527,18.877879610375203],[99.05196228356145,18.87796102236416],[99.05193381738788,18.878015257123298],[99.05173441219831,18.87793397246991],[99.05144959999127,18.877988278268916],[99.05136408524318,18.877771394656214],[99.05113622245544,18.877771457431482],[99.05113624713024,18.877852797641992],[99.05125018682249,18.877879879692397],[99.05136415959784,18.87801541528474],[99.0513359739733,18.878991505597593],[99.05139297314969,18.879099943466997],[99.05150689715597,18.879072798555246],[99.05156383840958,18.87899144257373],[99.05187712697403,18.87891001526057],[99.05199095041904,18.878557509246328],[99.05204795824076,18.878693060320032],[99.05221887306254,18.87874723922571],[99.0523328472035,18.87888277420866],[99.05247526238215,18.878882734088478],[99.05261770295171,18.878964034058153],[99.05301646564142,18.87896392083579],[99.05295957621246,18.879207957653794],[99.0524468637096,18.87915387611551],[99.0521050834931,18.87920819896811],[99.05184880239685,18.87942517778752],[99.05173496142888,18.87972345688885],[99.05167799507267,18.879723472723978],[99.05164947866103,18.879615027043496],[99.0513931054209,18.879533757851192],[99.05130762296908,18.879425327845773],[99.05139303928483,18.879316850661617],[99.05133605655017,18.879262639593478],[99.05113668307267,18.879289807910467],[99.05099423473601,18.87918139340898],[99.0507948449572,18.879154334560422],[99.050766378207,18.879208569135333],[99.05082336891587,18.879289893778147],[99.05070945280877,18.879344151670516],[99.05068092078004,18.87918147903625],[99.05062394646286,18.87915438114838],[99.05048153105054,18.87915441985174],[99.05045307231511,18.879235767778624],[99.05039610612256,18.879235783220786],[99.04996882752555,18.879127444880922],[99.04994028821541,18.87893765872684],[99.05056692336034,18.878964602842036],[99.05062380803115,18.87869345334019],[99.0506807740402,18.87869343782872],[99.05068084740955,18.87893745843569],[99.05082326263813,18.878937419580158],[99.05096558768888,18.87863913320753],[99.05107951145342,18.878611988556752],[99.05116491927559,18.878476398066983],[99.05116490281591,18.878422171263715],[99.05107944572437,18.87839508134464],[99.0511078793546,18.878232393109123],[99.05099391483995,18.878123970765472],[99.05096538274638,18.87796129815369],[99.05068053763551,18.877907149162777],[99.05068052133217,18.877852922355785],[99.05053809076207,18.877798734292465],[99.05056650854948,18.8775818193196],[99.05042407824509,18.87752763116679],[99.05042404580416,18.87741917754763],[99.05053796070429,18.87736491982165],[99.0505664190852,18.87728357186628],[99.05031002563695,18.877120960934167],[99.05031000136184,18.87703962071622],[99.0502245289523,18.87695830358586],[99.050252979334,18.87684984226805],[99.05019600587433,18.87682274424033],[99.05022443201847,18.87663294270371],[99.05013896792077,18.87657873893746],[99.05008201068067,18.876605867688852],[99.05008204290004,18.87671432131805],[99.05016751511702,18.876795638516455],[99.04999666725959,18.876958364962764],[99.0499112110971,18.87693127450061],[99.04985418153662,18.876714382519676],[99.04979720818658,18.876687284369176],[99.04979716013251,18.87652460392372],[99.04993955726086,18.876470338933768],[99.04988251979881,18.876226333541904],[99.04999644210989,18.876199189550746],[99.04996791934522,18.87606363015847],[99.05011029991111,18.87595513821764],[99.05008174487918,18.875711125199768],[99.05025257522989,18.875494171835566],[99.05025251865807,18.87530437795927],[99.05016705522596,18.875250174196655],[99.05008154352437,18.875033289923532],[99.04999608832493,18.875006199492535],[99.04996762201449,18.875060433968343],[99.04985369245037,18.875060464531394],[99.04959731902572,18.874952079393925],[99.04948343728115,18.87511479020375],[99.04959743069261,18.875331667160808],[99.0494265758147,18.875467279696025],[99.04942659966143,18.875548619928793],[99.04931267769709,18.87557576357211],[99.0491702336744,18.87546734762073],[99.04905633539138,18.87557583134027],[99.04891393086537,18.87560298224752],[99.04888551127804,18.87581989701815],[99.04874311435728,18.87587416120465],[99.04862923116637,18.876036871478778],[99.0484868105855,18.876009795239277],[99.04842980653741,18.87587424302651],[99.04862918424115,18.8758741910191],[99.04874303596642,18.875603027099324],[99.04862910603352,18.87560305691332],[99.04842979095991,18.875820016205832],[99.0482873938915,18.875874280043853],[99.04805951819893,18.875820112223852],[99.04794561896175,18.87592859526143],[99.04768927611437,18.875928661147192],[99.04760379021876,18.875793115977466],[99.04726197722562,18.87571186288481],[99.04723352510871,18.875820323762365],[99.04729051296636,18.875901649523502],[99.04748987543063,18.875847371915683],[99.0475183885244,18.875955818285238],[99.04760385146623,18.876010023261568],[99.04757538421664,18.876064257367613],[99.04771779702453,18.876064220894953],[99.04777477751463,18.87611843309515],[99.04771785074523,18.876254014762985],[99.04774636405499,18.87636246109238],[99.04766092388448,18.87638959641163],[99.0474899976337,18.876281186477037],[99.04746145397009,18.87606428646726],[99.0471196632292,18.87606437334756],[99.04706276622686,18.876308408455632],[99.04686342569036,18.876444025832594],[99.04680650560603,18.876606720627475],[99.04663563968651,18.8767152171804],[99.04652170899851,18.8767152457055],[99.04657871179977,18.87685079849341],[99.04655025156559,18.87693214584669],[99.0464078380221,18.876932181427193],[99.04637933293509,18.87685084830588],[99.04643627591939,18.87676949387058],[99.0463223526446,18.876796635682112],[99.04623688971401,18.876742430121634],[99.0462368674047,18.876661089895485],[99.04635077569242,18.876579721318176],[99.0464646315595,18.876308558804165],[99.04674940496164,18.876118693579887],[99.04674938992444,18.876064466759296],[99.04657849455229,18.876064509623852],[99.0465499970172,18.87601028993162],[99.04663539967466,18.875847588067238],[99.04626511940288,18.87582056710292],[99.04626507475948,18.875657886633867],[99.04669231966967,18.87568489331165],[99.04686316943656,18.875522169873342],[99.04700558934758,18.875549247358666],[99.04734734097215,18.875413593631023],[99.04740423726349,18.875169558414033],[99.04731875959283,18.87506112651405],[99.0476035222708,18.874844146550096],[99.04803074987727,18.87481692333382],[99.04808773004522,18.874871135446135],[99.04805917039879,18.87460000866831],[99.04783129650217,18.87454584055739],[99.04754641992915,18.874356119658508],[99.04763177483191,18.874030736817502],[99.04771722148601,18.874030714923347],[99.04768878528087,18.874193402719893],[99.047831242659,18.874356046654864],[99.04805912402745,18.87443732818216],[99.04817304542672,18.87441018530437],[99.04825845346977,18.874274596087265],[99.04842932365955,18.874193211438463],[99.04857174269604,18.874220287730726],[99.0485717817505,18.874355854804843],[99.04865725986691,18.87446428613637],[99.04885666732982,18.87457268754511],[99.04894210638645,18.87454555167394],[99.04897056506555,18.874464203937364],[99.04928385441161,18.874409894382584],[99.0493407951706,18.874328539041926],[99.04962564976789,18.874436916947978],[99.04965410011376,18.87432845569248],[99.04939773587469,18.874247183683263],[99.04925526123927,18.874030314118546],[99.04942614659461,18.874003155384596],[99.04945454928057,18.873732013659346],[99.04976785311472,18.873731930120883],[99.04982476937543,18.87356923437839],[99.0499956541706,18.873542075121325],[99.0500242087026,18.873786088210377],[99.05013817771821,18.87392162462213],[99.0504229915946,18.873894434237474],[99.05065079212982,18.873704578440332],[99.05096414507945,18.873867173379466],[99.05096419425219,18.87402985386841],[99.05104967373859,18.87413828410145],[99.05119211784104,18.874246698629186],[99.05127755635398,18.874219561685855],[99.05133443830002,18.873948411835045],[99.05144835056348,18.873894153537638],[99.05144832574366,18.873812813292957],[99.05122046006991,18.873785762743584],[99.05110657246087,18.873921361146976],[99.05110644918729,18.873514659915465],[99.051248859834,18.873514620744917],[99.05124882686998,18.87340616708043],[99.05116340521873,18.87348753084428],[99.05107795884437,18.873487554320413],[99.05096399756425,18.873379131895593],[99.05104940283948,18.873243541388707],[99.0511633311738,18.87324351009636],[99.05116336408251,18.87335196376289],[99.05124881038805,18.873351940247698],[99.05119178856219,18.873162162011678],[99.05084998737023,18.873108028896866],[99.0507930477513,18.8731893847074],[99.05082158703136,18.87337917084784],[99.0507076586048,18.873379201931158],[99.05079313759558,18.873487632290786],[99.0505937871277,18.873569026859244],[99.050593730178,18.873379232944714],[99.05016644210743,18.87318955470463],[99.05010943766949,18.873054002966345],[99.04991006330515,18.873054056552398],[99.04982454504315,18.87281005868812],[99.04956820694433,18.872810127151894],[99.0494542550437,18.872728817210234],[99.04948267338807,18.8725119022836],[99.04962507521196,18.872484750938195],[99.04968206308995,18.87256607599589],[99.04985296292446,18.872593143707885],[99.04988148500253,18.87272870316986],[99.04993845702677,18.872755801309122],[99.05036569514948,18.872782799575344],[99.05042268348518,18.872864124402547],[99.05067902981183,18.87289116817947],[99.05067889942782,18.87245735348102],[99.05082130918248,18.87245731463981],[99.0509636943528,18.872375935431755],[99.05093517965557,18.872267489552193],[99.05067881793961,18.872186219284224],[99.05067876089869,18.871996425341774],[99.05050785341744,18.87194224496459],[99.05030841565654,18.871725391604446],[99.05030838330072,18.87161693791753],[99.05053625402489,18.87167110301906],[99.05056471145267,18.87158975501646],[99.0506786223736,18.871535497179718],[99.05079250872103,18.871399899006505],[99.05073550438902,18.871264347433733],[99.05084939868377,18.87115586264534],[99.05059299802816,18.87093902512772],[99.0505928028072,18.87028830293521],[99.05036493393472,18.870234137890574],[99.0502794487898,18.870098593865592],[99.05045027321813,18.869881640202976],[99.0505072443703,18.869908738178406],[99.05050729309119,18.870071418737638],[99.05059271333359,18.86999005524846],[99.05067815793639,18.86999003199931],[99.05067811719844,18.869854464865995],[99.05050720376991,18.869773171043544],[99.05047868169508,18.86963761163447],[99.04988057072092,18.869637772910625],[99.04979514230655,18.869692022648714],[99.04988064289456,18.869881793757852],[99.04976673283132,18.869936051113765],[99.0496527827809,18.869854741264344],[99.04965274286751,18.869719174126917],[99.04951033542258,18.869719212068485],[99.04948186984393,18.869773446499064],[99.04914008396442,18.869746423634403],[99.04905461582361,18.86966510589317],[99.0490545921643,18.869583765608557],[99.04911154720138,18.869556637156276],[99.04905452907337,18.869366858179465],[99.0485703057242,18.86923141803073],[99.0485133585086,18.869285659747707],[99.04857037600037,18.869475438893414],[99.04842799211589,18.869556816292572],[99.04845649694875,18.86963814916426],[99.04857042285175,18.869638119464998],[99.04865581252281,18.869448303144573],[99.0487982197408,18.869448265857432],[99.04894065056264,18.86952956874725],[99.04862743270999,18.86980078515781],[99.04862745616357,18.869882125441045],[99.04874139006732,18.869909209064293],[99.04882686603145,18.870017640374503],[99.04882704658503,18.87064124917811],[99.0486561723603,18.870695520789443],[99.04851374068896,18.87061421769398],[99.04825739816431,18.8705871709188],[99.04814348710046,18.87064142727924],[99.04805811170492,18.870885470192945],[99.04802960685173,18.87080413727117],[99.04797264350594,18.87080415196485],[99.04783026590184,18.870912642323184],[99.04783024283138,18.870831302047993],[99.04771627776219,18.87069576416878],[99.04777315658241,18.870397501867277],[99.04734590968015,18.87031627077358],[99.0472034713697,18.870207853242622],[99.0472034486025,18.870126512960532],[99.04743130107231,18.87012645502502],[99.04748824891998,18.870072213642644],[99.04765900029763,18.869584128248675],[99.04714628841214,18.869421578259047],[99.04708928768079,18.86928602553244],[99.04717472434731,18.86925889046268],[99.04717470159521,18.869177550172267],[99.04708921954834,18.869042004659484],[99.04683287963773,18.86901495591173],[99.04683290975383,18.869123409634547],[99.0467189992171,18.8691776651304],[99.04671901423865,18.86923189199111],[99.04691838409357,18.86923184183408],[99.04691843689372,18.86942163584352],[99.0469754148776,18.86947584833264],[99.0469469862616,18.869665649524226],[99.04669069046382,18.869801281157557],[99.0466622689753,18.87001819572787],[99.04657683184139,18.870045330561165],[99.04643440918389,18.869991139293337],[99.04637748339252,18.87012672063812],[99.04623510533015,18.870235209784873],[99.04606421586475,18.87023525216443],[99.0460356972805,18.87009969207336],[99.0461211122846,18.86999121720389],[99.04626351252841,18.86996406842711],[99.04637740883061,18.869855586356156],[99.0463488602538,18.86961157259134],[99.04640581573753,18.869584444966243],[99.04640577843479,18.869448877818414],[99.04649120034601,18.86936751620273],[99.04660512606947,18.869367487706988],[99.04663356251787,18.86920479999125],[99.04640573367192,18.86928619723841],[99.04623478570521,18.869069332327644],[99.04606393444828,18.869204941858406],[99.0457221576041,18.8692050261418],[99.04563669138251,18.86912370682191],[99.04555124721229,18.86912372775536],[99.0454658322791,18.869232202373222],[99.04549433562927,18.86931353570467],[99.04557977989573,18.86931351479715],[99.04552286096272,18.8694762093214],[99.04529504577518,18.869611832067932],[99.04515268922603,18.869801660681073],[99.04503876320696,18.869801688288277],[99.04489632681097,18.869693268981337],[99.0449247794075,18.869584808388822],[99.04509566096658,18.869557653627083],[99.04512411341217,18.869449193002826],[99.04506713603108,18.869394979945454],[99.04475387620803,18.869530622703593],[99.04466846773697,18.86966621038207],[99.04481088955552,18.86972040300508],[99.04486794631278,18.87007286385757],[99.04509583496865,18.870208375923035],[99.04532368755586,18.87020832056785],[99.04543764307002,18.87031674649671],[99.0457509552883,18.87037089659035],[99.04586491118664,18.87047932225485],[99.04595033388017,18.870397960894767],[99.04612122351072,18.870397918619435],[99.0461212457563,18.870479258900414],[99.04603582310433,18.87056062033816],[99.04589340756272,18.870533542086676],[99.04580798477316,18.870614903419643],[99.04583648852348,18.870696236685774],[99.04595042992128,18.870750435441384],[99.04623524656724,18.870750364893905],[99.04623535807346,18.871157066275654],[99.04654864216974,18.871102761318486],[99.04660562809767,18.87118408733475],[99.0466057105257,18.871482335000973],[99.04649189550312,18.87188906484845],[99.04637797553309,18.87191620670116],[99.04609312727351,18.871807823779864],[99.04577981963673,18.871780787699834],[99.0454664682366,18.871591070550082],[99.04532405920227,18.871591105291472],[99.04518175187329,18.871970727852066],[99.04486845129075,18.871970803661362],[99.04481150916409,18.87205215765692],[99.04509633526428,18.872079202270694],[99.04532422681808,18.872214714021236],[99.04532428512078,18.872431621395716],[99.04521040094285,18.87259432963948],[99.04523891201623,18.872702776400544],[99.04532435800026,18.872702755606706],[99.04538128550386,18.87256717461795],[99.04552368072241,18.872512912988824],[99.04543816907912,18.872268913079864],[99.0455805860147,18.872295991671766],[99.04563757188103,18.872377317974216],[99.04592236912404,18.872295907635134],[99.04603631903375,18.872377219747918],[99.04606485282198,18.872567006646722],[99.04649208239212,18.872566900389494],[99.04663451474411,18.872648205013885],[99.04617880298372,18.87264831866935],[99.04566614927829,18.872729785459523],[99.04549530117676,18.872892507843876],[99.04563774800236,18.8730280400683],[99.045580813221,18.873136507709404],[99.04538142415117,18.873082329604188],[99.04538137307007,18.87289253566521],[99.0452389192905,18.872729889821244],[99.045011041583,18.87264860481715],[99.044726221726,18.872648673497565],[99.0446977541147,18.87270290718366],[99.04484017129938,18.872729986340484],[99.04486867494313,18.872811319736627],[99.04481171091675,18.872811333464117],[99.04472632241254,18.873028261385027],[99.044526955223,18.873055422622954],[99.04438450212812,18.872892776126278],[99.04446990530546,18.872730075200362],[99.04461230812986,18.87270292768975],[99.04464076141252,18.872594467174277],[99.04458376878378,18.872486027146028],[99.04469769661705,18.87248599981362],[99.04469768224277,18.87243177297033],[99.04415644000643,18.872106541108764],[99.0440140376113,18.872133688271354],[99.04378613313565,18.871943948065816],[99.04364373081754,18.871971094945334],[99.04361527699749,18.8720795553167],[99.04370073672101,18.87213376211517],[99.04372926783952,18.872323549382617],[99.04355839025975,18.87237781631007],[99.04352992931733,18.872459163241867],[99.04372931002797,18.872486229915584],[99.0437578130948,18.872567563485205],[99.04367239526682,18.87267603724574],[99.043473021331,18.87267608393352],[99.0434445113973,18.872567636899227],[99.04350144036835,18.872432056480626],[99.04341598055728,18.87237784959253],[99.0434159526333,18.872269395902485],[99.04333051383387,18.87229652924218],[99.04335903759186,18.872459203141766],[99.0432166347693,18.872486349693936],[99.0430457291725,18.872432162461656],[99.04293175305104,18.872242394824006],[99.04281782537966,18.872242421074844],[99.04267535403362,18.87199843297998],[99.04247596723692,18.87194425175013],[99.04241903078389,18.872052718439786],[99.0423051032399,18.872052744376447],[99.04236201252084,18.871835824024902],[99.04247593991819,18.87183579805369],[99.04256140599634,18.871917118801857],[99.04278924025998,18.87183572627319],[99.0428177496477,18.87194417341749],[99.04293167711758,18.8719441471671],[99.04304558382343,18.871862780575352],[99.04310249901809,18.871672973419493],[99.04290313316501,18.871700132918836],[99.0429031124702,18.871618792644945],[99.04304551461142,18.87159164633154],[99.04338721956863,18.871293319278248],[99.04335872386852,18.871239099065672],[99.04324479687563,18.87123912557657],[99.04321628038518,18.871103565063706],[99.04310233269342,18.871022251208327],[99.0431023049733,18.87091379750205],[99.04315926142084,18.870886670872405],[99.04330167682652,18.870913751215642],[99.04355805408537,18.87107637194864],[99.04344416212798,18.871211965711023],[99.04347267183033,18.87132041276161],[99.04367203714153,18.871293252652045],[99.04375750351973,18.871374572854982],[99.04387143060335,18.871374546030005],[99.0439283588302,18.871238965464933],[99.04384289243868,18.871157645339306],[99.04361503155167,18.871130585458104],[99.043643471179,18.870967898223455],[99.04384282899657,18.87091362450435],[99.0438428008004,18.87080517079788],[99.04358645871955,18.870778117587903],[99.04352953037234,18.870913698055325],[99.0433871149305,18.870886617886555],[99.04344402941346,18.87069681060777],[99.04364339399233,18.87066965052855],[99.04372880379498,18.87053406333242],[99.04372878270328,18.870452723049247],[99.04358632557363,18.87026296246163],[99.0433869265886,18.870154555336757],[99.04338689868683,18.87004610162078],[99.04375715879299,18.870046014927865],[99.04387107792584,18.8700188746759],[99.04387106381937,18.86996464781763],[99.04364319050714,18.869883361105302],[99.04335837531531,18.869883427682566],[99.04332994255967,18.870073228321903],[99.0431021594458,18.870344415523363],[99.04298823305692,18.87034444187598],[99.04298817085443,18.87010042101695],[99.04290273308389,18.870127554164505],[99.04281732282142,18.870263140988317],[99.04270340335263,18.87029028059517],[99.04273189868127,18.870344500914353],[99.042931283667,18.870398681882868],[99.04284589395661,18.870615608999493],[99.04270350633836,18.870696982016568],[99.042675065849,18.870859669114008],[99.04227630867226,18.870805533275764],[99.0421054456986,18.870914025730006],[99.04182056824538,18.87067006910934],[99.04190599299066,18.870588709603304],[99.04187745748848,18.87037180858763],[99.04179201268161,18.87037182779633],[99.04164964484751,18.870534540295125],[99.04150722335137,18.87048034525681],[99.0414787617371,18.870561691892767],[99.04164965154382,18.870561653723428],[99.0417066349291,18.870642981249816],[99.04150727006534,18.870670139254727],[99.04142184508613,18.87075149857747],[99.04125106120452,18.871185351373448],[99.04096622404496,18.87110407401337],[99.04090923428257,18.870995632836678],[99.0407668257425,18.870995664089435],[99.04068136099599,18.87091434250642],[99.04068132175159,18.870751661939586],[99.04082370383146,18.87064317704005],[99.04088063426501,18.8705075973924],[99.04102304898827,18.870534679481935],[99.04113700857806,18.870670221473777],[99.0413078652886,18.870534616476753],[99.04127935047491,18.87039905565355],[99.04102295005613,18.87012797804469],[99.04068117131848,18.87012805307375],[99.04059574621398,18.870209412022238],[99.04062424738329,18.870290746095403],[99.04079513035848,18.870263595281912],[99.0407666880997,18.870426282098666],[99.0406527812601,18.870507647308237],[99.04036796500299,18.870507709310704],[99.0403394509491,18.87037214834166],[99.04028250069621,18.87042638753942],[99.04011160457466,18.870399311023807],[99.03999761383838,18.870128201248743],[99.03996904873995,18.869775732770297],[99.04033927584214,18.869640085722825],[99.04068106013257,18.869667124754777],[99.04070950889226,18.869531551369562],[99.04076646525988,18.86950442546841],[99.04070944998972,18.869287530482104],[99.04093725527714,18.869097686472543],[99.0410796622142,18.869097655092403],[99.04116513284781,18.869206089942143],[99.04125057706476,18.8692060710224],[99.04133599470018,18.869097598333532],[99.0413929641292,18.869124699105075],[99.04139298409275,18.869206039402325],[99.04125059695973,18.86928741131909],[99.04122214867596,18.86942298478967],[99.04116519240938,18.869450110830336],[99.04107972165174,18.869341675983687],[99.04099428395641,18.869368808257125],[99.04113674402977,18.86958568428567],[99.04090894488635,18.869802641961076],[99.04065261132739,18.869802698133757],[99.04033944446353,18.87034503491235],[99.04045335784888,18.870290783322577],[99.04059572010712,18.870100958303013],[99.04059569400043,18.869992504582516],[99.0407096005202,18.869911139403996],[99.04088048966938,18.869911101942236],[99.04105141181768,18.870046631474377],[99.0411653115353,18.86993815258753],[99.04130772582272,18.86996523446168],[99.04133622064793,18.87001945499745],[99.0411938328015,18.870100826865045],[99.041193859293,18.870209280583452],[99.0413077723108,18.87015502847057],[99.04159260134291,18.870209191889618],[99.04162105615157,18.87010073180382],[99.04153557809289,18.869965183745318],[99.04159254116031,18.869965171022635],[99.04162098923675,18.86982959750372],[99.04156400616837,18.86974826994339],[99.0416779053545,18.869639790740354],[99.04176334979061,18.869639771584765],[99.04176332964795,18.869558431291686],[99.04156397275734,18.8696127027891],[99.04142153209001,18.86947716738417],[99.04139301736556,18.869341606562827],[99.04159237399129,18.869287335247474],[99.04176326922057,18.86931441040819],[99.04182022534476,18.869287284184356],[99.04182020517507,18.86920594388826],[99.04147842164116,18.869178906945667],[99.04159228037976,18.868907747191848],[99.04147834162288,18.86885354575181],[99.04139283769578,18.86860954387267],[99.04113644643454,18.86836557979813],[99.04116488799316,18.86820289289021],[99.04110792552063,18.868202905480857],[99.04107947069943,18.868311365510316],[99.04096556543743,18.86839273092681],[99.04073770874113,18.868365667506325],[99.04068065465839,18.86798609186878],[99.04096547324134,18.868013142831725],[99.04107942447315,18.868121571463313],[99.04136423004861,18.868094394944116],[99.04142121246029,18.8681757225813],[99.04156361861801,18.868175690832317],[99.04159213328043,18.868311251644606],[99.04150671620717,18.868419724459113],[99.04147828827828,18.86863663828293],[99.04162072827982,18.868772173657923],[99.04170615886704,18.868717927662367],[99.04190552812796,18.86871788287679],[99.0420194736849,18.8687991974893],[99.04204793474258,18.868717850756337],[99.04216184647817,18.868663598114452],[99.04236122929369,18.86871777970776],[99.04233278880368,18.86888046678745],[99.04241823967361,18.86890756076477],[99.04244676197153,18.869070234866257],[99.04230435506011,18.86907026729247],[99.04230434145813,18.869016040427564],[99.0422473787118,18.8690160533675],[99.04224741946291,18.86917873396141],[99.04216200237359,18.869287207066606],[99.04219051092377,18.869395654338305],[99.04236139954739,18.86939561551766],[99.04244680973903,18.86926002889061],[99.04276012591875,18.8693412974632],[99.0428455426501,18.869232824084804],[99.04304491251675,18.869232778077432],[99.04310189612356,18.869314105187744],[99.043101944629,18.869503899205498],[99.04330131481542,18.869503852922797],[99.04338672430511,18.86936826586734],[99.04370004816099,18.869476646285985],[99.04381395987487,18.869422392637308],[99.04384250475222,18.86966640680365],[99.04375708844414,18.86977488063374],[99.04378559106317,18.869856214223685],[99.04389952417877,18.86988330081306],[99.0439279845108,18.86980195380349],[99.04404191053176,18.86980192687629],[99.04412739051934,18.8699374737821],[99.0440988380934,18.86966634623754],[99.04401337241853,18.869585026175024],[99.04407029284528,18.86942233211127],[99.04426965581561,18.869395171360672],[99.04446909736227,18.869666258129815],[99.04455454180865,18.869666237692652],[99.04461147608436,18.869557770326207],[99.04475386181811,18.86947639584313],[99.04452593863535,18.86920531619069],[99.04435503594804,18.869151130135922],[99.04421258632529,18.868988483432364],[99.04407015823176,18.86890717691337],[99.0437853376511,18.868880130708394],[99.043614407484,18.868717490239355],[99.04389912190554,18.86833783520682],[99.04407000945348,18.868337794819393],[99.04418396289675,18.868446221541973],[99.04429788800155,18.86844619445994],[99.0442978666379,18.868364854159143],[99.04415545322729,18.86833777456683],[99.044155417736,18.868202207396628],[99.04441177740856,18.868310600140003],[99.04441172743248,18.86812080610127],[99.04415538224501,18.868066640224452],[99.04404142199726,18.867931100044363],[99.04406984651195,18.86771418581939],[99.04415525447995,18.86757859838827],[99.04412673079021,18.86741592452539],[99.04406976150152,18.867388824585433],[99.04412669532385,18.86728035734172],[99.04398428285651,18.867253277613344],[99.04401279930609,18.867388838064613],[99.04381348796544,18.867605792595786],[99.04372803753277,18.867578699254427],[99.04367104719257,18.867470258883596],[99.04350017450791,18.867524525775988],[99.04330086234673,18.867741479756685],[99.04318694465879,18.867768619663323],[99.04318697937077,18.867904186841592],[99.04307308232697,18.868012666984217],[99.04293066940839,18.867985586452658],[99.04281671708098,18.867877158955096],[99.04270279235831,18.867877185129675],[99.04261732141289,18.867768750971255],[99.04241793281952,18.86768745620843],[99.04250333527123,18.86752475609559],[99.04275962412072,18.867362016758786],[99.04275959662675,18.86725356300941],[99.04287348646935,18.867117969612597],[99.0430443866221,18.867172157044806],[99.04298736921893,18.866955262706227],[99.04321510627389,18.86652139491998],[99.0433005352083,18.866467148182714],[99.04330050736795,18.86635869442369],[99.04367075236019,18.866331494479102],[99.04367081553679,18.866575515434647],[99.04369931054583,18.86662973562796],[99.04381323442445,18.866629708845082],[99.0438416872055,18.866521248382124],[99.04395560394518,18.866494108073002],[99.04395557568361,18.86638565431525],[99.04381315695669,18.866331461011974],[99.0438131428718,18.866277234132202],[99.04406946397872,18.866250060177077],[99.04406949231331,18.86635851393625],[99.0441549492793,18.86641272056503],[99.04409802994341,18.866575414704997],[99.04424043474502,18.866575380910536],[99.04426893705279,18.866656714455008],[99.0441550202542,18.866683854955546],[99.04404113881517,18.866846562578477],[99.04389873378425,18.866846596220917],[99.04389875495356,18.86692793653539],[99.04406966940886,18.86703634990248],[99.04432599162692,18.867009175594017],[99.0443544940497,18.867090509121372],[99.04443993719131,18.8670904887395],[99.04455389002739,18.86719891525133],[99.04458239975875,18.867307362178558],[99.0448672322326,18.86738863404631],[99.04486728271915,18.86757842809878],[99.04503816949543,18.86757838682396],[99.04492428108595,18.8677139815358],[99.04506670133627,18.86776817397765],[99.04506673031453,18.86787662771768],[99.04483889529256,18.867930909621407],[99.04475343733718,18.867876703317542],[99.04481037808671,18.86779534930616],[99.04475340856037,18.86776824957705],[99.04466797225622,18.867795383538816],[99.04466800815867,18.86793095071399],[99.0446110457806,18.867930964376647],[99.04458258609195,18.8680123115057],[99.04492437496812,18.868066456189005],[99.045123721689,18.867985067654264],[99.04518060419316,18.867686806050486],[99.04509515350125,18.867659713337584],[99.04509513900312,18.867605486466484],[99.04520904173658,18.867524118520762],[99.0452090126674,18.867415664776843],[99.04532288607568,18.867225843014193],[99.04546527680726,18.867171581408083],[99.04555068337831,18.86703599333161],[99.04572155490442,18.866981724556208],[99.04572149610895,18.866764817056033],[99.04549352385992,18.866303944432403],[99.04532264566096,18.866331099561897],[99.04532274765343,18.86671068770367],[99.04500939896397,18.86649385622136],[99.04506631739285,18.86633116180313],[99.04518022654331,18.866276907305174],[99.04529415746183,18.866303993055723],[99.04526561106498,18.866059979027128],[99.04557890799194,18.86608701601208],[99.04577825205817,18.86600562676457],[99.04609154155578,18.86600554944695],[99.04614851070016,18.866032648772386],[99.04617702867966,18.866168208906622],[99.04629095968333,18.866195294047138],[99.04620554670524,18.866303769034413],[99.04623407964021,18.86649355603279],[99.04640495039588,18.866439286628463],[99.04649042309664,18.866547719059312],[99.04663283536593,18.86657479687253],[99.0466043993542,18.866737484633116],[99.04668984231431,18.866737463218744],[99.04668980478935,18.866601896030037],[99.04686068303947,18.866574739646033],[99.04674672163245,18.866439201103173],[99.04677517249438,18.86633074019359],[99.04688910370307,18.866357824967054],[99.04703146295698,18.86619510840498],[99.04728778341031,18.866167930018896],[99.0472877606077,18.866086589701634],[99.0474586611234,18.866140773085807],[99.04774340091238,18.865896679294],[99.04771488172109,18.865761119398456],[99.04748698172048,18.865571383585774],[99.04748695882259,18.865490043263538],[99.04771476668209,18.865354417789806],[99.04782872813055,18.86548995575563],[99.04794265123279,18.86548992644688],[99.04799958963885,18.865408571444014],[99.04808505511028,18.86548988971288],[99.04819895497094,18.865408519925143],[99.04822747449074,18.86554407975091],[99.04834140539884,18.86557116363835],[99.04839832808143,18.865435581633427],[99.04828437397373,18.865327157457543],[99.0483128236606,18.865218696302566],[99.04839825807034,18.865191560664297],[99.04851225114601,18.865435551976123],[99.04851227453821,18.86551689229761],[99.04845532076678,18.8655440205754],[99.04848382492985,18.865625353479423],[99.04862620547323,18.865543976010734],[99.04913890697885,18.865706522014253],[99.04916735617932,18.865598060734172],[99.04905341723727,18.865543863912684],[99.04905339358409,18.865462523592093],[99.04893943903811,18.86535409981856],[99.04876854668626,18.865327031229587],[99.04876850749376,18.86519146402447],[99.0489678646965,18.86516429824141],[99.04899636904187,18.86524563106985],[99.04930970466636,18.865408228982332],[99.04930975221988,18.86557090962313],[99.04942365948642,18.86551665252792],[99.04976543683729,18.865543674903616],[99.04982242242903,18.865624999984156],[99.04982247848574,18.865814794058913],[99.04976556482076,18.865977489930113],[99.04965164937312,18.86600463379388],[99.04970865903636,18.866167299219352],[99.04942390575418,18.86635716913022],[99.04942382631154,18.86608603475067],[99.04936684869037,18.866031822990593],[99.04930988695749,18.86603183808995],[99.04925297272501,18.86619453380192],[99.04905358281293,18.866113246136948],[99.04899666043018,18.866248828331734],[99.04911059193688,18.866275911744935],[99.04916759326795,18.866411463894917],[99.0490252043753,18.866465728333868],[99.04882578285876,18.866275986676204],[99.04874034013505,18.866276009070603],[99.04865501472304,18.866682732988547],[99.04871199233637,18.866736944962764],[99.048854397265,18.866736907637794],[99.04885436585327,18.86662845389041],[99.04899675493844,18.866574189582664],[99.04931006925578,18.866655447155832],[99.04933859781224,18.866818120227016],[99.04919616909233,18.86673681761332],[99.04911074981823,18.866818180487673],[99.04911078139516,18.866926634232424],[99.04919624817198,18.867007951974866],[99.04931016437078,18.86698080839103],[99.04936715023062,18.867062133597805],[99.0497089626668,18.86719760980624],[99.04999376526094,18.867170420085024],[99.05010771365835,18.867251729752905],[99.05007927283681,18.867387304591045],[99.04993687538898,18.867414456288778],[99.0498514561307,18.867495819497126],[99.0496805614639,18.867468751757045],[99.04970901061023,18.86736029041481],[99.04965204842904,18.8673603056199],[99.04965206439199,18.867414532488844],[99.04939571861298,18.867360373827104],[99.04933878022484,18.867441729239992],[99.04925333691129,18.86744175187123],[99.04928176256229,18.867251950288672],[99.04916783827228,18.86725198041974],[99.04908232404662,18.86700798205322],[99.04896837630689,18.866926671753923],[99.04874052033026,18.86689961812547],[99.04865510075358,18.866980980789968],[99.04865513203782,18.867089434533572],[99.04879759217232,18.867279191299296],[99.04856976697604,18.867360591204378],[99.0485413248996,18.867496165808777],[99.04868371481787,18.8674419017437],[99.04902548807458,18.867441812029423],[99.04922488745817,18.867550213143574],[99.04908249762369,18.867604477621864],[99.04896864394108,18.86784852853537],[99.04859834962511,18.86771305841766],[99.04856985285917,18.867658838984475],[99.04845592829314,18.867658868680394],[99.04842748607545,18.86779444326338],[99.04834206589534,18.867875805777746],[99.04822814118235,18.867875835334562],[99.04808570437132,18.867767418447148],[99.04808568891164,18.867713191578993],[99.04828505696739,18.86771313996183],[99.04834198818489,18.867604671438002],[99.0482280171393,18.867442020386438],[99.04774388440084,18.867604825830885],[99.04768689913844,18.867523500130478],[99.04737358398286,18.867442239834265],[99.04734508765614,18.867388020211003],[99.04714572756055,18.867415184255844],[99.04708874265037,18.867333858369864],[99.04680392425387,18.86730681677536],[99.04660451921646,18.867171299624268],[99.0465475122027,18.86700863325963],[99.04634814497464,18.86700868301372],[99.04637669310091,18.867252696847757],[99.0466330152686,18.86722551936278],[99.04668999992263,18.867306845389795],[99.04640518909372,18.867306916620805],[99.04626282086203,18.867442519252148],[99.04623438434896,18.867605206942134],[99.04612048947085,18.867713688948704],[99.0461205265406,18.867849256122337],[99.04631992454706,18.867957660347134],[99.04643384931846,18.867957631958284],[99.04649080423054,18.86793050430359],[99.04651924802833,18.867794930015098],[99.04660469152422,18.867794908638665],[99.04663319517864,18.86787624180758],[99.04654776660696,18.8679304900656],[99.04654779653784,18.868038943801483],[99.0466902250872,18.868120248430934],[99.0468611802069,18.868364226379025],[99.0469181427295,18.868364212027362],[99.04697515811341,18.868553991685232],[99.04708910599655,18.868635303190366],[99.04723149734555,18.868581040239825],[99.04723145938127,18.868445473079],[99.04734531598095,18.86820142323738],[99.04760163943078,18.868174244418338],[99.04763014363013,18.868255577430073],[99.0478294969506,18.868201299433963],[99.04785800895783,18.86830974584286],[99.04780109256062,18.868472441075934],[99.04771567173505,18.868553803298315],[99.04751628740665,18.868499627443693],[99.04754480690679,18.868635187329158],[99.0474308893045,18.86866232983077],[99.04743091980451,18.86877078355675],[99.04780118477449,18.868797802254974],[99.04785810128062,18.86863510702731],[99.04808594400306,18.868607934863185],[99.04797198023557,18.86847239710534],[99.04800043064895,18.868363936033095],[99.04817131046957,18.868336778447446],[99.04822829624094,18.8684181039913],[99.04842768848489,18.86849939251507],[99.04845622429681,18.868689179121738],[99.04868409047349,18.868743346518666],[99.04874108446525,18.868851785331717],[99.04868416873893,18.8690144808239],[99.04879809422027,18.869014450986207],[99.0488266069887,18.86912289723554],[99.04859874806648,18.869095843446537],[99.0486272607207,18.869204289725722],[99.04899751895125,18.86920419261051],[99.04976659681512,18.86947512284329],[99.05027927095452,18.869502098467496],[99.05053557152429,18.869393575323418],[99.050734941559,18.869393521077242],[99.0507634474757,18.869474853594497],[99.05093433615868,18.86947480690141],[99.05099128265745,18.869420564446354],[99.05099125806441,18.869339224162022],[99.05082033683836,18.869230817193223],[99.05084877737094,18.869095242269317],[99.05104810601873,18.868959620542878],[99.05096260458862,18.868769849953303],[99.05107653811184,18.868796932151024],[99.0510480075403,18.868634259385477],[99.05127584973775,18.86860708331724],[99.05141819837836,18.868417250013685],[99.05138968406501,18.86830880415679],[99.05119029062712,18.86822751880758],[99.05119026593978,18.868146178513076],[99.05138963449791,18.86814612356902],[99.05130416608807,18.868064806847563],[99.05130414134604,18.8679834665518],[99.05147501196689,18.86792919250169],[99.05138953536522,18.86782076238496],[99.0512754870564,18.867414092310344],[99.05141790081647,18.867441166456246],[99.05147488784702,18.86752249101092],[99.05170272847295,18.867495314420566],[99.05175965741674,18.86738684485404],[99.05161726024313,18.867413997836795],[99.05156025660452,18.86727844645704],[99.05161719386449,18.867197090365746],[99.05173111811311,18.86719705873548],[99.05190203785796,18.867305464895008],[99.05190209626011,18.867495258929377],[99.0522438696079,18.867495163304763],[99.05244327954438,18.867630674397773],[99.0524717944189,18.867739120099788],[99.05227245155395,18.86782051649859],[99.05230101679663,18.868091642813965],[99.05247192094416,18.86814582157465],[99.05247189563885,18.8680644812811],[99.05255732236597,18.868010230308805],[99.05272822651263,18.868064408834606],[99.05267129796498,18.86817287868857],[99.05252889183241,18.868172918936867],[99.0524719462496,18.8682271618675],[99.05252898472055,18.86847116667268],[99.05227270364749,18.868633919426063],[99.05224419714678,18.868552587134044],[99.05230115132048,18.868525457704635],[99.05230112609696,18.86844411741417],[99.05224414675476,18.868389906552736],[99.05210174043799,18.868389946474633],[99.05207321731899,18.86825438729231],[99.05195928400406,18.868227305702675],[99.05187386531315,18.86830866983082],[99.05187391534778,18.868471350414506],[99.05170306093089,18.86857985168912],[99.05187400707925,18.868769598143885],[99.05204490341141,18.86879666386212],[99.05230128584799,18.8689592725751],[99.0522728296991,18.86904062086317],[99.05213042283297,18.869040660808338],[99.05187404877596,18.86890516529045],[99.05167472916631,18.86906790132936],[99.05167476239606,18.86917635504364],[99.0518741655286,18.869284753290323],[99.05198820819874,18.869664309483113],[99.05184580080531,18.86966434921175],[99.05173183330609,18.86952881378037],[99.05147547537584,18.86944754457706],[99.05133308466966,18.869501810768277],[99.0513901054059,18.86969158903814],[99.05116220418562,18.86952897125523],[99.05107676802855,18.86955610815368],[99.05107680908627,18.869691675290504],[99.05127621244633,18.86980007417136],[99.05144717589847,18.87004404784368],[99.05158959190761,18.870071121845207],[99.05161811494918,18.870206681075416],[99.05153270337841,18.870315158457668],[99.05144725861204,18.870315182099574],[99.05141874395594,18.870206736270028],[99.05147568226914,18.87012538024509],[99.05124782981471,18.87012544313255],[99.05119093254235,18.87034236621515],[99.05127638556682,18.870369456116055],[99.0513618716497,18.870504999676918],[99.05130494140249,18.870613469088585],[99.05119101484536,18.87061350046345],[99.05107712113632,18.87072198546586],[99.05102020703886,18.870884681636085],[99.05124812643774,18.87110152641135],[99.05124827475609,18.871589568012393],[99.05144769701755,18.87175219352403],[99.05164706153361,18.871725024873083],[99.05176103045372,18.871860560321025],[99.0518179858213,18.871833431046248],[99.05198891032852,18.87194183706062],[99.05213131964489,18.87194179721785],[99.05207439778368,18.872077380268],[99.05221684919448,18.87221290745721],[99.05215991053726,18.872294263691536],[99.05198903571943,18.87234853835514],[99.05198905243847,18.872402765193073],[99.0521884931594,18.872619616729082],[99.05218851833457,18.872700956983234],[99.05196066240259,18.872701020751855],[99.05190374014937,18.8728366037397],[99.05193226391702,18.872972162879787],[99.05204624228055,18.8731348115491],[99.05218867778031,18.87321611190967],[99.0522741744504,18.873378768420743],[99.05241660183721,18.87343295518828],[99.05298623561359,18.873405680426217],[99.05301470067386,18.87335144548192],[99.05278683537763,18.873324396848595],[99.05272978639444,18.873053278837837],[99.0528152240538,18.873026141187005],[99.05287214563694,18.872890557924705],[99.0529860566893,18.87283629868265],[99.05298603112921,18.872754958430733],[99.05318536237006,18.872619334461934],[99.05381208700472,18.872998742139952],[99.05375520071748,18.873242779349738],[99.05361283341144,18.87337838751568],[99.0534134586746,18.87337844485661],[99.05332802950923,18.87343269619666],[99.05329959881948,18.87359538484819],[99.05335661458373,18.873758049009012],[99.05352753342302,18.873839340166427],[99.05344209546749,18.87386647814271],[99.05344211265529,18.873920704970523],[99.05358459257462,18.874137571319068],[99.05358463565948,18.874273138383764],[99.05375555513096,18.874354429325646],[99.05375558106462,18.874435769562577],[99.05355621369046,18.8744629404718],[99.0535562481407,18.87457139411998],[99.05369867694536,18.874625579895667],[99.05361326448497,18.87473405818368],[99.05367032409525,18.87503228928025],[99.05381273601795,18.87503224814418],[99.05386967479731,18.874950891427666],[99.05395512190944,18.87495086666765],[99.05415458559447,18.87522194284286],[99.05443940975762,18.875221859719556],[99.05443947104256,18.875411653584788],[99.05415470752381,18.87560153057126],[99.05418321614613,18.875682862503837],[99.05426868108425,18.875737064415393],[99.05438260235152,18.8757099177395],[99.05452494469382,18.87549296878916],[99.05472427792317,18.875357343206556],[99.05472425152078,18.875276002978985],[99.05486663717589,18.87519462080758],[99.05483812830735,18.875113288976088],[99.05466720754634,18.875031999038576],[99.05466717238056,18.87492354539776],[99.05478106660453,18.874815058245517],[99.05495196952555,18.874842121259963],[99.05500896961468,18.874950558067507],[99.055122872501,18.874869184117202],[99.05512284590705,18.874787843885915],[99.05498041651047,18.87473365920289],[99.05500881922809,18.874489630083943],[99.05526518652005,18.87457089435215],[99.05566394775232,18.874597888891962],[99.05600578050687,18.8747333533746],[99.05626212150285,18.87473327603458],[99.0564613979545,18.87443496812131],[99.0567462481536,18.8745162217021],[99.05697409735821,18.87448903865626],[99.05705946164908,18.874244991773267],[99.05774308207181,18.874380347935837],[99.05842661902359,18.87427168089047],[99.05842663781492,18.874325907711295],[99.05836967328905,18.87432592559083],[99.05831282129263,18.874651304371937],[99.05831297133555,18.875085118912935],[99.05817062486392,18.87527495734961],[99.05817076519102,18.875681658456184],[99.05819929448249,18.875817216579932],[99.058284751401,18.875844303236327],[99.0582847701484,18.87589853004814],[99.0581423762065,18.875952801420897],[99.05811400582482,18.87627817118339],[99.05794313822413,18.876359564702135],[99.05800017806345,18.87657645418579],[99.05788627541995,18.876657829882138],[99.0577723447912,18.876657865297098],[99.05777224258345,18.876359617849836],[99.05762982954911,18.876359662019674],[99.05768684115202,18.876495211387688],[99.05754449278801,18.876685049321633],[99.05765842343558,18.876685014046164],[99.05762996858022,18.87676636308277],[99.05802874470338,18.87682046593634],[99.05808576612587,18.87698312857693],[99.05822819841616,18.8770373108619],[99.05837060263332,18.877010152829968],[99.0584560789882,18.877091466207194],[99.05839915109897,18.877199937706823],[99.05839919806319,18.877335504715745],[99.05845618241007,18.87738971362739],[99.0585985868875,18.877362555421264],[99.0586270319453,18.877254092841017],[99.0587694551851,18.877281161307398],[99.05899723187993,18.87703706856786],[99.0591966014032,18.87700989182984],[99.05919655379863,18.87687432481812],[99.05899717494678,18.87687438815345],[99.05885478987848,18.876955773469913],[99.05885471415137,18.876738866247617],[99.05879772989734,18.876684657454014],[99.0588546573567,18.876576185827584],[99.05953822162955,18.876521741508633],[99.0595381929027,18.87644040129808],[99.05942424330978,18.876386210916746],[99.05942421463817,18.876304870704836],[99.05965206581769,18.876277684379215],[99.05968058680341,18.876386128859938],[99.05959515814182,18.87644038305882],[99.05965215216268,18.8765217050125],[99.05976608269555,18.87652166844659],[99.05982300947623,18.87641319652381],[99.0599938858672,18.876358914685],[99.06013631823835,18.876413095512486],[99.06013635692555,18.876521549125528],[99.05996546112743,18.876521604288364],[99.05990851513167,18.876575849447367],[99.05988009027355,18.876738539034218],[99.05996561543915,18.876955418729256],[99.06039293373995,18.87717218773557],[99.06062080543167,18.877199227025145],[99.0611050907565,18.8774159758142],[99.06121902189066,18.8774159383568],[99.06121889388805,18.877063464150748],[99.06130429276011,18.876927869006813],[99.0616461050007,18.876981982864272],[99.06187390697082,18.876819226812007],[99.06190232991722,18.876656536927314],[99.06181683224186,18.87652099832938],[99.06195918561178,18.876358270539534],[99.0619306034049,18.876087145992607],[99.06181661351954,18.875924503460716],[99.06167418102567,18.875870323917166],[99.06167413143189,18.875734756895067],[99.06130385894053,18.875734879271864],[99.06099050240194,18.875599415220076],[99.06076263281554,18.875572376372777],[99.06070560929402,18.875409714533802],[99.06081948038695,18.875246996887466],[99.06096187286538,18.87519272346566],[99.0610188376814,18.875192704791655],[99.06110433403937,18.875328243779368],[99.06133219348565,18.875328168803712],[99.06133216389524,18.875246828585436],[99.06150305839681,18.87524677217081],[99.06147451666214,18.8750841011459],[99.06167386363276,18.8750026949417],[99.0618447678315,18.875029751620527],[99.06195877706466,18.87524662096439],[99.06195881692167,18.87535507458732],[99.06181639480545,18.87532800855384],[99.06164554979216,18.87546363228459],[99.0616171069764,18.875572095340953],[99.06167412151318,18.875707643490422],[99.06193047392424,18.875734671740986],[99.06201589150041,18.875653303064134],[99.06221532893144,18.87581591692375],[99.06244319907451,18.875842953989462],[99.0625856921832,18.8760598133644],[99.06269962239766,18.876059775002883],[99.06269965264921,18.876141115211954],[99.06252878741422,18.876222512936938],[99.06227243416781,18.87619548551461],[99.06210155868251,18.876249769444648],[99.06210157865804,18.876303996250282],[99.06227249425932,18.876358165930988],[99.06227255435142,18.876520846344516],[99.06244344009852,18.876493675660416],[99.06250033498871,18.876303862715726],[99.06278515083942,18.876276653408205],[99.06289910143207,18.876330841728777],[99.06292771560116,18.87668330631916],[99.0628707907305,18.876791779183392],[99.06301322438547,18.876845957802107],[99.0630133257335,18.877117091805022],[99.06307031148569,18.87717129930059],[99.0630134574885,18.87746956599701],[99.06284260116922,18.877578077400752],[99.06258626594473,18.87760527721846],[99.06250086776426,18.877740872939057],[99.06235844354552,18.877713807333524],[99.06230139771368,18.877496919229376],[99.06193111139524,18.87746992946627],[99.06184573264981,18.877659751687407],[99.06187429509059,18.877876649404815],[99.06178888626114,18.877985131398706],[99.0616180088065,18.8780394148798],[99.06161803853955,18.87812075507325],[99.06178902540103,18.878364718963027],[99.06173211909136,18.87852741825605],[99.06144728938008,18.878527512559643],[99.0612478691744,18.878419124725223],[99.06127631270252,18.878310661756434],[99.06150414650085,18.878229246366757],[99.06147563391553,18.878147915588972],[99.06110535612238,18.8781480375857],[99.06104842958567,18.87825650988001],[99.06087749286367,18.878148112294276],[99.06093441947417,18.878039640050808],[99.06110530697963,18.87801247059532],[99.0611337603648,18.877931121042064],[99.06104829211435,18.877876922305987],[99.06082043900447,18.87790411034241],[99.06067798563447,18.87779570325343],[99.06050699122551,18.8775246249214],[99.06056387890119,18.877307699182207],[99.06016508147412,18.877199374968985],[99.06007960424242,18.877118062380347],[99.05996567330713,18.87711809913937],[99.05990873674612,18.8771994576968],[99.05970937671943,18.877253748598974],[99.05965237282811,18.87714531326849],[99.05985169423987,18.876982568820104],[99.0596807499796,18.876847056711817],[99.05956681922665,18.87684709322608],[99.0593674881503,18.876982723969824],[99.05936752634415,18.877091177577753],[99.05962390926902,18.87719954920231],[99.05962394762832,18.87730800280721],[99.0597094055302,18.877335088802166],[99.05968098995318,18.877524891746674],[99.05953866212614,18.877768957981456],[99.05965260309692,18.8777960348824],[99.05982343283287,18.877606186204627],[99.06010824166019,18.87755186759166],[99.0602791385023,18.87755181229477],[99.0603076601092,18.87766025666279],[99.06053553244755,18.877687296053587],[99.06059251759869,18.877741504306563],[99.06056408346653,18.877877080577374],[99.06064954180692,18.877904166137572],[99.06073503925042,18.87803970525251],[99.06059266378875,18.878148205287502],[99.06047873215832,18.87814824236268],[99.06047878079754,18.87828380935267],[99.06079215170254,18.87844638761167],[99.06093454688906,18.87839211422179],[99.06087763974467,18.878554813255302],[99.06096311809087,18.87863612546159],[99.0612194649986,18.878636041274735],[99.06124800709938,18.878798712275728],[99.06147584157041,18.878717296923075],[99.06167522259287,18.878717230925112],[99.06173220845864,18.878771438820948],[99.0617037849978,18.878934128644193],[99.06178925399519,18.878988327070818],[99.06161839534796,18.879096837339183],[99.06158999153773,18.879313753928454],[99.06164696766204,18.879340848452333],[99.06164700732771,18.879449302028227],[99.06178945278,18.879530594956695],[99.06204576112164,18.87942205605309],[99.06204586092827,18.879693189986032],[99.06213132042629,18.87972027485692],[99.06213127045395,18.879584707892047],[99.06221671990235,18.879584679331042],[99.06221678995996,18.879774473080992],[99.06238768904872,18.879774415840604],[99.06230217937251,18.87961176412383],[99.06238759872738,18.879530395305032],[99.06250154134189,18.879557470451175],[99.06255861832675,18.87985569862004],[99.06241621239171,18.87988285985453],[99.06235927608611,18.879964219137147],[99.06264410822025,18.879964123430153],[99.06272952758758,18.879882754457388],[99.06272950740593,18.879828527673244],[99.0625870612503,18.87974723546928],[99.06255850763122,18.879557451301494],[99.06278634248858,18.879476034349246],[99.06272926523174,18.87917780623889],[99.06292860630445,18.87906928531951],[99.06290006253596,18.878906614585908],[99.06304247770815,18.878906566375484],[99.06315646064051,18.87904209470071],[99.06329887592648,18.879042046293666],[99.06341285915644,18.879177574458947],[99.06338443725134,18.879340264527393],[99.06352686300738,18.879367329338184],[99.06318507582607,18.879394559145993],[99.06304260953756,18.879259040499548],[99.06290021430344,18.879313315498216],[99.06295724127288,18.879475976586452],[99.06335603567469,18.879557181374206],[99.06335606624904,18.879638521551687],[99.0632991101155,18.87966565433806],[99.06332766458685,18.87985543838747],[99.06349857396857,18.879882493517854],[99.06355558126162,18.87999092762812],[99.06372652157064,18.88009932272106],[99.06366958582606,18.880180682401225],[99.06369815105045,18.88039757977181],[99.06364124590543,18.88056027961001],[99.06338489608301,18.880560367142774],[99.06349892127311,18.88080434878629],[99.06361285469237,18.880804309856124],[99.06366978043152,18.88069583680898],[99.063755240697,18.88072292092861],[99.06372681886681,18.880885611022176],[99.06349896213379,18.880912802341278],[99.06366993407187,18.88110253763707],[99.06361298772887,18.881156783904448],[99.06361305936514,18.88134657761725],[99.06355611292159,18.881400823866095],[99.06341369564325,18.881400872475925],[99.06338519179319,18.881346655410187],[99.06338511021652,18.88112974830857],[99.063328123021,18.881075540936695],[99.06338502864092,18.88091284120189],[99.06335650449864,18.880804397350857],[99.06324258125265,18.880831549512997],[99.06327116639807,18.881102673711755],[99.06315725309706,18.881156939209486],[99.06304329915437,18.881102751084878],[99.06307175212018,18.881021401263368],[99.0630147650619,18.880967193794447],[99.06292931491389,18.88096722272409],[99.0628439557551,18.881211272110257],[99.06235973754492,18.881211435083205],[99.06221741050679,18.881455503268832],[99.06201802624717,18.881455569857202],[99.06196107925194,18.881509815618653],[99.06196126864971,18.882024969969798],[99.062018325573,18.882268971455098],[99.06210378637404,18.882296056327412],[99.06210380635717,18.882350283097832],[99.06207534271432,18.882404519376713],[99.06198989183603,18.882404547876867],[99.06190450071512,18.882567256646794],[99.06181904975402,18.882567285068692],[99.06173364845372,18.88270288037379],[99.06167668110032,18.882702899273887]],[[99.06153377762945,18.88137439051754],[99.06164771143835,18.881374352789997],[99.06167614527958,18.88123877640526],[99.061790088937,18.881265851979258],[99.06190398283681,18.881157360540715],[99.06193208765758,18.880127042231422],[99.06187510126803,18.880072834406207],[99.06153331237994,18.880100061181828],[99.0612769435326,18.88004591902311],[99.0609921701218,18.88020869299004],[99.06087822730629,18.880181616921778],[99.06084968532387,18.880018945887855],[99.06090663217563,18.879964700458395],[99.06099207200727,18.87993755906673],[99.06121996722871,18.88001882438845],[99.06127688438936,18.879883238668107],[99.06139080731533,18.879856087708056],[99.06139077768901,18.879774747529417],[99.06099191502744,18.879503744773007],[99.0605361848426,18.879503893643424],[99.0604507159844,18.879449694643647],[99.06045068681243,18.87936835446003],[99.06065006860881,18.879368289558705],[99.06079243528262,18.87923267609636],[99.06093484093424,18.879205516103898],[99.060877776837,18.87893440080291],[99.06096319653929,18.878853032631312],[99.06087773766744,18.878825947219454],[99.06082081075643,18.87893441943727],[99.06056443416699,18.878853162888095],[99.0604220676288,18.87898877618109],[99.06019423227826,18.879070190243176],[99.06022275409049,18.87917863460597],[99.06039367201092,18.879232805989606],[99.060422213418,18.879395477108837],[99.0603652471811,18.87939549560413],[99.06033682229688,18.87955818521161],[99.06019442593256,18.879612458140436],[99.0601374983171,18.87972093014195],[99.06042237865023,18.879856404805476],[99.06025150854867,18.879937800420112],[99.06016602020428,18.87982937450566],[99.06008057062856,18.879829402124976],[99.06002365252247,18.879964987482694],[99.06019459054393,18.880073385828283],[99.06033700670925,18.88007333968641],[99.06042249528763,18.880181765518778],[99.06067881526536,18.88010034189348],[99.0607073375655,18.88020878616862],[99.06056497000097,18.88034439955412],[99.0605934922697,18.88045284384396],[99.06067894216069,18.880452815988136],[99.06070740592594,18.880398579911244],[99.06093529183273,18.880452732185134],[99.06090683792982,18.880534081687472],[99.060821387998,18.88053410964811],[99.06079308072403,18.88102215998641],[99.06087856028456,18.881103472206604],[99.06153377762945,18.88137439051754]],[[99.06204638993185,18.881130199698774],[99.06207487334255,18.88113019019505],[99.06207484338394,18.88104885002859],[99.06204635998697,18.881048859532278],[99.06204638993185,18.881130199698774]],[[99.0620748234116,18.88099462325057],[99.06218874695814,18.880967471803263],[99.0621601735768,18.880723460818984],[99.06207473353696,18.88075060274552],[99.0620748234116,18.88099462325057]],[[99.0624735104371,18.880777582627818],[99.06258737336152,18.88058775059765],[99.06258723240603,18.88020816312972],[99.06250176253342,18.880153965079355],[99.0623023798146,18.880154031968107],[99.06218847684396,18.880235410268394],[99.06221700013784,18.88034385430764],[99.06216005358134,18.880398100135228],[99.06224557353532,18.880587865293084],[99.06210315694035,18.88058791289748],[99.06204623022761,18.88069638546924],[99.0621886469144,18.880696337908173],[99.06227406687223,18.880614969149256],[99.0624735104371,18.880777582627818]],[[99.06275833384917,18.880750373352523],[99.06287226723357,18.8807503348761],[99.06287222677655,18.880641881317903],[99.06292918330861,18.880614748663927],[99.0628436625722,18.880424983823183],[99.06324245916694,18.88050618883977],[99.06329942577611,18.880506169462258],[99.0632994054104,18.880451942682335],[99.06312845486117,18.880316433810755],[99.06292909219896,18.880370728152915],[99.06281511865187,18.88026231310066],[99.06272966886091,18.880262341937545],[99.06270123602991,18.880397918494648],[99.06281523991093,18.880587673785087],[99.06270132680979,18.88064193900601],[99.06267287372847,18.880723288774508],[99.06275833384917,18.880750373352523]],[[99.06344173003622,18.880207873649507],[99.06352716957906,18.880180731094917],[99.06347017244975,18.880099410369297],[99.06341320597825,18.880099429798705],[99.06344173003622,18.880207873649507]],[[99.05951099294471,18.88007360579144],[99.0596533995159,18.88004644677991],[99.05965327476812,18.879693972663215],[99.05959627966949,18.879612650740548],[99.0593114481131,18.879612741778853],[99.05931146719483,18.87966696856772],[99.05911213258447,18.879802599006492],[99.059283041248,18.87982965801237],[99.05931150535847,18.879775422144494],[99.05942543809118,18.879775385781173],[99.05945395952986,18.879883830254677],[99.05939704090088,18.8800194154213],[99.05951099294471,18.88007360579144]],[[99.06141924111104,18.87972051134062],[99.06153317380219,18.879720473686408],[99.06153314410739,18.87963913350681],[99.0614476847458,18.879612048360475],[99.06141924111104,18.87972051134062]],[[99.0596817099353,18.879558396555183],[99.05979564252056,18.879558359965515],[99.05988103416492,18.879395652109725],[99.05959624132298,18.87950419716243],[99.0596817099353,18.879558396555183]],[[99.05734567678654,18.87833902838217],[99.05745960855236,18.878338993225494],[99.05745959931009,18.878311879826338],[99.05731716618698,18.87825769696253],[99.05728870168875,18.878311932535105],[99.05734567678654,18.87833902838217]],[[99.05654809984492,18.878176592126408],[99.05666201327475,18.878122330658403],[99.05663348482321,18.87798677233021],[99.0564626056925,18.878041051080245],[99.05654809984492,18.878176592126408]],[[99.05711773056898,18.878095077889473],[99.05720317927005,18.878095051633544],[99.05720317006913,18.878067938233556],[99.0571177213818,18.87806796448945],[99.05711773056898,18.878095077889473]],[[99.05654800888982,18.877905458122243],[99.05666194036418,18.87790542345487],[99.0566618856819,18.877742743048902],[99.05654796341283,18.8777698911172],[99.05654800888982,18.877905458122243]],[[99.05774428935824,18.877905090634712],[99.05780125509412,18.877905072943424],[99.05780121790622,18.877796619341925],[99.05791513998926,18.877769470506706],[99.05791512135877,18.87771524370543],[99.05785811846302,18.87760680782782],[99.05771567652607,18.87752551186247],[99.05771563939403,18.87741705825638],[99.05760168045792,18.877335753362654],[99.05748774937044,18.87733578860454],[99.05728840682373,18.877444303717798],[99.05725986877546,18.87728163207457],[99.05708898138012,18.877308797999426],[99.05714589176768,18.877146100094315],[99.05706042519266,18.87709189951695],[99.05700354224582,18.877335937604144],[99.05686118325806,18.877498661600224],[99.05686127471479,18.87776979561476],[99.05700368894232,18.877769752030115],[99.05700364309924,18.87763418502417],[99.05717453083827,18.877607019177752],[99.05728852661069,18.87779677793458],[99.05754486300339,18.87776958541418],[99.05774428935824,18.877905090634712]],[[99.05637710260984,18.87787839659154],[99.05646254212053,18.87785125727512],[99.05640554918405,18.87776993435296],[99.05634859255574,18.877797065017997],[99.05637710260984,18.87787839659154]],[[99.05979503657483,18.877850215959764],[99.05982351943246,18.87785020680233],[99.05982350981022,18.877823093402906],[99.05979502695718,18.87782310256032],[99.05979503657483,18.877850215959764]],[[99.05224705353712,18.877771148765834],[99.0523040108203,18.87774401935487],[99.05230399399485,18.877689792548313],[99.05221855389117,18.877716929956726],[99.05224705353712,18.877771148765834]],[[99.05939623835225,18.877741890106865],[99.05953864297341,18.877714731181758],[99.05951011227984,18.87757917329483],[99.05936771731727,18.87763344559847],[99.05939623835225,18.877741890106865]],[[99.05791505615258,18.877525449898496],[99.05800050456372,18.87752542327709],[99.05800047657722,18.877444083073055],[99.05791502820732,18.877444109694334],[99.05791505615258,18.877525449898496]],[[99.06244372130566,18.877252850885725],[99.06252915951438,18.877225708784803],[99.06247206339155,18.876873253718333],[99.062386625352,18.87690039579357],[99.06238666548802,18.877008849396354],[99.0621588337669,18.877090265871608],[99.06218735650309,18.877198709953607],[99.06244372130566,18.877252850885725]],[[99.05068029309125,18.8770937470247],[99.05082270676215,18.877093708173245],[99.05087964768049,18.877012352384668],[99.05068026048629,18.87698529340092],[99.05068029309125,18.8770937470247]],[[99.05136387870844,18.877093559543443],[99.05147780964387,18.877093528052356],[99.05147779308481,18.877039301241304],[99.05159170738773,18.87698504286927],[99.05153471709095,18.87690371844074],[99.05156313344767,18.876686803298185],[99.05147769373173,18.876713940368333],[99.051449252436,18.876849515279318],[99.05133536294815,18.876985113782638],[99.05136387870844,18.877093559543443]],[[99.0572313123729,18.877064733618262],[99.05728827782534,18.877064716084806],[99.05731674211428,18.87701048050559],[99.05723128475829,18.8769833934091],[99.0572313123729,18.877064733618262]],[[99.05697495867253,18.87703769889986],[99.05706040683782,18.877037672710916],[99.0570888528318,18.876929210359588],[99.05725973984255,18.876902044434754],[99.05725970300513,18.876793590820537],[99.05720273764429,18.876793608345],[99.05714573551951,18.87668517223633],[99.05700332220859,18.876685215927303],[99.05697490369089,18.876875018479616],[99.05688946475772,18.87690215803268],[99.05688950135718,18.877010611646337],[99.05697495867253,18.87703769889986]],[[99.05065176962377,18.876958187751928],[99.05068025233508,18.876958179994777],[99.0506802441839,18.876931066588554],[99.05065176147716,18.87693107434569],[99.05065176962377,18.876958187751928]],[[99.05184804348713,18.87695785819703],[99.05193349161927,18.876957834363036],[99.05193347491378,18.87690360755158],[99.05181954410754,18.876903639321412],[99.05184804348713,18.87695785819703]],[[99.05059476351397,18.876822636221068],[99.05068021157926,18.876822612962883],[99.05070866164493,18.876714151574543],[99.0506801545217,18.876632819114914],[99.05053772498361,18.876578631041802],[99.05059476351397,18.876822636221068]],[[99.05669002204084,18.87671242506795],[99.05674698737477,18.876712407700552],[99.05677544264758,18.876631058797425],[99.05668999468794,18.876631084854935],[99.05669002204084,18.87671242506795]],[[99.05079406880827,18.876578561228964],[99.0508510341025,18.876578545667037],[99.0508794758344,18.876442970842525],[99.05073707087345,18.876470123143772],[99.05079406880827,18.876578561228964]],[[99.05008199457106,18.87655164087378],[99.05011047721395,18.876551633204024],[99.05011046915459,18.87652451979638],[99.05008198651629,18.87652452746612],[99.05008199457106,18.87655164087378]],[[99.05005350387796,18.876524535131505],[99.05008198651629,18.87652452746612],[99.05008197846152,18.876497414058385],[99.05005349582778,18.87649742172376],[99.05005350387796,18.876524535131505]],[[99.04672102758826,18.87649828847034],[99.0468349505968,18.876471146414374],[99.04677795524209,18.876362707109156],[99.04672099001733,18.876362721423753],[99.04672102758826,18.87649828847034]],[[99.05478159521235,18.876441862740947],[99.05483856045669,18.876441845958148],[99.05483855163696,18.876414732552252],[99.0547815775912,18.876387635929014],[99.05478159521235,18.876441862740947]],[[99.05674685960084,18.876332820034136],[99.05683229826887,18.876305680545606],[99.0569176728313,18.876088747178272],[99.05691756298509,18.875763386301475],[99.05686057053829,18.875682063499205],[99.05691748060191,18.875519365636414],[99.0579144227616,18.875681738429755],[99.05811367870888,18.875329201966913],[99.0581705406694,18.875030936677142],[99.05805659246758,18.87497674544616],[99.0579141806021,18.874976789830534],[99.05788571684707,18.87503102551157],[99.05714516571165,18.87500414103152],[99.05705974610589,18.875085507483377],[99.05691733414605,18.87508555110497],[99.05637611429734,18.87492303541682],[99.05631920391045,18.875085733125275],[99.05634773161175,18.87522129154583],[99.05589198600067,18.875140088780988],[99.05583500323853,18.875085879066663],[99.0554932145263,18.875085981325416],[99.05563566227909,18.875194392431055],[99.05517992595274,18.87514030133017],[99.05517995257478,18.875221641558305],[99.05526541759782,18.87527584301446],[99.05526545314916,18.87538429665008],[99.05535092718384,18.87546561147424],[99.05580665546857,18.875492588743814],[99.05597752322896,18.875411197179297],[99.05626234770304,18.875411111264427],[99.05631938505705,18.875628001292043],[99.05609157931032,18.875790750573948],[99.05583522772602,18.87576371427581],[99.05569276144982,18.875601076515483],[99.05503762015611,18.87546570442203],[99.0549806375576,18.87541149444751],[99.05480974286924,18.87541154487144],[99.05475280438934,18.87549290187089],[99.0547528484169,18.875628468913224],[99.05480982220115,18.87565556554813],[99.05478138376272,18.87579114097688],[99.05492380515693,18.875818212396407],[99.05492378749068,18.875763985580967],[99.05498075250584,18.875763968755212],[99.0549523141869,18.87589954420821],[99.0550377617783,18.87589951894976],[99.05515163868122,18.87573680476556],[99.05523708618985,18.875736779415767],[99.05529407787351,18.875818102716874],[99.05520866583966,18.87592658172235],[99.05529413122991,18.87598078316028],[99.05529415790832,18.87606212338091],[99.05563594860068,18.876062021482774],[99.0555790281788,18.876197605541567],[99.05540813269528,18.876197656517192],[99.05540815051775,18.87625188332966],[99.05566450277776,18.87627892021311],[99.05577837932994,18.87611620565281],[99.05606318696304,18.87606189322708],[99.05620565398645,18.876224530693776],[99.05634803972303,18.87614314739668],[99.05643353281656,18.87627868852586],[99.05671835875401,18.876278601909046],[99.05674685960084,18.876332820034136]],[[99.05085095231831,18.876307411590936],[99.05110726285112,18.876198887715265],[99.05127810061921,18.87600904683144],[99.0515344352867,18.87598186259188],[99.0515913837841,18.875927619986292],[99.05153439384627,18.87584629554758],[99.05136349870757,18.87584634280702],[99.05139189031497,18.875548087436286],[99.0513349088578,18.87549387634282],[99.0511925130053,18.87554814240348],[99.0512495933416,18.87592771445328],[99.05116417864492,18.876036191607188],[99.05093632639385,18.87606336754078],[99.05093636735386,18.876198934583194],[99.0508224533695,18.876253192557773],[99.05085095231831,18.876307411590936]],[[99.05785766248813,18.87627825108118],[99.05791462767418,18.876278233356643],[99.05791460904544,18.876224006546686],[99.05785764387772,18.87622402427117],[99.05785766248813,18.87627825108118]],[[99.05489545507022,18.876224921908683],[99.05492393765572,18.876224913502124],[99.05492392882236,18.87619780009563],[99.05489544624146,18.876197808502173],[99.05489545507022,18.876224921908683]],[[99.05757276248217,18.87606143219921],[99.05765821015174,18.876061405737005],[99.05765819160573,18.876007178925544],[99.0575442429069,18.875952987387766],[99.05757276248217,18.87606143219921]],[[99.05725942673254,18.87598018867365],[99.05745880453301,18.87598012720351],[99.05745877681034,18.875898786985193],[99.05731631807488,18.8757632638816],[99.05711694053036,18.875763325198367],[99.05708850393034,18.875898900973443],[99.05723092578104,18.87592597062531],[99.05725942673254,18.87598018867365]],[[99.04768922242684,18.875738867272457],[99.04791707477291,18.87571169531451],[99.04797402434593,18.875657453812174],[99.04811644454763,18.8756845304461],[99.04814491155916,18.875630296255576],[99.04774614904636,18.875603285606214],[99.04768922242684,18.875738867272457]],[[99.05190462490727,18.875710625568136],[99.0520470290366,18.875683472372963],[99.05201850471227,18.875547913291253],[99.0518476182156,18.875575074404402],[99.05190462490727,18.875710625568136]],[[99.05067985294309,18.875629622997103],[99.05087920580301,18.87554822834882],[99.05090762277952,18.875331313273357],[99.0508506333733,18.875249988618737],[99.0505088118094,18.8751416280761],[99.05042347001458,18.87549412559742],[99.05059437293549,18.87552119261274],[99.05067985294309,18.875629622997103]],[[99.0486860475105,18.875521701781842],[99.04885690304081,18.87538608992599],[99.04874289486625,18.87511498568986],[99.04862898872459,18.87519635573985],[99.04862906693022,18.87546748985747],[99.0486860475105,18.875521701781842]],[[99.0538983305262,18.875493151375462],[99.05398376923134,18.87546601319255],[99.05392676095298,18.875330462666227],[99.05395519132529,18.87516777394994],[99.05378429688103,18.875167823431337],[99.0537558749888,18.875357625531468],[99.05381283986777,18.875357609063656],[99.0538983305262,18.875493151375462]],[[99.05341411148416,18.875439064200705],[99.05355651513801,18.875411909850506],[99.05355648068596,18.875303456212116],[99.05338554317571,18.87516793827748],[99.05330009595278,18.87516796277618],[99.05327165638082,18.875303537984085],[99.05341411148416,18.875439064200705]],[[99.05096460404457,18.87538552449909],[99.0510785338264,18.875385493255248],[99.051135457599,18.875249910553343],[99.05102153611418,18.87527705524279],[99.05096460404457,18.87538552449909]],[[99.05287261325577,18.874381795744775],[99.05295803453204,18.87430043120491],[99.05307196357701,18.874300398742164],[99.05312888538089,18.87416481541932],[99.05321433209568,18.874164791000496],[99.0532142807515,18.874002110519754],[99.05327122804006,18.873947867391394],[99.0532142636369,18.873947883692207],[99.05318575577722,18.873866551594123],[99.0529294416202,18.873947964934665],[99.0528725197285,18.874083548199863],[99.0527870730544,18.874083572461604],[99.0527016009555,18.874002256442697],[99.05258768902445,18.874056515505963],[99.05270165180502,18.874164936924796],[99.0526732119186,18.87430051205659],[99.05287261325577,18.874381795744775]],[[99.04954009934451,18.874084465330412],[99.04971097671421,18.87403019291992],[99.04973943493569,18.873948845062294],[99.0494546208545,18.873976034400897],[99.04954009934451,18.874084465330412]],[[99.0497963993423,18.873948829825334],[99.04982488154559,18.873948822200322],[99.04982487353334,18.873921708784977],[99.04979639133464,18.873921716409985],[99.0497963993423,18.873948829825334]],[[99.04982487353334,18.873921708784977],[99.04985335573203,18.873921701155613],[99.04985334771523,18.873894587740203],[99.04982486552112,18.87389459536956],[99.04982487353334,18.873921708784977]],[[99.05204645151187,18.873812646942678],[99.05224581836505,18.873785477650586],[99.05233123122805,18.873676999978294],[99.0520179275085,18.873677087832885],[99.051989478793,18.87378554945358],[99.05204645151187,18.873812646942678]],[[99.05281545336129,18.873758203409437],[99.05292938204013,18.873758171034886],[99.0530147688736,18.87356835280481],[99.05290083181646,18.873541271816197],[99.05281545336129,18.873758203409437]],[[99.05136272227674,18.873297682000135],[99.0514766423695,18.873270537099316],[99.05144811064397,18.873107864475944],[99.05133418240183,18.873107895942454],[99.05136272227674,18.873297682000135]],[[99.05065059665503,18.873053856441608],[99.05067907870675,18.873053848686183],[99.05067907055758,18.8730267352686],[99.05065058851042,18.873026743024017],[99.05065059665503,18.873053856441608]],[[99.05093535164885,18.872836871349104],[99.05110623552059,18.8728097110721],[99.05107772065764,18.872701265219824],[99.05102074026571,18.872647054011058],[99.05079289256969,18.87267422976814],[99.05076443507042,18.872755577796333],[99.05093535164885,18.872836871349104]],[[99.0454667899062,18.87278406112472],[99.04566614193531,18.872702672038987],[99.04569458719224,18.872567097942856],[99.04578002574577,18.87253996351895],[99.04577999630102,18.872431509834293],[99.04563758655753,18.872431544817125],[99.04563763058734,18.872594225343963],[99.0454667899062,18.87278406112472]],[[99.05173263178503,18.872131702443383],[99.05187503292126,18.872104549376598],[99.05176106374427,18.871969014002644],[99.05167562644912,18.871996151171647],[99.051675659685,18.872104604851828],[99.05173263178503,18.872131702443383]],[[99.05076423916766,18.87210485573247],[99.05084968484178,18.87210483240205],[99.05087814219088,18.872023484355488],[99.0507357246449,18.871996409818774],[99.05076423916766,18.87210485573247]],[[99.05093511413592,18.872050582191832],[99.05096359601808,18.87205057439325],[99.05096357962914,18.871996347552397],[99.05093509775615,18.871996355350948],[99.05093511413592,18.872050582191832]],[[99.04318803475675,18.872025428119436],[99.04338737304275,18.8718898146206],[99.04361523492003,18.871916874776375],[99.04358672502434,18.871808427754964],[99.04375761608978,18.87180838764729],[99.04378606273262,18.871672813827047],[99.04364363257399,18.871591507009217],[99.04352971234243,18.87161864711959],[99.04350125151352,18.871699994053397],[99.0432164888427,18.871916967812226],[99.04318803475675,18.872025428119436]],[[99.04409941949147,18.871889647232035],[99.04424180743953,18.871808273156585],[99.04424178609885,18.871726932885096],[99.04415633350821,18.871699839756776],[99.0441563122089,18.871618499484246],[99.04427023233865,18.871591358990464],[99.04418474429083,18.871428698751487],[99.04404234247248,18.871455845936538],[99.04401388899515,18.87156430637416],[99.04404244161276,18.87183543387614],[99.04409941949147,18.871889647232035]],[[99.04478296247332,18.871808143705422],[99.0449822992163,18.871672528498],[99.04498226305354,18.87153696137786],[99.04478290486901,18.871591236314806],[99.04478296247332,18.871808143705422]],[[99.04498224858851,18.87148273452924],[99.04509616849252,18.87145559352989],[99.04512462851052,18.871374246351674],[99.04498220519375,18.871320053981517],[99.04498224858851,18.87148273452924]],[[99.04122253306969,18.870995563696997],[99.04127949648537,18.870995551069477],[99.04130795826863,18.870914204467464],[99.04125099488043,18.870914217103646],[99.04122253306969,18.870995563696997]],[[99.04475425755915,18.870967634390777],[99.04483969545517,18.87094050039534],[99.04483965940855,18.870804933264274],[99.0447826888598,18.870777833555003],[99.04469725103688,18.87080496752459],[99.04475425755915,18.870967634390777]],[[99.04449785069875,18.870696561599168],[99.04512443987572,18.870669297284184],[99.04523834466079,18.870587929342975],[99.04523832284094,18.870506589061943],[99.0448965361366,18.870479558407276],[99.04481112730154,18.87061514613817],[99.04466871909008,18.870615180376323],[99.04455474237709,18.870425413696964],[99.04461166973542,18.870289832910817],[99.04446924749922,18.870235640139516],[99.04438382417163,18.870317000822467],[99.0443838955303,18.87058813509851],[99.04449785069875,18.870696561599168]],[[99.04401365546626,18.87066956332253],[99.04407061876977,18.87066954984083],[99.04407061168418,18.870642436413696],[99.04401364838982,18.87064244989538],[99.04401365546626,18.87066956332253]],[[99.04207686252886,18.870507330757114],[99.04219078224584,18.870480191533954],[99.0421907551128,18.870371737820072],[99.04244708953165,18.870371679527018],[99.04244707588279,18.870317452669784],[99.04219072797994,18.870263284104926],[99.04207686252886,18.870507330757114]],[[99.04253249330883,18.87020897944506],[99.04258944276334,18.870154739558988],[99.04261786266268,18.869910712173283],[99.04273176814905,18.869829345758294],[99.04273172692922,18.869666665176776],[99.04261780784927,18.8696938047322],[99.04261784210756,18.86982937188347],[99.04256089277185,18.869883611779905],[99.04244695986922,18.869856524370544],[99.0424469393966,18.86977518408007],[99.04227602999846,18.86969388268866],[99.0421905855355,18.8696939020797],[99.04193429259661,18.869856640600148],[99.04187736996218,18.87001933400737],[99.04193436001525,18.870127774898375],[99.0419913231373,18.87012776205352],[99.04196280784393,18.86999220133005],[99.04207672723162,18.869965062175858],[99.04213366997695,18.869883708997673],[99.04224759605583,18.869883683168833],[99.04230459310209,18.870019237377317],[99.04213371739432,18.870073503006225],[99.04213373094224,18.870127729865104],[99.0424470281121,18.870127658666974],[99.04253249330883,18.87020897944506]],[[99.04412744727512,18.870154381213165],[99.04424137353385,18.87015435416337],[99.04424135930822,18.870100127306163],[99.04415591464164,18.870100147599985],[99.04412744727512,18.870154381213165]],[[99.04458313797336,18.870100045738564],[99.04464010108406,18.870100032082938],[99.04464009390715,18.87007291865436],[99.04458312363786,18.870045818881287],[99.04458313797336,18.870100045738564]],[[99.04469705700862,18.870072904981313],[99.04478250166076,18.870072884439054],[99.04478249446096,18.87004577101045],[99.04469704982257,18.87004579155268],[99.04469705700862,18.870072904981313]],[[99.04395652255157,18.870018854512942],[99.04409892317096,18.86999170739183],[99.04409890899124,18.86993748053357],[99.04395650135065,18.86993751422552],[99.04395652255157,18.870018854512942]],[[99.0510769076262,18.870017036410818],[99.05119082555055,18.869989891680557],[99.05113381315745,18.869827226782217],[99.05101988713115,18.869827258051053],[99.05101992814377,18.869962825184043],[99.0510769076262,18.870017036410818]],[[99.04304505784177,18.869802160124493],[99.04318745842654,18.869775013700274],[99.04315893529375,18.86961233972628],[99.0429595649787,18.8696123858567],[99.04295954425913,18.869531045564642],[99.042902574442,18.869503945274605],[99.04276020841209,18.869666658634646],[99.04298807409691,18.869720833001313],[99.04304505784177,18.869802160124493]],[[99.04651975656546,18.86963864338095],[99.04666216394862,18.86963860772803],[99.0466906229061,18.86955726029671],[99.04654820062478,18.869503069112312],[99.04649124519153,18.869530196781106],[99.04651975656546,18.86963864338095]],[[99.04797228100891,18.869529820893025],[99.04808619910885,18.869502678061448],[99.04820008617608,18.86936708144358],[99.0478013230988,18.869285844002228],[99.0477728877638,18.869448531892548],[99.04797228100891,18.869529820893025]],[[99.04814307687735,18.869204415611023],[99.04822852108528,18.869204393487507],[99.04822850557842,18.869150166627833],[99.0480860831499,18.869095976618343],[99.04814307687735,18.869204415611023]],[[99.04509555946866,18.869178065600117],[99.04523796646576,18.869178031037848],[99.04529489285561,18.869042450026562],[99.04512399734229,18.869015378108724],[99.04506701286303,18.86893405161675],[99.04466822357975,18.868744353723653],[99.04469673364807,18.868852800614675],[99.04483915478816,18.868906993222186],[99.04495312356386,18.869069646328366],[99.04509554496917,18.869123838737863],[99.04509555946866,18.869178065600117]],[[99.04660500619062,18.868933672818095],[99.04671893162082,18.868933644253318],[99.04671887904667,18.868743850233386],[99.04691824832467,18.868743800077745],[99.04694670700856,18.86866245260005],[99.0468612555402,18.86863536070253],[99.04680430797448,18.868689601900783],[99.04660491628364,18.868608311638173],[99.04660494625243,18.868716765366084],[99.04654799109358,18.86874389305394],[99.04660500619062,18.868933672818095]],[[99.04845628661582,18.86890608656855],[99.0485132493201,18.868906071728254],[99.04854170726126,18.868824724009706],[99.0484847445845,18.868824738858653],[99.04845628661582,18.86890608656855]],[[99.04700371496983,18.868825118811483],[99.04706067764796,18.86882510441585],[99.04706067008244,18.868797990984486],[99.04700370741345,18.8687980053801],[99.04700371496983,18.868825118811483]],[[99.04458277960056,18.86874437421205],[99.04463973507706,18.868717247124955],[99.04461123941184,18.868663027089113],[99.04455427678647,18.868663040734905],[99.04458277960056,18.86874437421205]],[[99.04444021579764,18.86814791273688],[99.04452565947481,18.86814789231456],[99.04452565231709,18.86812077888026],[99.04444020865364,18.868120799302556],[99.04444021579764,18.86814791273688]],[[99.04435467942807,18.867795458467118],[99.04449708525922,18.867795424474178],[99.04449707810625,18.867768311038837],[99.04432616975983,18.867687011510558],[99.04429770285365,18.867741245162883],[99.04435467942807,18.867795458467118]],[[99.04481037088337,18.86776823587093],[99.04486733320631,18.867768222147383],[99.04486732599383,18.867741108712103],[99.04481036368004,18.867741122435636],[99.04481037088337,18.86776823587093]],[[99.04426917899872,18.86757857132501],[99.04432614125805,18.867578557767228],[99.04432613413263,18.8675514443312],[99.04426917188248,18.867551457888958],[99.04426917899872,18.86757857132501]],[[99.04315840799465,18.86755171878071],[99.04321537024575,18.86755170556291],[99.04327230467285,18.86744323858123],[99.0431868613512,18.867443258427425],[99.04315840799465,18.86755171878071]],[[99.0476014098702,18.867360841392617],[99.0477437616052,18.86717101086706],[99.04794316755462,18.867306526795566],[99.04808558069537,18.86733360349307],[99.04808554977691,18.867225149751395],[99.04828489397096,18.86714375782882],[99.04828486292466,18.867035304085253],[99.04811393030232,18.866872667721776],[99.04797152525751,18.866872704480457],[99.04794310590114,18.867089619309866],[99.04774373090683,18.867062557122946],[99.04757276054238,18.86676435307725],[99.04760120327572,18.866628778608757],[99.04754422605517,18.86657456629299],[99.04737333268713,18.866547496428804],[99.0472025000726,18.866737333908798],[99.0469176600409,18.866628952171528],[99.0468322999433,18.866927221501452],[99.04697472768923,18.867008525924618],[99.04708862911082,18.86692715682617],[99.04717407974935,18.86695424862606],[99.04711715557231,18.867089830237784],[99.0469462994817,18.867198327165454],[99.04757290583693,18.86727950836832],[99.0476014098702,18.867360841392617]],[[99.04851271901296,18.86706235827091],[99.04856968109452,18.86706234341473],[99.04856966547986,18.86700811654286],[99.04851270341663,18.86700813139899],[99.04851271901296,18.86706235827091]],[[99.04654750472044,18.86698151982278],[99.04668990235491,18.866954370716584],[99.04668987983959,18.866873030405483],[99.0466044368108,18.866873051820022],[99.04657592585417,18.866764605200075],[99.04620565811159,18.866710470610453],[99.04617720681978,18.86681893142949],[99.0462341836847,18.866873144163094],[99.04634809282345,18.866818888953567],[99.04654748227375,18.866900179511756],[99.04654750472044,18.86698151982278]],[[99.04814240357267,18.86684554692035],[99.04819936558133,18.866845532177674],[99.04825630431937,18.866764177107363],[99.04814237261854,18.866737093173082],[99.04814240357267,18.86684554692035]],[[99.0478859975602,18.866574478675087],[99.0480283869132,18.86652021510726],[99.0480853178952,18.866411746648584],[99.0482277225506,18.866411709803707],[99.04822770704648,18.86635748292777],[99.04799984424007,18.866303314950667],[99.04785749352364,18.86649314568751],[99.0478859975602,18.866574478675087]],[[99.04834157634168,18.86616765930558],[99.0484839807905,18.8661676222651],[99.0485409269653,18.8661133805413],[99.04868333919305,18.866140456786923],[99.04868333136785,18.866113343348395],[99.04839848366555,18.865977850430827],[99.04834153749047,18.866032092111837],[99.04834157634168,18.86616765930558]],[[99.04928139816977,18.866004732194487],[99.04930987903164,18.866004724651358],[99.04930986317999,18.865950497773934],[99.04928138232725,18.865950505317045],[99.04928139816977,18.866004732194487]],[[99.04902506253221,18.865977686447742],[99.04908202424703,18.865977671435594],[99.04911048931687,18.86592343704524],[99.04905351973579,18.86589633862705],[99.04902506253221,18.865977686447742]]]}},{"type":"Feature","properties":{"class_id":"R2","feature_id":38044},"geometry":{"type":"Polygon","coordinates":[[[98.98103747698107,18.899386884528717],[98.9808665733086,18.899251300259884],[98.98089509364173,18.89895305633133],[98.98112299123947,18.898898852915313],[98.98106598788735,18.89916998063036],[98.98123690070295,18.899224224665844],[98.98135085865859,18.899115782731936],[98.98132238723034,18.89898021311602],[98.98123693091875,18.898953091156645],[98.98132241129255,18.898763306303497],[98.98120847776624,18.898654841409353],[98.98103756553763,18.89860059734492],[98.98106606716274,18.898465033486595],[98.98083819790514,18.898275216659986],[98.98083821333331,18.898139649892858],[98.9811515808675,18.8979770018112],[98.9813225195685,18.897787225584576],[98.9812086048573,18.89751608054812],[98.98123710313905,18.89740763000333],[98.98146501345757,18.89721785937598],[98.9817498807976,18.89716366085165],[98.98183534798363,18.897082329152894],[98.98197782212917,18.896675642655854],[98.981721471183,18.89645871075401],[98.98155054022271,18.896594260659874],[98.98155050754521,18.89689250759571],[98.98146504031814,18.896973839165113],[98.98123715147858,18.896973816300118],[98.98115169923369,18.896919580939404],[98.98126564361668,18.896919592459188],[98.98126564964984,18.896865365744535],[98.98115170226862,18.896892467582138],[98.9809523118988,18.896783993824737],[98.98069594035242,18.896756854017397],[98.98063898692082,18.896594167944517],[98.98086689681081,18.89640439803361],[98.98115176600089,18.896323087061276],[98.98123723909062,18.896187528911483],[98.98120876219554,18.896106185955375],[98.98080997423102,18.895970578411465],[98.98112335295023,18.895672363532682],[98.98126581856981,18.895347017606056],[98.98140826268525,18.895211465096043],[98.98166462609075,18.895292830647715],[98.98172159184621,18.895347062982605],[98.98172157418871,18.895509743152576],[98.98197793239659,18.895645334992334],[98.98214884193021,18.895699578207005],[98.98269007661887,18.89567251603602],[98.98288951087281,18.895347174159088],[98.98291801595464,18.89515738324259],[98.98288953566639,18.895103153897267],[98.98271862093404,18.89510313808612],[98.98254769777228,18.895184462205656],[98.98254771744124,18.894994668666268],[98.98269015744057,18.894886228531107],[98.98291804345685,18.894886249612373],[98.98303201651518,18.89458801304571],[98.98320294965488,18.894398235016073],[98.9830605622144,18.893991521609877],[98.98291814796093,18.893855941745514],[98.98306058130407,18.89380172804565],[98.98308907504018,18.893720390539013],[98.98288969268351,18.893557692090454],[98.98288970645622,18.893422125253053],[98.98271878786578,18.893476336178566],[98.98263329777508,18.893801688618915],[98.98223449981566,18.893801650934538],[98.9820636152804,18.89353050085372],[98.98180724850592,18.893503362573714],[98.98175028628387,18.893422016887353],[98.98172182431988,18.893205107146148],[98.98177880992154,18.893069545897234],[98.98200668768526,18.893123794830714],[98.9822060887266,18.893096700655054],[98.98243400342683,18.89279847526884],[98.98240552652507,18.89271713246644],[98.98212067267437,18.892717105288803],[98.98197825735373,18.892608638057276],[98.98197828926583,18.89231039098343],[98.98212072448149,18.892229064622835],[98.98212073311585,18.89214772450935],[98.98206376542565,18.892120605650316],[98.98217771230017,18.892066389865402],[98.98223466569156,18.892229075545966],[98.98214920116334,18.892310407472948],[98.9821491867955,18.892445974326012],[98.98246250294164,18.892662911110087],[98.98263342358433,18.89258158704482],[98.98260495502346,18.892418904159697],[98.98274740113784,18.892229123835847],[98.98271892696253,18.892120667705022],[98.9826049914258,18.892066430335742],[98.9825480321129,18.89195797150948],[98.98217772377586,18.89195793637867],[98.98212075901868,18.891903704164633],[98.98203532351893,18.891713902320838],[98.98203536400354,18.89133431509766],[98.98192142921899,18.891280077305495],[98.98192144085917,18.891171623809747],[98.98200689333385,18.891198745473865],[98.9823772453877,18.890764966948158],[98.9825196706625,18.890764980393627],[98.98266211547255,18.890575200100358],[98.98260516502583,18.8903854011455],[98.98246275418573,18.890249820882467],[98.9823773304835,18.889951565652236],[98.98249127015315,18.88995157641685],[98.98249129269792,18.88973466939246],[98.98254827088611,18.889653334613048],[98.9827191800882,18.889653350576403],[98.98289010030591,18.889544912867382],[98.98289011682898,18.889382232592112],[98.9828046706681,18.889300884570083],[98.9827192162458,18.889300876647482],[98.98266223546894,18.889409324861905],[98.98257678099169,18.889409316873795],[98.98254830459248,18.88932797406404],[98.98269075372548,18.889083966958104],[98.98266228290694,18.888948397401773],[98.9828047177161,18.888839957104235],[98.98280472878602,18.888731503579542],[98.98294716057553,18.888650176551767],[98.98300414638251,18.88848750147685],[98.98317506794135,18.888351950108774],[98.98331748580685,18.888406189706355],[98.9836593043119,18.888379106677448],[98.98368778108772,18.888460449325628],[98.9838301992103,18.88851468853007],[98.98397263290151,18.888406247331947],[98.98391567653191,18.88827067549952],[98.9836023508427,18.888216421365936],[98.9835454160204,18.887863942348414],[98.98368784146861,18.887836841513128],[98.98371633126987,18.8877826172415],[98.98357392173322,18.887647037792632],[98.9838018031704,18.88759283101368],[98.98391575159951,18.88748438736431],[98.98402968960141,18.887484397184913],[98.98402968446113,18.887538623955027],[98.98411513543373,18.887565744659625],[98.98411512776451,18.887647084813988],[98.98428603493261,18.88764709933558],[98.9843999780659,18.8875928821598],[98.98448544910012,18.887403095613237],[98.98454241807374,18.887403100357705],[98.98448541664162,18.887755569617145],[98.98448539416994,18.88799959007357],[98.98454236085753,18.888026708201856],[98.98465633379737,18.88764713026014],[98.9849127042625,18.88753869769775],[98.98491270911856,18.887484470927408],[98.98482725805852,18.887457350589028],[98.98482726782561,18.88734889704714],[98.98465636589809,18.887294656251846],[98.98468486761921,18.887104864897733],[98.98451397346153,18.88696928381062],[98.98451397844578,18.88691505703706],[98.98471336927595,18.88691507353534],[98.98477034298632,18.886860851435937],[98.9847418684129,18.88675239555206],[98.98440005840169,18.886725253803675],[98.98434308713773,18.886752362403097],[98.98437155893937,18.886887931734808],[98.98414367608686,18.886969252603635],[98.98394429036071,18.886915008721044],[98.98385882416031,18.88705056825596],[98.98374488645187,18.887050558330884],[98.98365943842991,18.88699632406841],[98.9836309671831,18.88686075462966],[98.98340310804853,18.886698054108045],[98.9834031267444,18.886508260394738],[98.98331767910747,18.886454025972355],[98.98340316146474,18.88615578634548],[98.983688046221,18.88572199731617],[98.98374504862956,18.88536952822487],[98.9838305010583,18.885369535674513],[98.98383049065076,18.885477989238947],[98.98408684042026,18.88555935152501],[98.98397288824609,18.88572202208336],[98.98397286761377,18.8859389292029],[98.9840298335223,18.885966047493643],[98.98422922322892,18.88596606451023],[98.98431468353256,18.885884731568474],[98.98431471382078,18.88555937088483],[98.98454260214542,18.885396709619165],[98.98451413045717,18.88526114029201],[98.98422930443654,18.885098436003187],[98.98425779359985,18.88504421163217],[98.98454263199268,18.885071348918114],[98.98448568627502,18.88482732364109],[98.98434327105689,18.884773084919317],[98.98431483244363,18.884285041431077],[98.98420090423136,18.884203691602984],[98.98408696844781,18.88420368188892],[98.98405849219698,18.884122339265065],[98.98391608030018,18.88404098681748],[98.9839160932397,18.883905419840758],[98.9840870119747,18.883742754167677],[98.98414399501776,18.88358007865562],[98.98437186574172,18.88358009794346],[98.98434340205384,18.88336318837286],[98.98440037970107,18.88325473957049],[98.98448583105767,18.883254746718226],[98.98454278868086,18.883363205051026],[98.98448578363045,18.8837699012567],[98.98459971416516,18.88382413751812],[98.98497001188373,18.88374282762402],[98.98519789473676,18.883607278918063],[98.9853403399083,18.883309042831357],[98.98588152519595,18.883390424894458],[98.98599546493708,18.88333620671399],[98.98676452965442,18.88330914963703],[98.98690695705588,18.88320070612658],[98.9868215226883,18.88298379290515],[98.98633730570293,18.88290241776791],[98.98599550098858,18.882902392344533],[98.9857391336865,18.883065053255493],[98.98539732394426,18.883119253528776],[98.98514097007964,18.88311923322428],[98.98494159100905,18.88303787699336],[98.98491313638806,18.88271251390091],[98.98465679054837,18.88263115273178],[98.98465680042247,18.88252269913374],[98.9849701352114,18.882360044317597],[98.98497015697399,18.882116023712793],[98.98491319464215,18.882061792298686],[98.98471380955452,18.882061776018706],[98.9845998504425,18.882332900625947],[98.98440046503444,18.882332884009823],[98.98431501919228,18.882278650022695],[98.98428654568393,18.88217019401649],[98.98434352044492,18.882088858618307],[98.98417262400694,18.882034617351756],[98.98417269530292,18.88127544209213],[98.9845714834732,18.88105856836835],[98.98465694112117,18.880977235224552],[98.98474241341368,18.880733221612807],[98.98519814240227,18.880787485247293],[98.98519814954581,18.880706145032576],[98.98508422572428,18.880597682310412],[98.9850842353222,18.88048922868848],[98.98497030688499,18.880434992705904],[98.98482787081413,18.88065188838745],[98.98437214734015,18.880543397034693],[98.98420124483508,18.88057049600281],[98.98403033970614,18.880624708218924],[98.9839733652896,18.88070604353422],[98.98371700985855,18.880760248079234],[98.98363155186746,18.880841580792843],[98.98346065160219,18.880841565674938],[98.98346064628076,18.880895792483592],[98.9833467073759,18.88095000912603],[98.98326127334512,18.880787321030027],[98.98340369819643,18.88070599357779],[98.98334673952422,18.880624648271482],[98.98340375960177,18.880082385246745],[98.98331832863842,18.879892583754984],[98.98317592067187,18.879811230706697],[98.98320443899789,18.879458758978267],[98.9830620260035,18.879431632656395],[98.98297658480097,18.87935028463031],[98.9830050761277,18.8792689470084],[98.98317598021055,18.879214735725593],[98.98346080857606,18.87924187467777],[98.98357474628911,18.879187657954585],[98.98425834064368,18.879187717059747],[98.98488495664746,18.87932333607867],[98.98497041326382,18.879242002774962],[98.9852837345474,18.879160687597725],[98.9853976927597,18.8788624490665],[98.98531226961775,18.878564194819983],[98.98542621331049,18.87842863672338],[98.9854262226872,18.87832018307602],[98.98571105909964,18.878238864936044],[98.98591046686082,18.877913519190816],[98.98576806160203,18.877805054696463],[98.98559715746394,18.87788638178383],[98.98551168785524,18.878130395864762],[98.98528382213101,18.878157491390933],[98.98491352955688,18.878320142203364],[98.98468566840711,18.878293010172232],[98.98465718052435,18.878347234649016],[98.98457173165579,18.87834722758177],[98.98451475827109,18.878428563083528],[98.98468565609065,18.87842857723117],[98.98471414397802,18.878374352750505],[98.98471412184945,18.878618373453076],[98.98448625783348,18.878618354589346],[98.98440082639145,18.878428553564547],[98.98422992857216,18.878428539155234],[98.98440083140969,18.87837432674128],[98.98437235347633,18.87832009752706],[98.98397357926564,18.878455630658344],[98.98334695650823,18.878428462205978],[98.98314756487738,18.878536897895216],[98.9829481812185,18.878563993136734],[98.98280577731845,18.878455526383277],[98.98280578561547,18.87837418614914],[98.98252097850259,18.878157252310057],[98.98252103754186,18.87758787063884],[98.98272044790676,18.877289641708973],[98.98272046736119,18.877099847804555],[98.98266350465926,18.877072729089445],[98.9826065587606,18.876882929863406],[98.9826065839377,18.876638909117926],[98.982663557637,18.876557574185174],[98.98323321070833,18.876557626397386],[98.98323321879823,18.876476286146502],[98.98337564269248,18.876367845257917],[98.9836319862868,18.876367867987867],[98.98371743938911,18.876313648650935],[98.98371744724525,18.876232308397718],[98.98363200734644,18.876150960645717],[98.98334718953176,18.87606959511424],[98.98465738781056,18.87606970777728],[98.98462891512754,18.875961251751768],[98.98471436770338,18.875907031954178],[98.9847998153351,18.875907038955038],[98.98488524838172,18.876069726428973],[98.98534096952483,18.87606976289511],[98.9853124940398,18.875988420392716],[98.98539796519685,18.87571729292711],[98.9856258345393,18.875608856992397],[98.9857112981059,18.875419069633118],[98.98596763574695,18.875473315984703],[98.98602460743118,18.87539198001104],[98.9859961339826,18.87528352418635],[98.98585373088902,18.875175059728356],[98.98585374226394,18.87503949262134],[98.98593919171763,18.87501238567696],[98.98602463440142,18.875066618958225],[98.98616705531025,18.874958175914223],[98.98616706865766,18.874795495381555],[98.98611010841249,18.87474126429272],[98.98599617902399,18.87474125575243],[98.98591073877995,18.874659909033642],[98.98562591082334,18.874714114092185],[98.9857113647443,18.87463278040604],[98.98571139691339,18.874253192479554],[98.98591079995408,18.87392784659163],[98.9866798089073,18.874063470358973],[98.98702158735175,18.874171948211536],[98.98705006543786,18.874226177044477],[98.98724944330996,18.87419907739033],[98.98744881304465,18.874280431219002],[98.98753426185762,18.87425332353946],[98.98750578963875,18.874117754507644],[98.98739186472594,18.874063519973163],[98.98733491451694,18.87387372213013],[98.98722099187896,18.873792374064386],[98.98716403782554,18.873656803015397],[98.98687921407523,18.87368389657408],[98.9867083274758,18.873602544167284],[98.986508952392,18.87360252981788],[98.98619563980996,18.873710960539835],[98.98602474677148,18.87371094778247],[98.98579690080669,18.873575363400192],[98.98571143827252,18.873765150837045],[98.98568296299713,18.873683808371364],[98.98551207231627,18.873656681717595],[98.98548359948968,18.873548225794664],[98.98534119583374,18.873466874351532],[98.98514181852227,18.87349397196335],[98.98517028873515,18.873629541364714],[98.98525573284186,18.87365666158098],[98.98519875661361,18.87379222418497],[98.98565445776008,18.87395494042885],[98.98488543554642,18.87398199297171],[98.98471453731814,18.874036205859692],[98.98460059850129,18.874144650162005],[98.98457212121704,18.874090420954204],[98.98445819226913,18.874090411472448],[98.98414490296052,18.87392770449158],[98.98408794365922,18.873873472779273],[98.98408795901182,18.8737107922292],[98.98417342334518,18.873521005538194],[98.9845436936607,18.87349392323874],[98.98465763207405,18.873385478963414],[98.98460068517193,18.87319568027183],[98.98445827474274,18.873195668431137],[98.98434435646922,18.873087205172354],[98.98462918950247,18.872951661782334],[98.98471465775707,18.872707647970206],[98.98485707751398,18.872599205900674],[98.98494254283871,18.872382305403537],[98.98505648024403,18.87227386087033],[98.98517041273385,18.872219643125597],[98.98554067305807,18.872273899125496],[98.98568309191768,18.87216545641808],[98.98576853078869,18.87224680326229],[98.98596790201258,18.872273931833746],[98.986252725737,18.872219726234732],[98.98636666219039,18.872111280896746],[98.98653755360789,18.872111293339064],[98.98687931534621,18.872382452051315],[98.98693626033851,18.872626476921237],[98.9870786661331,18.872680713722435],[98.98724956017843,18.87265361208253],[98.98727802989912,18.872816294602863],[98.98710712740085,18.872951849980257],[98.98719255500083,18.873195876728524],[98.98747737384937,18.873223009542542],[98.9875343320175,18.87330435364848],[98.98787611142386,18.873385716513038],[98.98810397219654,18.873331504367027],[98.98827485919556,18.873412855494625],[98.98838879142171,18.87335863578572],[98.9883318365754,18.873223065087434],[98.98841728284816,18.873223070426107],[98.98847424146993,18.873304414244572],[98.98841727539806,18.873331524134127],[98.98841726794791,18.87343997784088],[98.98836030369279,18.873439974286082],[98.98836029620594,18.87354842799155],[98.98855966938751,18.873575553783322],[98.9885881588783,18.873467101827153],[98.98867360891745,18.873412880195072],[98.98870208013997,18.873575562485094],[98.98887297304302,18.87357557278334],[98.9889014766097,18.87325021336459],[98.9887305840364,18.87325020309269],[98.98864514870503,18.87308751733384],[98.98864516696351,18.8728163830541],[98.98827490821594,18.872707906376448],[98.98827491387202,18.872626566090148],[98.98844580209723,18.87268080363786],[98.98855973193415,18.8726536972486],[98.9885597429714,18.872491016674182],[98.98850278273423,18.87243678630441],[98.98833189098556,18.872436775666774],[98.98818948879133,18.872328312963838],[98.98796163327331,18.872328298361882],[98.98776224788865,18.872490965933086],[98.98779072003988,18.872626534949294],[98.9877052740696,18.872626529323057],[98.98770527802348,18.872572302465247],[98.98753439415562,18.872463837378586],[98.98747744835237,18.872219812686982],[98.98722111516972,18.872165568399268],[98.98702175847886,18.87194864715703],[98.98682239170684,18.871867292852176],[98.98682240018208,18.871758839127768],[98.9863382088443,18.87175880420875],[98.98613884485565,18.87165033573876],[98.98588250843059,18.871650316467626],[98.98582555161782,18.871568971842457],[98.98582557896624,18.87124361065637],[98.98599648301318,18.871080942997622],[98.9861673689382,18.871135182645396],[98.98685093065166,18.87113523220265],[98.98702182942698,18.871026790466598],[98.98716425453598,18.870809892874178],[98.98733514463521,18.87080990458321],[98.98742058159479,18.870918364114587],[98.98753450840098,18.870918371781162],[98.98756300210026,18.870755693082774],[98.98767693474048,18.870674360358926],[98.98779085941896,18.870701481302937],[98.98781933325034,18.870809936906568],[98.98796173586022,18.87089128647575],[98.98807566648274,18.870837066943015],[98.98813264321464,18.87064727654398],[98.98833201480555,18.870647289151634],[98.98847443235013,18.870511730852016],[98.98890166219816,18.870430416516346],[98.98898711590903,18.87029485441491],[98.98904410023884,18.86996949654266],[98.98932891736915,18.86994239965586],[98.98947133182453,18.86983395401949],[98.98955679316983,18.86956282445879],[98.98952832516503,18.869345915352447],[98.98961378283154,18.869129012629738],[98.98969923199823,18.86904767706078],[98.99001252884824,18.869020580698518],[98.99012645913533,18.868939246458652],[98.9901834297611,18.868803682272123],[98.99021192998812,18.868478322484368],[98.98998408289059,18.86842408347897],[98.98989864554437,18.868315625095253],[98.98989866990196,18.867908923462675],[98.99006956025605,18.867854705773535],[98.99012653214794,18.867692028145115],[98.98995565489408,18.86752933833915],[98.98975628698787,18.867529327472756],[98.98967083861831,18.867610663081546],[98.98969930320298,18.867881799092245],[98.98941448961187,18.86790889655363],[98.9892720957161,18.867719094298582],[98.98910120699549,18.86774619781309],[98.98881640791996,18.867556386812627],[98.98847463431304,18.867556365961676],[98.98850313023179,18.867339460171383],[98.98853161501607,18.8672852350398],[98.98901579528015,18.867258150800236],[98.98935758881207,18.866932809316104],[98.9897848009586,18.86698706014522],[98.9899556791131,18.867122636672182],[98.99026896765352,18.867176880206067],[98.99038289502529,18.867122659237634],[98.99052531099053,18.866932872423877],[98.99052532622039,18.866661737963387],[98.99038292594291,18.86658039032003],[98.99038293212631,18.86647193653272],[98.99049686204027,18.866363488595734],[98.99063926971286,18.86630926891735],[98.9910095188285,18.86636351406494],[98.99103800408281,18.866282175096085],[98.99149369878666,18.866282196480125],[98.9916361087593,18.866173749142682],[98.99166460707733,18.86582127559035],[98.99180700996645,18.865848395362093],[98.99189245511013,18.865794172205497],[98.99234814972654,18.865767078047952],[98.99234825917992,18.863353980758728],[98.99266154385177,18.863353993372773],[98.99277545858426,18.863516678564906],[98.99271846023152,18.86438430688905],[98.99283237110625,18.864655445839013],[98.99268996318446,18.864763894110137],[98.99271843448459,18.86498080284088],[98.99277539588331,18.864980805060473],[98.99291780962477,18.864736789466495],[98.99288933468084,18.864601221118654],[98.99297478223227,18.86446565709897],[98.99291783466639,18.864140293498785],[98.99297479465228,18.864167409111175],[98.99297479691043,18.864113182203276],[98.99303175801626,18.864113184344323],[98.99306023522311,18.864194525770053],[98.9930317434571,18.864465659240057],[98.99314565378866,18.864763911448303],[98.99374375776259,18.864492797985942],[98.99397160173007,18.864519918957395],[98.99402856681229,18.864411466981213],[98.99414249016702,18.86438435714774],[98.9941994401772,18.864709720365454],[98.99431336279196,18.864709723880722],[98.99448425380619,18.864492821401413],[98.99462665689163,18.86449282556666],[98.99488297668854,18.86468262695878],[98.99505385899351,18.864736858482797],[98.99525322360171,18.864736863673638],[98.99528170274333,18.86479109130224],[98.99565195211945,18.86476398686702],[98.99576587341005,18.864818216397683],[98.99607916143307,18.86479110980833],[98.99622156355605,18.864845339657716],[98.99627852251686,18.864953794612823],[98.99650636863824,18.86492668557698],[98.9966487742448,18.8648182343874],[98.99659181837833,18.86454709882787],[98.99630701211511,18.864547093395235],[98.99625005387597,18.86441152499087],[98.9960506915562,18.86433018050751],[98.99590829978715,18.863869248710273],[98.99536717006185,18.863869236029046],[98.99528173080122,18.863787893518037],[98.9950823657338,18.86384211526798],[98.9945412360962,18.863842100185757],[98.99451276088026,18.86367941861758],[98.99462669316203,18.863354060470726],[98.99465518389445,18.863028699809096],[98.99476910873672,18.862920249215428],[98.99485455723372,18.86267623047517],[98.99502544229405,18.86256778128614],[98.99502544868946,18.8623508736146],[98.9949400128018,18.86218819055489],[98.99405712573295,18.86218816446357],[98.99411408713483,18.86216105281351],[98.99411408997241,18.86207971243385],[98.9938292958085,18.861862795528825],[98.99345905355874,18.861862782888256],[98.9932312165253,18.861754320900456],[98.99297489626177,18.86172719794336],[98.99294643764749,18.86121204109381],[98.99382933943798,18.86066980318508],[98.99405717921167,18.8606698105974],[98.99437045166384,18.86088672804448],[98.99462677173901,18.86088673561882],[98.99474069346266,18.860832511944746],[98.99476917934557,18.860642718499538],[98.99474070613913,18.860425809980917],[98.99468374798647,18.860371581433284],[98.99448438587781,18.860452916028418],[98.99428502633195,18.860452910015425],[98.99422806924409,18.86037156786363],[98.99454135627343,18.86012755612442],[98.9946552732179,18.860208899826432],[98.99494007378357,18.86015468085346],[98.9951109585915,18.859964891157727],[98.99511096094821,18.859883550758767],[98.99502552223034,18.85985643502905],[98.99502552382891,18.85980220809586],[98.99525336243158,18.85980221404401],[98.99559511608909,18.859964903242197],[98.99565206112334,18.86053428735443],[98.99570901964215,18.860588515604952],[98.99596533926481,18.860588521336258],[98.99582293746086,18.860669858588658],[98.99579445140704,18.86091387912189],[98.99593684755456,18.86107656306364],[98.99607924775684,18.86107656611708],[98.99610773655348,18.860696978224894],[98.9960507778699,18.860642750096954],[98.99613622273841,18.860425844173093],[98.99605078929227,18.860154707727403],[98.99605079627243,18.859856459600092],[98.99596535741715,18.859829344301563],[98.99593687954577,18.859748003281965],[98.99630712427697,18.85942264938558],[98.99633560874847,18.859205742203166],[98.99622169045671,18.85917862645773],[98.99625017198433,18.859097286627552],[98.99642104734757,18.85923285733355],[98.99659192517572,18.859259974008218],[98.99667736224188,18.859368429425164],[98.99667736010642,18.859476883296498],[98.99681975742588,18.859558226186003],[98.99701911735225,18.859476889081893],[98.99710455852465,18.859368436558846],[98.99761719521274,18.859287103421003],[98.99761719061844,18.859612465034328],[98.99773110687552,18.85982937419338],[98.99844310187515,18.859910721908474],[98.99881333869976,18.860073405433724],[98.99924053652374,18.8601276345983],[98.99929749651022,18.860073407890134],[98.99929749730036,18.85988361362631],[98.99904117967219,18.85972093168208],[98.99904118075061,18.85953113741109],[98.99921206107454,18.85917866312772],[98.99878486644307,18.859015980016796],[98.99861398828665,18.859015978823155],[98.99841462967335,18.85909731763916],[98.99841463145641,18.858907523355516],[98.99835767263531,18.858853295922913],[98.99770264328703,18.858636381234092],[98.99761720631524,18.858500812808575],[98.99761721205772,18.858094110741636],[98.99832920531817,18.857606075987942],[98.99855704165202,18.857524737473152],[98.99875639913807,18.857334944595657],[98.99889879636024,18.85730783201827],[98.99909815335064,18.857090925295804],[98.99955382402509,18.856792678719177],[98.99966774140204,18.856738452006077],[99.00006645173026,18.856765565766306],[99.0000379723807,18.856602884919216],[99.0001234101976,18.85654865792987],[99.00020884802672,18.856548657853644],[99.00032276539146,18.856684225071245],[99.00029428628132,18.85679267902118],[99.00018036906908,18.85684690611728],[99.00018036921398,18.856982473493154],[99.00026580747621,18.8571180407647],[99.00018036950374,18.857253608238988],[99.00012341093118,18.85755185649677],[99.00012341103032,18.85768742386239],[99.00023732913323,18.857850104588184],[99.00040820610916,18.85785010429197],[99.00060756316672,18.858012784581486],[99.0007214812605,18.858012784174914],[99.00086387804494,18.8578501027354],[99.00103475502083,18.857850101864187],[99.00120563277152,18.857958554725318],[99.00134803034292,18.857958553748826],[99.00149042887215,18.85806700655132],[99.0016897856002,18.8580670048488],[99.00183218444054,18.858175457388636],[99.00191762309319,18.858175456528294],[99.00197458346392,18.858283909818294],[99.00220242037118,18.8583110207338],[99.00237330010151,18.85847369945924],[99.00260113774692,18.858527923356764],[99.00254418547534,18.85898885313014],[99.00243026906564,18.859151535465237],[99.00225939948479,18.859802260842113],[99.00206004500991,18.8601547382159],[99.00194613016092,18.860561441418714],[99.00171829246514,18.860751237910925],[99.00183221329078,18.86083257721628],[99.00197461265283,18.860778348832703],[99.00237333480338,18.86094102495879],[99.00305685620852,18.86099524191704],[99.00388278197552,18.861212134226975],[99.00419606199794,18.86118501396684],[99.00430998015523,18.86110367097594],[99.00448085178502,18.860778305380922],[99.00473717169582,18.86077829903525],[99.00479413475743,18.8608867514319],[99.00487957399848,18.860859635748547],[99.00487957164623,18.860778295357388],[99.00479413013527,18.860724070649333],[99.00479412474283,18.860534276399424],[99.00487956380542,18.860507160715073],[99.00487956537357,18.86056138764417],[99.0049365252805,18.86056138614255],[99.00499348278028,18.860480044229746],[99.00490804059515,18.860398706107315],[99.00505043048696,18.860073340713935],[99.00505038747896,18.85863632691147],[99.00513582223883,18.85850075722306],[99.00513581151192,18.858148282100522],[99.0055914590977,18.857389091742288],[99.00559145101302,18.857145070476104],[99.005705363021,18.85698238617279],[99.00576231246258,18.856711249666482],[99.00590469949502,18.85644011044526],[99.00604709189871,18.856331651969136],[99.00621796733624,18.85633164634158],[99.00633188938058,18.856467209885302],[99.00644580746588,18.85649431945303],[99.00641733026072,18.856548547388993],[99.00647429089324,18.856602772369268],[99.00630341923187,18.85671123213516],[99.00627494597668,18.856873913949265],[99.00638886843294,18.85700947745012],[99.00653126625195,18.857036585984535],[99.00653127044905,18.85714503988247],[99.00624647668074,18.8571450496542],[99.00624648370545,18.85733484397267],[99.00641736325159,18.857416178582838],[99.00650280987713,18.857633083404405],[99.00667369092093,18.85774153124923],[99.00684456778572,18.857741525046222],[99.00693000176463,18.857633067995],[99.00693004964108,18.858798947256194],[99.00690156554971,18.858690494435436],[99.00673068772406,18.858690500691054],[99.00647437722684,18.858853190598015],[99.00641742202103,18.85896164644681],[99.00636048820331,18.859639485103028],[99.00650288823712,18.859666593650832],[99.00661679681495,18.859395454963202],[99.0067307136784,18.859341223944046],[99.0068446392667,18.859503900597026],[99.0068731311895,18.85980214768498],[99.00693005298143,18.858880287664324],[99.00693009195345,18.859829259040048],[99.00704401466807,18.859910595163925],[99.00701554835173,18.86023595782866],[99.00693011088354,18.8602901879591],[99.00695859861808,18.860479981150952],[99.00721491459659,18.860398630999956],[99.00744275639536,18.86045284896042],[99.0074712387314,18.860507074748828],[99.00761363845217,18.8605070689798],[99.00772755326196,18.86039861042761],[99.00789843154779,18.860371489791653],[99.00795538627708,18.860263033506374],[99.0081832255005,18.86026302363126],[99.00821169880604,18.860127455050506],[99.00835409686385,18.860100335249655],[99.0085819220779,18.859829190226723],[99.00852494735112,18.859530944708435],[99.00886668333324,18.859124226728824],[99.00898057476059,18.858609065354738],[99.00935078883573,18.85822945854278],[99.00983492554788,18.857958298885226],[99.01003426602347,18.857687153527202],[99.01060385879113,18.857741348905275],[99.01060386219837,18.857795575849725],[99.01086018280931,18.857876901492176],[99.01088867455506,18.85806669413014],[99.01074628725412,18.858229383229787],[99.01074629588688,18.858364950583162],[99.01105957306964,18.858392045708893],[99.01108804731216,18.858310703603603],[99.01151523905943,18.858283564202814],[99.01154373346543,18.858500470201886],[99.01140135192605,18.858744500203073],[99.01125895369422,18.858744508868458],[99.01103110057203,18.858500501279234],[99.01086022294066,18.858500511324706],[99.01063239976496,18.85871743223294],[99.01063242538967,18.859124134265986],[99.01071787140945,18.859232583239688],[99.01063243222305,18.85923258813847],[99.01060396271694,18.859395270569067],[99.01054699812049,18.859313933401605],[99.0104330791503,18.859313939820087],[99.01046156897831,18.859476619027035],[99.01057548465988,18.859422385656394],[99.01046158578765,18.85974775369577],[99.01049007234553,18.859856205958568],[99.01034768813916,18.860100235119827],[99.01017681706365,18.860235811865262],[99.01009139520589,18.860534064627235],[99.00977814248286,18.86099501022559],[99.00974967342326,18.8611848059577],[99.00983512624181,18.86140170915985],[99.01071802985294,18.861727021957794],[99.01068956344538,18.861943931278397],[99.01088893524938,18.862106600483024],[99.01086046027133,18.86218794252511],[99.01100286140932,18.862187934163025],[99.01105984496989,18.86254040575227],[99.01111680911708,18.86259462927587],[99.01143009053858,18.862567496845546],[99.01157248269796,18.862431920755697],[99.011543985733,18.86218790139366],[99.01208510811344,18.862160753592097],[99.0132243191516,18.862187789610374],[99.01330977480586,18.862377577733024],[99.01356610804048,18.86251312652181],[99.0136800489553,18.862757139304797],[99.01356612984188,18.862784261099108],[99.01359461672406,18.86286559939305],[99.013509182212,18.862946945984078],[99.01356614946344,18.863028282211936],[99.01353767997237,18.863163851567464],[99.01322440203536,18.86324521445562],[99.01313895448318,18.863163880137403],[99.01299655043391,18.863136776677642],[99.01285413196997,18.86291987891164],[99.01268324578761,18.862865663718615],[99.0126262871331,18.862892781047975],[99.01265478985052,18.863191027137585],[99.0123699918468,18.863272386649555],[99.01242697463657,18.86357063086735],[99.01231305477198,18.863597751892904],[99.01219914271303,18.863733326668186],[99.01214217197924,18.863597763117806],[99.01202824431805,18.863516430148174],[99.01162951612424,18.863489342029993],[99.01148711388812,18.86348935087202],[99.01103144446101,18.86376051298594],[99.01077511829169,18.86373341454501],[99.01066118948403,18.863624967284448],[99.01046176566548,18.86264889415752],[99.01034783945481,18.862567560150428],[99.01023391828785,18.862567566448092],[99.01009150709868,18.862404893470874],[99.0100630122801,18.862160873880352],[99.0102054101156,18.862106639209152],[99.01020540355559,18.86199818536997],[99.01003451593161,18.861889740818796],[99.00966427673197,18.861943987327933],[99.00960732099054,18.862025330656362],[99.00966429070935,18.86218800846615],[99.00949340934298,18.862188017258866],[99.00943643978889,18.86202533939671],[99.00926555412025,18.8619440076],[99.00872443057497,18.861944033746138],[99.00861051397958,18.86202537943052],[99.00798394957118,18.862025407356654],[99.00795546681393,18.861971181655672],[99.00787002624014,18.86197118528731],[99.0077845956742,18.862188096558913],[99.00764219453475,18.862188102459214],[99.00761372042452,18.86232367092318],[99.0074428472924,18.8625134720462],[99.00747134798688,18.86297439969108],[99.00738591402684,18.8631370838432],[99.00693022670318,18.86310998790877],[99.00670237824902,18.86297442896587],[99.00684476795244,18.862676175748632],[99.00681627340194,18.862323701830103],[99.00670234809029,18.862215252128884],[99.0061612226817,18.862188157365058],[99.00610426614955,18.862296613079618],[99.0061042749783,18.8625406342107],[99.00621820112472,18.86267619773249],[99.00621820712053,18.86283887848059],[99.00616125040547,18.862947334205067],[99.00601885055929,18.863001565778575],[99.00599037597021,18.863164247439737],[99.0061042985223,18.86319135719566],[99.00616125238581,18.863001561119844],[99.00621821211708,18.862974445768504],[99.00636061494284,18.863001554414616],[99.0065030219947,18.863137116779914],[99.00638910044204,18.863137120724797],[99.00633214475388,18.863272689954638],[99.00621822410898,18.86329980725145],[99.00613278976131,18.863489604279124],[99.00604735036201,18.86354383398607],[99.00579102718102,18.863570955592454],[99.00570558396277,18.8635167313194],[99.00567709894858,18.863381164910017],[99.00527836869533,18.863245609360934],[99.0049366046101,18.863272732194687],[99.00490812262139,18.863218506034478],[99.00470875905076,18.86319139772742],[99.00453787301986,18.86305583468639],[99.00439547185356,18.86308295156047],[99.00433851318702,18.863164293267833],[99.00402522692492,18.863082959934605],[99.0039682687176,18.863191414985604],[99.00371194454401,18.863164306816397],[99.00356954085865,18.863082969230323],[99.00348409748149,18.862974517019737],[99.00348409524182,18.862866063189124],[99.00365497318539,18.86267626570585],[99.00359800736048,18.862432245687064],[99.0038258476704,18.8623509007664],[99.00396824958591,18.86237801124462],[99.00408216603438,18.862188214564938],[99.00405368254916,18.862052647887467],[99.0039682419335,18.862052649728348],[99.00388280381372,18.862161105370046],[99.00371192247256,18.86216110885576],[99.00359799868745,18.86202554379214],[99.00348407788483,18.86202554595907],[99.00345559879482,18.86207977341027],[99.00342711748353,18.8620255470164],[99.0029999139915,18.86199844093049],[99.00280055081865,18.861889990194324],[99.00240182871548,18.861917109226205],[99.00223094582864,18.861781544048466],[99.00177526213548,18.86167309510695],[99.00168982089724,18.861591755517786],[99.00143349998032,18.861618871129487],[99.00114869773682,18.861483305796256],[99.00055061509022,18.861374854677727],[99.00032277446697,18.861429082136425],[99.00032277508939,18.861754443675245],[99.00023733485338,18.861917124568933],[99.00037973613155,18.862079805095235],[99.00066453865738,18.86218825813639],[99.00097782116724,18.86218825675445],[99.00114870216706,18.862134028858634],[99.00134806196708,18.86191711983932],[99.00137654369794,18.862106913853278],[99.00154742573055,18.862188252891112],[99.00151894647877,18.862296706964333],[99.00183223066213,18.862432271441058],[99.00186071242659,18.862567838453124],[99.00174679378412,18.862811860682207],[99.0015189508726,18.86278474922271],[99.00149046982516,18.8627034090783],[99.00129110699682,18.86262207019242],[99.00109174734335,18.863001659880567],[99.00100630657036,18.863055887276822],[99.00100630834933,18.863354135302405],[99.00074998572983,18.86362527107204],[99.00072150595483,18.86378795191709],[99.00077846770192,18.86395063241723],[99.00057910495289,18.86422176768732],[99.00057910606978,18.864547129128628],[99.00066454794893,18.864547128843192],[99.00069302879808,18.86460135564511],[99.00052214532055,18.864709810013515],[99.00055062650539,18.864872490645],[99.00052214599191,18.864926717630954],[99.00043670392053,18.864926717851024],[99.00043670413109,18.865008058206264],[99.0005221463276,18.865035171437782],[99.00037974314994,18.86519785249066],[99.00037974339408,18.865306306294325],[99.00043670497337,18.865333419620118],[99.0002088591353,18.86552321416808],[99.00023734004093,18.86560455448397],[99.00037974424859,18.865685894597238],[99.00086391705463,18.865468985379938],[99.00089239912757,18.865713006294932],[99.00120568953952,18.86590279867427],[99.00112024769399,18.866011253003585],[99.0011202485943,18.866146820246126],[99.00069303581573,18.866309503015582],[99.00046518894769,18.866499297857462],[99.0004367084831,18.86668909205556],[99.00049367077655,18.866797545699495],[99.00023734168136,18.86677043275642],[99.00006645569215,18.86682465978873],[98.99998101266854,18.86674331946024],[98.999895569677,18.86674331943191],[98.99972468351686,18.866851773043265],[98.99981012634971,18.867041567271958],[98.99961075895433,18.867068680407456],[98.9995537965632,18.8671771340615],[98.99958227736504,18.867285587908242],[98.99966772063128,18.8672855880804],[98.9996962018177,18.867231361238908],[98.99995253152639,18.86725847492592],[99.00012341817028,18.867448269004672],[99.00015189955508,18.86774651686864],[99.00032278686588,18.867909197311246],[99.00055063668383,18.8679905371058],[99.0007500058617,18.868153217065412],[99.00083544956745,18.86815321670147],[99.00112026336068,18.86837012274225],[99.0011202651616,18.8686412571567],[99.00097785967368,18.86883105204486],[99.00097786187455,18.869210640204123],[99.00080697365108,18.869264867902228],[99.00052215925342,18.869210642040663],[99.00046519672492,18.86931909594873],[99.00052216000893,18.869454662992045],[99.00072153019414,18.86945466232585],[99.00089241992862,18.869644455653695],[99.00109179068924,18.869698681466932],[99.00112027488709,18.870105382858377],[99.00106331227009,18.870186723502584],[99.00097786721969,18.870132497097924],[99.00086394121948,18.870186724534967],[99.00089242380248,18.870376518454513],[99.00100635089254,18.87048497161666],[99.00097786989238,18.870593425510616],[99.00080698039753,18.87067476663591],[99.00092090822638,18.870891673585536],[99.00092090867057,18.87097301388868],[99.00080698182472,18.870973014417615],[99.00080698208423,18.87102724128599],[99.00089242724607,18.871027240895828],[99.00089242753305,18.871081467763883],[99.00077850111462,18.871189922010554],[99.00069305687323,18.87143394324793],[99.00015190280305,18.871352604177428],[98.99992404864732,18.871244150490643],[98.99992404856184,18.871433944523066],[98.99983860306415,18.87156951163222],[99.00003797577403,18.871677965427843],[99.00006645763662,18.87175930571615],[98.99998101209466,18.871840646022633],[98.99961074812838,18.871759305320886],[98.99958226554527,18.872057553006123],[98.99975315675435,18.872166007035116],[98.99995253014507,18.87216600719279],[99.00000949396642,18.872084666905856],[99.00040824048985,18.872057553027197],[99.00055064934328,18.87186775864055],[99.00057913064715,18.87170507796269],[99.00072153959064,18.87165085060055],[99.00089243083329,18.871705076723863],[99.0009209137049,18.871894870608095],[99.00103484167272,18.871976210303778],[99.0015475162753,18.872057547040022],[99.00177537285964,18.872193112160062],[99.00191778244725,18.87219311074681],[99.00203170913728,18.872111769245283],[99.00262982827083,18.87205753489129],[99.00302857625617,18.872138869121418],[99.00317098171892,18.871921959299865],[99.00385454601955,18.871894832964088],[99.00402543333861,18.87173214875513],[99.00442417695896,18.871650799405582],[99.00456658608822,18.871650795965216],[99.00465203455771,18.87175924757688],[99.00493685299926,18.871759240238354],[99.00502229691665,18.87170501108788],[99.00505077387903,18.871542329723354],[99.00539255210083,18.871433866401937],[99.00576282647894,18.87175921649133],[99.0058197957817,18.871921895308077],[99.00604765950595,18.872165908921147],[99.00638944451399,18.872220124360044],[99.00681668759168,18.87257258378855],[99.00693061551739,18.87257257957997],[99.00693062889047,18.872897940727242],[99.0068736648177,18.872897942840297],[99.00693063557712,18.873060621296624],[99.00678822634933,18.87308773997457],[99.0067312676244,18.873223309182677],[99.00664582135033,18.87322331225421],[99.00661734245122,18.873304653551592],[99.00681672376378,18.873467326916437],[99.00690217016147,18.87346732376638],[99.00693064783616,18.873358868999773],[99.00693066678237,18.873819797249492],[99.00698763453757,18.873901135395872],[99.0073863877947,18.87395534684415],[99.00767122228035,18.87422646956854],[99.00772819301577,18.87436203433293],[99.00781364112322,18.874389144188243],[99.00775668278365,18.874524713691194],[99.0077851713546,18.87466027961899],[99.00787062215382,18.87474161629346],[99.00784214863408,18.874931411455528],[99.00758581819495,18.875175442883144],[99.00732947640522,18.875175453158345],[99.0071870677672,18.87525679897929],[99.00701616751643,18.87512123839347],[99.00693072139515,18.875148355018098],[99.00690223009858,18.874931448699076],[99.00675981819907,18.87493145392781],[99.0067598149378,18.87485011365979],[99.00693071024932,18.874877220794996],[99.00693070133279,18.874660313410835],[99.00681676870771,18.87457897734954],[99.00670283942627,18.874578981488835],[99.00670284481585,18.874714548605773],[99.00653195285709,18.874768781530214],[99.00638953492968,18.874606105935758],[99.00601926083309,18.874497664588386],[99.00593380914192,18.874362100212828],[99.00579139865438,18.87438921812439],[99.00584835194536,18.874063855246654],[99.00567745854498,18.874063860539803],[99.0055635349794,18.874226544530806],[99.0054211254185,18.874280775583905],[99.00510781880502,18.874226557599574],[99.0050508518465,18.874145218880255],[99.00513629776205,18.87411810311609],[99.00516477668246,18.874009648626995],[99.00564897358636,18.873982521130962],[99.0057628987581,18.87387406393498],[99.00576289505125,18.873765610231597],[99.00567744667626,18.873711386006338],[99.00564896086887,18.873602933167962],[99.00556351440225,18.873602935742525],[99.00553502957652,18.873521596312184],[99.00539261713317,18.873467373640487],[99.00525020731415,18.87349449114025],[99.00510780402018,18.873738515942364],[99.00493691174324,18.873765633981336],[99.00485146753451,18.873846976506698],[99.00482298999117,18.87400965780059],[99.00490843903196,18.87409099584169],[99.00493692523953,18.874226562212595],[99.00479451701896,18.874335019635048],[99.00470907472487,18.874497702362234],[99.00448121915355,18.874606161684863],[99.00445274112488,18.874768842908935],[99.00405398884105,18.87479596544791],[99.00422487618965,18.874524827411143],[99.004224873472,18.874416373715086],[99.00413942459595,18.874335035362865],[99.00396853092029,18.87433503908644],[99.00394005244266,18.87449772023686],[99.00385460738198,18.87457906229821],[99.00365523055058,18.87455195289821],[99.00359826707601,18.874606180856045],[99.0035982711266,18.874795974819587],[99.00371220174921,18.87485019942732],[99.00374068592022,18.874931539125267],[99.00371220771908,18.875121333652636],[99.00356979738073,18.87520267670569],[99.003512832529,18.87520267778997],[99.00337041660545,18.875012886469058],[99.00319952172802,18.8749857760639],[99.00300014500333,18.874985779385735],[99.0029146992418,18.875067121011277],[99.00277228722685,18.875067123187815],[99.00254443004887,18.875202693554172],[99.00234505269043,18.87517558275205],[99.00223112085229,18.875012903619673],[99.00234504514796,18.87463331429601],[99.00234504213104,18.874416406904757],[99.00220262960305,18.874335068372158],[99.0021741445267,18.87411816130894],[99.00191780249203,18.873955483575735],[99.00149056974313,18.874009714339884],[99.00126271174499,18.87398260260032],[99.00123422912823,18.873928375940277],[99.00092092525537,18.874009718031417],[99.00066458502211,18.873955492272604],[99.00055065669248,18.874118173196763],[99.00040824521632,18.87400971986265],[99.00018038747918,18.87406394707379],[99.00009494087013,18.87422662768722],[99.00009494108387,18.874606215626653],[99.00000949411144,18.874660442497866],[99.0000379764824,18.87482312303403],[98.99998101175879,18.87482312303693],[98.99986708216196,18.87501291694992],[98.9996677051377,18.875148483812207],[98.9997246693956,18.87550095838604],[98.99983859927492,18.875528071940813],[98.99992404677869,18.875392504889284],[99.00003797661066,18.87539250490091],[99.00012342410373,18.875555185390848],[99.00020887166094,18.875636525576976],[99.00032280165783,18.875636525414187],[99.00037976702272,18.875799205829363],[99.00057914480278,18.87582631873573],[99.00063611037687,18.8759618856494],[99.00055066306855,18.876070339600272],[99.00009494190837,18.876070340390992],[98.99992404658323,18.87582631962164],[98.99986708152066,18.875826319589667],[98.99975315127644,18.875907659733453],[98.99969618589321,18.876070340167153],[98.99935439502309,18.87607033929503],[98.9994398420199,18.876287246924836],[98.9996392198198,18.876504154766184],[98.99975315040302,18.87650415495224],[98.99983859844427,18.876395701372694],[98.9999525289542,18.87639570143665],[99.00006645951757,18.87653126852227],[98.99986708090074,18.876612608740565],[98.99989556339689,18.876883742933302],[98.99978163227617,18.877100650168437],[98.99969618393867,18.87715487688121],[98.99958225311724,18.87707353641109],[98.99938287392321,18.877073535856542],[98.9992974251322,18.87720910263501],[98.999325907355,18.877344669819976],[98.99958225231097,18.87739889740352],[98.99972466634016,18.877371784253206],[98.99978163210056,18.877236217249603],[98.99989556317853,18.877236217348443],[99.00029432233012,18.877453124470698],[99.00026583973778,18.877588691589615],[99.00015190854376,18.877724258791602],[99.00009494299256,18.877995392971606],[98.99998101139843,18.878022506408655],[99.00003797723978,18.878185186886807],[98.99992404537382,18.878510547828768],[99.00003797734973,18.878673228312934],[98.9999525283052,18.878700341722567],[98.99992404516614,18.8789714758269],[98.9996392146552,18.878917248670408],[98.99958224841373,18.878971475373326],[98.99958224780895,18.879215496068973],[98.99963921390075,18.879269723008576],[98.9994683149656,18.879351062828594],[98.99958224700256,18.879540856986562],[98.99972466279714,18.879540857251886],[98.99978162904472,18.879595084145972],[98.99978162869346,18.879866218233712],[98.99963921250789,18.879920444828596],[98.9996676953033,18.8801373521449],[98.99952527854651,18.880300032280058],[98.99935437882327,18.880300031765383],[98.9992974119098,18.88038137177992],[98.99898409592616,18.88032714351867],[98.99889864658232,18.880245802810894],[98.99884168188957,18.87997466838825],[98.99872774916534,18.879947554235784],[98.99864229839042,18.880083120671394],[98.99858533257205,18.880001780023292],[98.99844291613758,18.880028892293588],[98.99847139741176,18.880245799790476],[98.99861381380195,18.88024580090632],[98.99861381335596,18.880300027720693],[98.99821504676092,18.88035425113557],[98.99812959747362,18.88030002348191],[98.99810111571375,18.880164456156823],[98.99798718330422,18.8801102281437],[98.99793021979056,18.879866206846486],[98.99781628798888,18.879784865318406],[98.99775932375125,18.879622184187934],[98.99741752775672,18.879486612710384],[98.9973035968928,18.879378157455303],[98.99730360209762,18.87905279653238],[98.99724663815924,18.87891722864335],[98.9970472563098,18.878944338996426],[98.99667697014054,18.879269693676836],[98.9962497228417,18.87929679896378],[98.99616427225486,18.879351024041195],[98.99613578664173,18.879459477090315],[98.9959364039724,18.87948658625101],[98.99587943833588,18.879459471588376],[98.99587944231283,18.879296791129992],[98.99573702946776,18.87918833428027],[98.99568007091294,18.87889008544824],[98.99576552891415,18.878537613061432],[98.99565159905522,18.878456270196217],[98.99553766643524,18.878483380910463],[98.99553766787076,18.87842915408566],[98.99528132113205,18.87842914775978],[98.99522435288564,18.878510486543107],[98.99522434827665,18.878673167015073],[98.99530979580437,18.87872739601251],[98.99525282594368,18.878862961624503],[98.99499647774051,18.878890068317105],[98.99485405587437,18.879106971718286],[98.99485405008006,18.87929676558971],[98.99493949699068,18.879378108163397],[98.99488252167293,18.879676354106742],[98.99513885857867,18.88008306210624],[98.99516733405501,18.880354196920983],[98.99485401614058,18.88040841533035],[98.99445524451315,18.880571084309416],[98.994512205882,18.880733766434638],[98.99482552284624,18.880733775414743],[98.99479703697483,18.880815114837045],[98.99488248462747,18.880896457423823],[98.99482550453266,18.88133027032194],[98.9947115681355,18.881411607329042],[98.99468308038371,18.88154717353482],[98.99428430405764,18.88176406893239],[98.99374311488936,18.88181827831942],[98.99357221052531,18.88189961269898],[98.99342978322527,18.88214362833994],[98.99342977476891,18.88236053554995],[98.99334432172154,18.88241475931342],[98.9931449395193,18.882333411868863],[98.9931449472394,18.882143618059935],[98.99303101508748,18.882089387022553],[98.99288860743732,18.881845361013294],[98.9927461885296,18.88187246891587],[98.99268921789565,18.881953806892007],[98.99274617452546,18.882197829738],[98.99234740401765,18.882197813758147],[98.99234736708134,18.88301121576299],[98.99268916261343,18.88322813670245],[98.9928030988988,18.883201027747823],[98.99283157690931,18.88333659583915],[98.99294550984006,18.8833908269917],[98.9928885365003,18.88352639181067],[98.99291701691371,18.88360773308982],[98.99286004807286,18.88363484430873],[98.99288852162546,18.883878865971624],[98.99297396877911,18.883987322804842],[98.99294547692335,18.88417711549783],[98.99300244143014,18.88425845783655],[98.99305941045897,18.8842313465759],[98.99305940599193,18.884339800157132],[98.99323030763212,18.884394033246945],[98.9933157552669,18.88450248991729],[98.99325878076411,18.88466516822772],[98.99328725074716,18.885017643376184],[98.99300240877749,18.885044746269497],[98.99300240539954,18.885126086448427],[98.99314482591302,18.885126091752902],[98.99311633627202,18.885261657664067],[98.9928599768437,18.885315874782883],[98.99257514146986,18.885180296666064],[98.99237575268708,18.885180288598434],[98.99234726611245,18.88523451421363],[98.99226181499468,18.885207397284994],[98.99200545151514,18.885342953402926],[98.99203393309075,18.885397181409434],[98.99226180378814,18.88545141781498],[98.99234725872392,18.885397194567222],[98.99234725502964,18.88547853474295],[98.99217634879734,18.885505641023126],[98.99211937539131,18.885614092183857],[98.99189150060553,18.8856411957789],[98.99172059946423,18.885559848074244],[98.99126484983832,18.885614054008006],[98.99115091736992,18.885532708446913],[98.99117941005736,18.88537002944941],[98.99112244748379,18.88526157316987],[98.99092306882963,18.885071769796454],[98.99058125970942,18.885071752798908],[98.99049580131211,18.8851802020221],[98.9902394411661,18.88523441552864],[98.99023943645432,18.88531575570533],[98.99069518111027,18.885342892459207],[98.99078061720903,18.885641144023268],[98.99069516464023,18.8856411397672],[98.99063820529973,18.8854784565594],[98.99058123697556,18.885478453682783],[98.99046729265748,18.885614014834484],[98.99026790179654,18.885641117897855],[98.99021092711655,18.88574956847179],[98.98986911825232,18.88572243677384],[98.98984062587498,18.885858002173375],[98.98992607369034,18.88593934699334],[98.98975516330495,18.886020677826853],[98.98955577352926,18.886020666735245],[98.98944184500965,18.88588509335024],[98.98932790808674,18.885885086846432],[98.98904304285831,18.88623754434939],[98.9889860618711,18.88642733470728],[98.98892908966326,18.886481558101746],[98.98870121319298,18.88650865778412],[98.98853031086804,18.886454420544087],[98.9885018339424,18.8863459652298],[98.98835941801933,18.886264616201814],[98.98835944049767,18.88593925552594],[98.98847338858583,18.885776582280876],[98.98867278354015,18.88569525436064],[98.98901460099404,18.88558682130238],[98.98935641287018,18.885559727788685],[98.98935642143368,18.885424160831064],[98.9891855217375,18.88534281079541],[98.98935643513515,18.88520725369475],[98.989214040588,18.884800544594945],[98.98912859369376,18.88471919943831],[98.9889292090213,18.88466496088803],[98.98890073035469,18.884583619008176],[98.98870134228008,18.8845836070013],[98.9886443706044,18.884637830319548],[98.98853044006175,18.88455648314541],[98.98838801816314,18.884583587701442],[98.9882456018928,18.884529351965984],[98.98804621195943,18.88455645265092],[98.98807468445229,18.884719134842967],[98.98787529036503,18.884800462130926],[98.9878467945845,18.884963140630617],[98.98784680631782,18.88480046027166],[98.98770438806022,18.8847733375165],[98.98764740606155,18.884963127493517],[98.98773284841614,18.88509870011344],[98.98764737823419,18.885342714986404],[98.98770433464071,18.88550539911115],[98.98778978910462,18.88547829135013],[98.98770432870505,18.885586739284776],[98.9877043207908,18.885695192848512],[98.98764735438164,18.88566807568228],[98.98753340556974,18.885830748422677],[98.98736249820809,18.885857850277187],[98.98727703119886,18.88604763818025],[98.98710611735147,18.886156079966824],[98.98653642532642,18.886237379761273],[98.98653640799375,18.886454286871317],[98.9865933723322,18.886508517763975],[98.98650791281113,18.886589851748013],[98.98659334644266,18.88683387841774],[98.9862800048962,18.886996535886137],[98.98619456274969,18.886860962626443],[98.98608062964824,18.886806727358056],[98.98593819413986,18.886969396965284],[98.98596666726174,18.887104966050504],[98.98579576521401,18.887050726300902],[98.98576726933433,18.88718629105496],[98.98593817377332,18.887213417443927],[98.98590967344545,18.88740320898887],[98.98576723497689,18.887592991839362],[98.98582418348268,18.887837016653346],[98.9856247892469,18.887864114729705],[98.98562477999293,18.887972568265983],[98.98571022914315,18.888026801620434],[98.98588114351443,18.88794547452448],[98.98585265210527,18.888026812511136],[98.9856247707389,18.888081021801003],[98.98559628150112,18.8881352463637],[98.98588112306413,18.888189494977464],[98.98599505478211,18.88827084374373],[98.98599504125835,18.888433524040824],[98.98608048852134,18.888514870605093],[98.98608046387858,18.888813117806556],[98.98622288528834,18.88884024179559],[98.98627985916472,18.888786019244986],[98.98647924785861,18.88884026061428],[98.98647921521679,18.88924696132765],[98.98656466312606,18.889328307662712],[98.98656465663882,18.88940964780257],[98.98679253099813,18.88946389088892],[98.98673555065244,18.88959945373088],[98.98650766961335,18.889626550713324],[98.98642220846823,18.88970788462972],[98.98636521896364,18.889951900867963],[98.98682097765214,18.88995193373202],[98.98682097340968,18.890006160488422],[98.98647913252047,18.89027726972196],[98.98636519482297,18.89025014802374],[98.98630820945945,18.89043993747666],[98.98608032273387,18.890521260685375],[98.9857385025632,18.890521234779648],[98.98556758550892,18.89060256172021],[98.9855390911704,18.890711013011167],[98.9853396769685,18.890927904399938],[98.98525422171974,18.890927897641863],[98.98505481411128,18.891063448595446],[98.98505480929997,18.891117675344965],[98.98522571285542,18.891199029129034],[98.98522570096456,18.89133459600037],[98.9850547756203,18.891497262582757],[98.9850262735689,18.89168705390377],[98.98496929830739,18.8917412760524],[98.98471293132376,18.891741255148748],[98.98457048286835,18.891985263734885],[98.98445653681769,18.892039480987467],[98.98445653181349,18.89209370773115],[98.98454198765337,18.892093714856298],[98.9845704803846,18.89201237710693],[98.98479836251448,18.892012395880283],[98.98491231329439,18.891903951673346],[98.98494078884579,18.892012407471775],[98.98499775937834,18.89201241207782],[98.98531106893306,18.892337797558582],[98.98556744147197,18.89228359089549],[98.98562440515401,18.892364935423274],[98.98545348851489,18.892419148870648],[98.985424996141,18.892500486752034],[98.98551044285763,18.892608946914343],[98.9857098335271,18.89269030245951],[98.98568132970581,18.892907207226564],[98.98559586881512,18.89296142736377],[98.98553888399344,18.893124103155582],[98.98533947637252,18.893232541012384],[98.9845988565636,18.893205367761134],[98.9843140271358,18.89293421025468],[98.98354491544308,18.89298837050654],[98.98320309838175,18.89290699982828],[98.98306065766047,18.89304255374997],[98.98306064402568,18.893178120593028],[98.9832600287935,18.89331370549664],[98.98323153250942,18.893422156400916],[98.98377272574622,18.89374756484082],[98.98388664982589,18.89393736831835],[98.98402907521326,18.893964493975815],[98.98397209885992,18.89401871580477],[98.9840290520724,18.894208514268907],[98.98397206273438,18.894398302922276],[98.98414297164663,18.894452544310244],[98.98419993537311,18.89453388925559],[98.98419992265427,18.89466945607769],[98.9842568915508,18.89469657427561],[98.98419989212857,18.894994816442676],[98.98434231089797,18.895103281947033],[98.98422834488858,18.895347292577718],[98.98380104961133,18.895428595918457],[98.98371558421395,18.895509928536942],[98.98371556323872,18.89572683542809],[98.98391495414003,18.895835306234048],[98.98419981072364,18.895862444027028],[98.98422827886519,18.89605223996955],[98.98402885407509,18.896296243181546],[98.98380096354119,18.896323336820046],[98.98380095571638,18.89640467689775],[98.98397185628608,18.896567371868095],[98.98394335990798,18.8966758228435],[98.9834021221927,18.896702888658545],[98.9832027035489,18.89686555089288],[98.98317419307848,18.89710956853233],[98.98325964068088,18.8972180296762],[98.98328810529952,18.89743493909053],[98.98334506962051,18.897516284272236],[98.9836014348316,18.89762476049157],[98.98351596822233,18.89770609299816],[98.98328807569817,18.897733186002203],[98.98314563095967,18.89786873991559],[98.98314561738952,18.898004306688392],[98.98331653238043,18.898031435463547],[98.98337349156198,18.89816700733948],[98.98360137409702,18.89824836764789],[98.98382929070414,18.89797725407407],[98.98382927508038,18.89813993419986],[98.98391472880779,18.8981941683236],[98.98439899359659,18.89822132295805],[98.98451294135629,18.89819421913379],[98.98451295631955,18.898031539008418],[98.98434204365626,18.897977297978773],[98.9843135674849,18.897868842157713],[98.984456008781,18.897760400703813],[98.98454146749644,18.89776040783125],[98.98465536797383,18.898248457655534],[98.9848832463712,18.898384043099163],[98.98485474783276,18.898519607546454],[98.98479776530651,18.89862805630673],[98.98462683709222,18.898736495657964],[98.98431347654807,18.89884492288344],[98.98402861232884,18.898844898621725],[98.98377224498492,18.898736423004237],[98.98362983405673,18.89851950369235],[98.98362984987351,18.89835682357336],[98.98343044283052,18.898383919256297],[98.98334497575307,18.898465251677262],[98.98334496502501,18.898573705088815],[98.98323101952137,18.898573694842877],[98.98314557667842,18.89841100699493],[98.98274676780179,18.898410970400953],[98.98237646513995,18.89822114218117],[98.98206310410926,18.898329565618045],[98.98183521635916,18.89830243013152],[98.9816642836173,18.898437980113624],[98.98166427475932,18.898519320171914],[98.98174972504201,18.89860066864093],[98.98246189019798,18.898546510502875],[98.98311706314287,18.89868213793724],[98.98320249527556,18.898953279200686],[98.9830885195577,18.89925151572989],[98.98297456537014,18.899332845378115],[98.98268970032733,18.899332819063538],[98.98243334159174,18.89914300155243],[98.9821769403812,18.89935988394728],[98.9818066216275,18.899305621363183],[98.98174964275036,18.89935984247774],[98.98152174770527,18.899386933309085],[98.98126538115456,18.899278454240516],[98.98103747698107,18.899386884528717]],[[98.98231941848135,18.89892608393734],[98.98240487778753,18.898926092047663],[98.98240488345446,18.89887186534437],[98.9823194241758,18.898871857234067],[98.98231941848135,18.89892608393734]],[[98.98140786452763,18.89881754157583],[98.98155029661207,18.898817555769714],[98.98157879786132,18.89868199183559],[98.9814648522855,18.898681980506773],[98.98140786452763,18.89881754157583]],[[98.98172129458746,18.898085512131306],[98.9818352397598,18.898085523302573],[98.9819492052791,18.897895740924373],[98.98189224150462,18.89781439531862],[98.98180677983333,18.89784150032773],[98.98169285546167,18.89765169565485],[98.98149345490408,18.897624562551783],[98.98140798428376,18.897733007443154],[98.98146493585806,18.897922806615863],[98.98152189648708,18.898031265705576],[98.98172129458746,18.898085512131306]],[[98.9828892766925,18.897651809649552],[98.9829177629124,18.89765181226984],[98.98291776841374,18.89759758555897],[98.98286079599232,18.897597580314034],[98.9828892766925,18.897651809649552]],[[98.98271837606991,18.89748911370272],[98.9827753484546,18.89748911899128],[98.98277535677532,18.89740777892349],[98.98263293427196,18.89732642560097],[98.98263292588247,18.897407765669406],[98.98271837606991,18.89748911370272]],[[98.98226261984223,18.897272163917123],[98.9824050506201,18.897272177454884],[98.98246203987517,18.897109502699617],[98.98231961208178,18.89708237584875],[98.98223414226874,18.897190821127023],[98.98226261984223,18.897272163917123]],[[98.98286086498683,18.896919746401664],[98.98311724528818,18.896865543150238],[98.98308877281632,18.89672997377127],[98.98288938414414,18.89659438873068],[98.98274694560517,18.89667571563941],[98.98274692615888,18.896865509144718],[98.98286086498683,18.896919746401664]],[[98.98311738120397,18.895509875167637],[98.98328829904015,18.89548277725076],[98.98331680100962,18.895320099637786],[98.98303194548679,18.895292960490842],[98.9830034432468,18.895455638060405],[98.98311738120397,18.895509875167637]],[[98.98194970515438,18.89323224278077],[98.98197819062652,18.89323224554445],[98.98200668189197,18.89317802156739],[98.98192122550304,18.89317801327639],[98.98194970515438,18.89323224278077]],[[98.98277581434958,18.892934074100037],[98.98291824970842,18.89285274713396],[98.98308915943483,18.892879876129097],[98.9831461356866,18.89282565456404],[98.98311766115395,18.892717198500957],[98.9827473539239,18.892690051133705],[98.98269037758976,18.892744272577268],[98.98269036365716,18.892879839424403],[98.98277581434958,18.892934074100037]],[[98.98288978633559,18.892635837557165],[98.98311767202482,18.892608745021267],[98.98317466171818,18.892418956593602],[98.98308921660285,18.892310495356664],[98.98286133407159,18.892310474487978],[98.98280435790262,18.892364695968816],[98.98277585316814,18.892554486925118],[98.98288978633559,18.892635837557165]],[[98.9831746779691,18.89225627636833],[98.98326013658566,18.892229170711598],[98.98331712061871,18.892093608975667],[98.98343106440504,18.8920665057938],[98.98343107240653,18.891985165678335],[98.9832886460993,18.891985152930257],[98.98311772094274,18.892120704347025],[98.98311771007221,18.892229157832404],[98.9831746779691,18.89225627636833]],[[98.983003801693,18.891903786990756],[98.98303228694063,18.891903789592735],[98.98303228967197,18.891876676220566],[98.9830038044289,18.891876673618597],[98.983003801693,18.891903786990756]],[[98.98280447415878,18.891225934327768],[98.98288993231185,18.891198828837844],[98.98297540687966,18.891009043061636],[98.98286147477052,18.890927692468686],[98.98269056427534,18.8909276766351],[98.98263357733806,18.891090351570362],[98.98280447415878,18.891225934327768]],[[98.98468450773616,18.891063418459183],[98.98488390590968,18.8910363214032],[98.98488391807543,18.890900754527728],[98.98482695280352,18.890846523136336],[98.98471301252717,18.890846513802657],[98.98462754989676,18.890927846882466],[98.9846275399991,18.89103630038255],[98.98468450773616,18.891063418459183]],[[98.98291864288834,18.88897553451051],[98.98300409714568,18.888975542341328],[98.98303259009064,18.88889420480055],[98.98294713587453,18.888894196982868],[98.98291864288834,18.88897553451051]],[[98.98300412997041,18.888650181767854],[98.98320352555592,18.888623086505035],[98.98323202644085,18.888460408784315],[98.98311808777932,18.88846039847444],[98.98300413817648,18.88856884162271],[98.98300412997041,18.888650181767854]],[[98.98428596917957,18.888352047310896],[98.98448536420713,18.88832495067218],[98.9845423459312,18.888189388502155],[98.9844853816855,18.888135156991034],[98.98428598941157,18.888135140247254],[98.98422901511418,18.888189362190413],[98.98428596917957,18.888352047310896]],[[98.98377326642246,18.888135096210007],[98.98397265869585,18.8881351135036],[98.98408660482107,18.888053783139565],[98.98422902780493,18.8880537952739],[98.98422903288122,18.887999568506743],[98.98402965875945,18.88780975780082],[98.98394420509298,18.887809750441786],[98.98385874103573,18.88791819657948],[98.98365934112977,18.88799951931503],[98.98377326642246,18.888135096210007]],[[98.98542537618238,18.888108119662597],[98.98551083000079,18.88810812634105],[98.98551083233265,18.888081012957507],[98.98542537852799,18.88808100627907],[98.98542537618238,18.888108119662597]],[[98.98505509794975,18.88786406981462],[98.98516904098271,18.887809852168765],[98.98539691507801,18.88783698358888],[98.9854254230938,18.887565851976944],[98.98519755888934,18.887430267050096],[98.98519756603586,18.887348926893416],[98.98528302657434,18.887267593518885],[98.98525455160228,18.887159137717983],[98.98519758271097,18.887159133191748],[98.98494119846607,18.88743024646573],[98.98505509794975,18.88786406981462]],[[98.98633701990596,18.886427158939714],[98.98645096155484,18.886372940499076],[98.98645096809584,18.886291600332715],[98.9863370308993,18.886291591996244],[98.98633701990596,18.886427158939714]],[[98.9853685600223,18.88634574509504],[98.98548249959114,18.886318640636254],[98.9855679617916,18.886210193732325],[98.98556798966028,18.885884833058185],[98.98576738385277,18.88583062164529],[98.98585282741006,18.88593908172589],[98.98602373284695,18.8859390946492],[98.98608071028539,18.885830645361875],[98.98579587721663,18.885722170261843],[98.98571043610531,18.88558659676182],[98.98556801288372,18.885613699154366],[98.98553953567999,18.88553235676895],[98.98542560134257,18.885505234483347],[98.98514075729094,18.885532325332555],[98.98514075250881,18.885586552114322],[98.98505529756464,18.885613658657423],[98.9849983002277,18.885939014753298],[98.98514070946882,18.886074593135977],[98.98519766370146,18.8862372780143],[98.9853685600223,18.88634574509504]],[[98.98633704409123,18.886128911661476],[98.98636552836285,18.88612891375212],[98.98636553055691,18.886101800362713],[98.98633704628986,18.88610179827207],[98.98633704409123,18.886128911661476]],[[98.989954577328,18.88561398784525],[98.99006851406781,18.88561399396502],[98.99012548879354,18.885505543433162],[98.98992610124826,18.885478419347326],[98.98989761058374,18.885586871367934],[98.989954577328,18.88561398784525]],[[98.98949883205901,18.885586849276873],[98.98966973714097,18.885586858849184],[98.98981216460017,18.88547841314034],[98.98984065857081,18.88531573434757],[98.98975521440981,18.8851801626983],[98.98958431141631,18.88515303981226],[98.98949885064657,18.88528860196823],[98.98938491241891,18.885315708891618],[98.98938490046214,18.885505502633972],[98.98949883205901,18.885586849276873]],[[98.99163515232051,18.885451390683464],[98.99177757443161,18.885424283643275],[98.99177758104707,18.885288716682727],[98.99169212999361,18.8852615994925],[98.99157818942605,18.885342934544347],[98.99163515232051,18.885451390683464]],[[98.98565348159694,18.88542391202899],[98.98579591150126,18.88531546939565],[98.98622317129546,18.885342614930856],[98.98630863252396,18.88523416767454],[98.98633713862931,18.88496303584578],[98.98590988658067,18.884854550393186],[98.98573894323319,18.88531546503568],[98.98562500207085,18.885369683046527],[98.98565348159694,18.88542391202899]],[[98.9876758802209,18.885098696346873],[98.98770436431852,18.88509869823234],[98.98770436629701,18.88507158483979],[98.98767588220399,18.88507158295432],[98.9876758802209,18.885098696346873]],[[98.9876189180024,18.885017352384974],[98.98764740208627,18.885017354279164],[98.98764740606155,18.884963127493517],[98.98761892198686,18.88496312559934],[98.9876189180024,18.885017352384974]],[[98.98947040040302,18.884746332499265],[98.98958433655596,18.8847463389154],[98.98958433990786,18.88469211212781],[98.98944192316024,18.884637877308872],[98.98947040040302,18.884746332499265]],[[98.98781834187169,18.88452932447016],[98.98784682587306,18.88452932633375],[98.98784682978408,18.88447509954522],[98.98778986179964,18.884475095813684],[98.98781834187169,18.88452932447016]],[[98.98730565027307,18.884258156234207],[98.98759048982814,18.884258175458807],[98.98761897976007,18.88417683717206],[98.9875050520348,18.88406837597071],[98.9871632511502,18.883987012505305],[98.9867075021801,18.88406832067658],[98.98673598183504,18.884122549500926],[98.98713475275035,18.88417680430497],[98.98730565027307,18.884258156234207]],[[98.9900401164252,18.884149869200183],[98.99012556982639,18.884122760361368],[98.99015406168037,18.88398719489266],[98.99038194379298,18.88379741304308],[98.99012558571435,18.883851626401643],[98.99001164534482,18.8839329605061],[98.9900401164252,18.884149869200183]],[[98.9915782558269,18.88401437823494],[98.99166370891224,18.88398726868885],[98.99163523307746,18.883824587031953],[98.99152129754708,18.88382458187256],[98.99146432428837,18.883933032852244],[98.9914643215416,18.883987259644552],[98.9915782558269,18.88401437823494]],[[98.99112252461944,18.883797449868432],[98.99123646154139,18.883770341875465],[98.99115101988765,18.883580544050528],[98.9910655669262,18.883607653362283],[98.99106555973857,18.883743220347053],[98.99112252461944,18.883797449868432]],[[98.99055285314057,18.883688968216116],[98.99080921527084,18.883553414075966],[98.99092316522184,18.883282285694584],[98.99078075813395,18.883065371502187],[98.99069532633277,18.88271289305693],[98.99055290633976,18.882739999277096],[98.99052441349345,18.882902678224507],[98.99058137791609,18.88295690791633],[98.9905813703392,18.8830924749104],[98.99049591753378,18.883119583961907],[98.99046744297269,18.882956902111577],[98.99032503051991,18.882848441160878],[98.99032504141607,18.882658647363808],[98.99018262298901,18.882658639900775],[98.99015413296725,18.882767091993824],[98.99023957936743,18.88284843669609],[98.99023956680453,18.883065343887957],[98.9904104600722,18.883228033169033],[98.990324991604,18.883526276118843],[98.99055285314057,18.883688968216116]],[[98.99100861514783,18.883309403243437],[98.99109406796717,18.883282293956924],[98.99106559280118,18.88311961220076],[98.990951654836,18.88317383348955],[98.99100861514783,18.883309403243437]],[[98.99129345590433,18.88325518999968],[98.99160678565653,18.883092524012774],[98.99172072868437,18.882929848725997],[98.99192011480402,18.882929857494922],[98.99200556857063,18.88287563438906],[98.99200557371552,18.882767180791024],[98.99186315650519,18.882740061215117],[98.9919201369033,18.882468929697346],[98.99163530844316,18.882306236700728],[98.99154985620578,18.882333346238998],[98.99132197319982,18.88260446975146],[98.99117955197991,18.88265868985185],[98.99132195365297,18.882984057345013],[98.99132195086052,18.88303828414283],[98.99120801444732,18.8830653921905],[98.9912080073745,18.88320095918322],[98.99129345590433,18.88325518999968]],[[98.98724876032499,18.8832278432732],[98.98741966301301,18.883227854911983],[98.9875336041557,18.883146522389744],[98.98753361619015,18.882983841999234],[98.98744817102822,18.882902496055607],[98.98716332963421,18.882956703411917],[98.98713483761915,18.88306515503793],[98.98724876032499,18.8832278432732]],[[98.98790391259655,18.882875412855267],[98.98801784748389,18.882875420230416],[98.98821724301548,18.8827398659728],[98.98818877261853,18.882550070368158],[98.98798938888285,18.882522944199284],[98.9878469627505,18.882631388547292],[98.98776149989459,18.882794063340828],[98.98790391259655,18.882875412855267]],[[98.99135047218365,18.88230622367249],[98.99160682616754,18.882279122016516],[98.9916353124804,18.88222489649743],[98.99177772921868,18.88225201624913],[98.99203409330427,18.882008006791544],[98.99200563545133,18.88146573751612],[98.99220501607682,18.881547086189038],[98.99217652628597,18.881682652008298],[98.99223348583035,18.881845334811366],[98.99234741879164,18.881872452936307],[98.99234741509817,18.881953793142838],[98.99257528960226,18.881818235367405],[98.99257529318572,18.881736895159655],[98.9923474286408,18.881655545715436],[98.99234744956982,18.881194617854305],[98.99217654768243,18.88122172414869],[98.99206261646547,18.881167492513065],[98.99211959347454,18.88095058769817],[98.99192022009488,18.880733671901826],[98.99183477001426,18.880733668170354],[98.99177779932572,18.880815005877263],[98.99180626424558,18.88119459480115],[98.9916638430319,18.881275928685138],[98.9916353541974,18.88138438102168],[98.99117961441817,18.88146570017877],[98.99098022422683,18.881574144229596],[98.99100869037082,18.881899506439844],[98.99106565317307,18.881980849391045],[98.99115110388584,18.881980853476115],[98.9911510939204,18.882170647287445],[98.99135047218365,18.88230622367249]],[[98.99083776986527,18.88225197232039],[98.99095170433222,18.88225197789809],[98.99098019520466,18.88211641227515],[98.99080929216309,18.882143517310105],[98.99083776986527,18.88225197232039]],[[98.98724885469434,18.881980626885607],[98.98739127254703,18.881980636594815],[98.98759066752307,18.881845082995593],[98.98756223399941,18.881167246019004],[98.98744831036326,18.881031671344736],[98.98727740376212,18.881112999946165],[98.98722042046707,18.8813299032709],[98.98699255069023,18.881357000878406],[98.98707799069129,18.881492573850313],[98.98724888956811,18.88151969904791],[98.98724885469434,18.881980626885607]],[[98.99069536974514,18.881926604431566],[98.9907523368686,18.881926607272714],[98.99075233835637,18.88189949387065],[98.99069537124208,18.881899491029515],[98.99069536974514,18.881926604431566]],[[98.98499869366233,18.88151953117359],[98.98511262763168,18.881519540327847],[98.98511263721181,18.881411086716636],[98.98499870331581,18.881411077562436],[98.98499869366233,18.88151953117359]],[[98.98568230438946,18.881438244843768],[98.98582472178286,18.881438255752197],[98.98591018355256,18.88130269522905],[98.9857962565845,18.881221346353005],[98.9854829387224,18.881221322162833],[98.9852835617311,18.881139966283328],[98.9846284428833,18.881139913296366],[98.98448602075116,18.881194128279308],[98.98454298016576,18.881275473232307],[98.98522658061466,18.881302642188523],[98.98568230438946,18.881438244843768]],[[98.99069539968345,18.881384336375397],[98.99072388315354,18.881384337798103],[98.99072388464583,18.88135722439446],[98.99069540118035,18.881357222971754],[98.99069539968345,18.881384336375397]],[[98.98878701440988,18.881275777503145],[98.98904336547406,18.88127579278063],[98.98932821372463,18.88105890210829],[98.98941366396954,18.881058906991356],[98.98958455440594,18.881221597065025],[98.98972697161838,18.88122160498544],[98.98992636543943,18.881058935465344],[98.98995485531843,18.880950483387224],[98.98984092990321,18.880814910174333],[98.98952761953069,18.880706439176517],[98.9889579506467,18.88073351963624],[98.9888155230515,18.88089619155779],[98.9886161393397,18.88089617946183],[98.98853068548735,18.88095040102194],[98.98858763575693,18.88119442516484],[98.98878701440988,18.881275777503145]],[[98.98784707615086,18.88105881123112],[98.98804646582353,18.88097748393828],[98.98798951254642,18.88078768643481],[98.98804650620573,18.880408102425335],[98.98847377246648,18.88016410873189],[98.988445302214,18.879974313114072],[98.98804654658649,18.87983872087757],[98.98784716412617,18.879838707958015],[98.987761710563,18.879892929171156],[98.98773321353231,18.88008272114677],[98.98764775782172,18.880164055712964],[98.98767622522546,18.880380964854787],[98.98753380270817,18.88046229558289],[98.98741984719103,18.880760535373224],[98.98744832247857,18.88086899091734],[98.98767619152262,18.880841892749615],[98.98770466501087,18.880977461658183],[98.98784707615086,18.88105881123112]],[[98.99229048889485,18.881059048479504],[98.9923474557253,18.88105905083198],[98.99234746064965,18.880950597212703],[98.99226201045896,18.880950593677465],[98.99229048889485,18.881059048479504]],[[98.98545448102033,18.880923072493673],[98.98573932411286,18.880814640931348],[98.98599567221973,18.880841773813565],[98.98610961243507,18.880760442142254],[98.98622361459303,18.87991993502316],[98.98636602412418,18.8800012857383],[98.98670782723187,18.879947083662422],[98.9867932875346,18.87981152271088],[98.98673634459641,18.879513271166925],[98.98659393098552,18.879486147548814],[98.98619516023955,18.87956745860817],[98.98593880272894,18.879675893039945],[98.98573940669905,18.879838558308375],[98.98548305548894,18.879865651886256],[98.98536911322317,18.879974096588995],[98.98531208769107,18.88065192725405],[98.98522663527729,18.880679033891976],[98.9852266281475,18.880760374106938],[98.98545448102033,18.880923072493673]],[[98.99103722583656,18.880923425286984],[98.99126509578474,18.880869209317364],[98.99132207092703,18.880706531551574],[98.99095179167146,18.880625173690486],[98.99072392344492,18.88065227587211],[98.99069543411125,18.880760728071742],[98.99075239637762,18.880842071128605],[98.99103722583656,18.880923425286984]],[[98.99206264455722,18.88057099759875],[98.9921480945554,18.880571001225505],[98.99217658166377,18.880489662207125],[98.99203416635031,18.880462542756216],[98.99206264455722,18.88057099759875]],[[98.99063849147748,18.88032691071668],[98.9909802909741,18.880326927604965],[98.9910372604405,18.88027270354505],[98.99103727197485,18.88005579628763],[98.9908948616057,18.879947335740336],[98.99058154610616,18.879947320139802],[98.99055305831993,18.88002865891836],[98.99046760706366,18.88005576796646],[98.99046760092995,18.88016422159563],[98.99063849147748,18.88032691071668]],[[98.99442677373197,18.88019149576366],[98.9945407068069,18.880191499142455],[98.9945691918229,18.880137273161473],[98.99445525967656,18.880110156392636],[98.99442677373197,18.88019149576366]],[[98.9898409723941,18.880109961612774],[98.9902112594286,18.880028641245286],[98.9902397489498,18.87992018911136],[98.99004037280017,18.87981172491074],[98.98989795677892,18.87981171723084],[98.98975553087003,18.87997438988909],[98.98975552592614,18.880055730111618],[98.9898409723941,18.880109961612774]],[[98.9934583531192,18.879920330149837],[98.9936007692335,18.879920335103815],[98.99365774588149,18.879649202970395],[98.99348685310545,18.879486516610527],[98.9934014121483,18.879269606322005],[98.993230513471,18.87926960018118],[98.99317354175481,18.879405165147972],[98.99325897814988,18.879730529172907],[98.99337290878088,18.879784760083922],[98.9934583531192,18.879920330149837]],[[98.99234750989125,18.879866060950427],[98.99246144274574,18.879866065602727],[98.99240448975854,18.879567815790985],[98.99251842602189,18.879486480180915],[98.99251843203925,18.87935091313367],[98.99237602376462,18.87918822689193],[98.99229056826684,18.879323790419672],[98.99229056206622,18.87945935746724],[98.99234752712502,18.879486473228788],[98.99234750989125,18.879866060950427]],[[98.99200572032983,18.87967625271609],[98.99211965305591,18.879676257577696],[98.9921766231944,18.87959491975593],[98.99217664584647,18.879106878382686],[98.99206271733549,18.879025533324796],[98.99194878504926,18.879025528428485],[98.99172093113067,18.878808611139664],[98.99072402938748,18.878727223866107],[98.99052465281257,18.878645873582748],[98.99015437371803,18.878645854353373],[98.98964169291699,18.878428919216883],[98.98955624400534,18.87842891443922],[98.98947079001286,18.878510249858262],[98.98949926624095,18.878618705115105],[98.9897271269571,18.878672944661236],[98.98984105246797,18.878781404563213],[98.99021133343443,18.878754311005217],[98.99035374390752,18.87883565867812],[98.99080947253738,18.878835681752168],[98.99109429433626,18.878998376071355],[98.99143608976169,18.87902550553156],[98.99160698279056,18.879133966962378],[98.99169241468776,18.879486445124424],[98.99200572032983,18.87967625271609]],[[98.99781629115034,18.87954084463785],[98.99787325746813,18.879540845297882],[98.99793022478474,18.87945950571219],[98.99784477569598,18.879432391332188],[98.99781629115034,18.87954084463785]],[[98.991379106978,18.879350863820758],[98.99143607460856,18.879323753042517],[98.99140759563309,18.879242411499703],[98.99132214491273,18.87926952094288],[98.991379106978,18.879350863820758]],[[98.9941134880773,18.87932385703852],[98.99439832019941,18.87929675242414],[98.99445529267778,18.879106960259595],[98.99431287999491,18.879025615728317],[98.99402804831728,18.879052720212783],[98.99399956041499,18.879188286348185],[98.9941134880773,18.87932385703852]],[[98.99266085475547,18.879188238347773],[98.99280327025097,18.87918824391214],[98.99288872526773,18.879052680146724],[98.99283176833964,18.878835770673444],[98.99286026630888,18.87848329741701],[98.99277481969327,18.87842906729323],[98.99257543531486,18.87851039967905],[98.99260390878207,18.878727308107955],[98.9924899682412,18.878917097421468],[98.99251844527728,18.87905266562278],[98.99266085475547,18.879188238347773]],[[98.9965915251876,18.87905278484766],[98.99673394109492,18.879025673991926],[98.99667697815842,18.878862992516908],[98.99653456237941,18.87889010332952],[98.9965915251876,18.87905278484766]],[[98.99707574030863,18.87889011262415],[98.99716119036863,18.87883588712527],[98.99716119173853,18.878754546890878],[98.9970187766085,18.878754544663003],[98.99707574030863,18.87889011262415]],[[98.98573949386785,18.87880824876201],[98.98588191585183,18.87872691939295],[98.9858249680514,18.87851000777136],[98.98568255313221,18.87850999686474],[98.98562558254031,18.878564219294347],[98.9856255709796,18.87869978634992],[98.98573949386785,18.87880824876201]],[[98.99983859631554,18.878619001422926],[98.99989556232181,18.878619001463626],[98.99989556237222,18.87853766122725],[98.9998101135262,18.878429207510024],[98.99983859631554,18.878619001422926]],[[98.99736057546794,18.878591869355787],[98.99755995802757,18.87848341842902],[98.99775934681787,18.877886925845875],[98.99773086795318,18.877588677940526],[98.99738907400494,18.877588673457456],[98.99713272024253,18.878076711139823],[98.99704726485895,18.878456297585156],[98.9973605767416,18.878510529119257],[98.99736057546794,18.878591869355787]],[[98.99234756897675,18.87856461726896],[98.99240453618589,18.878537506191687],[98.9923760568757,18.878456164790144],[98.99234757390032,18.878456163620626],[98.99234756897675,18.87856461726896]],[[98.98679339800148,18.87840162539783],[98.98682188096713,18.87840162741778],[98.98682188732617,18.878320287181655],[98.98676492142235,18.878320283137423],[98.98679339800148,18.87840162539783]],[[98.98670795765656,18.878293165663553],[98.98679340862277,18.878266058337253],[98.98679341924398,18.878130491274693],[98.98665100893913,18.878076254284156],[98.98656555156364,18.87818470178358],[98.98670795765656,18.878293165663553]],[[98.9955946373557,18.87829358838004],[98.99565160325184,18.878293589720368],[98.99565160395127,18.87826647630745],[98.99559463806429,18.878266474967127],[98.9955946373557,18.87829358838004]],[[98.99530980862947,18.878266468003847],[98.99545222407836,18.87823935812701],[98.99562312875184,18.877968228092158],[98.99568010009666,18.87775132211059],[98.99548071719398,18.877859771030987],[98.9953098124015,18.87813090093814],[98.99530980862947,18.878266468003847]],[[98.99590795834101,18.877941121161726],[98.9960503740542,18.877886897411905],[98.99610734231737,18.877778444955702],[98.99607886324044,18.877615763869727],[98.99590796294827,18.87775132726239],[98.99590795834101,18.877941121161726]],[[98.9927463798907,18.87742586987397],[98.99283182944757,18.87739875977079],[98.99280335243834,18.877263191593382],[98.99271790294564,18.87729030168391],[98.9927463798907,18.87742586987397]],[[98.99750300813233,18.877398881114765],[98.9977593536653,18.877371770963332],[98.99781631995248,18.877317544809323],[98.99778783859247,18.877209090809057],[98.99773087379262,18.877154863290603],[98.9975599764734,18.877209087959955],[98.9975030101404,18.877263314036092],[98.99750300813233,18.877398881114765]],[[98.98582511396688,18.876774749274105],[98.98591056430492,18.87674764234851],[98.98585361258402,18.87658495752436],[98.98579664498249,18.87661206660105],[98.98582511396688,18.876774749274105]],[[98.98368894890672,18.876394986408414],[98.98377439678532,18.876394993880417],[98.9837743993949,18.87636788046299],[98.98371743677038,18.876340762068512],[98.98368894890672,18.876394986408414]],[[98.98790437957452,18.87636819481944],[98.98810375984324,18.876341094257384],[98.98821769978854,18.87620553441638],[98.98821770926317,18.87606996732309],[98.9879613661167,18.876069950912022],[98.9879613583721,18.87617840458671],[98.98784742019362,18.87628685085286],[98.98790437957452,18.87636819481944]],[[98.98722079869806,18.876341035701785],[98.98756259410932,18.87628683202942],[98.98759109268342,18.87606992658358],[98.98710688896382,18.876069893657505],[98.98707839392314,18.876232572192443],[98.98722079869806,18.876341035701785]],[[98.9896703154473,18.876151393904077],[98.98975576320453,18.8761513986288],[98.98981273329123,18.876070061500158],[98.9896703204312,18.876070053647467],[98.9896703154473,18.876151393904077]],[[98.98998362872334,18.87607007077949],[98.99052479759237,18.876070099128395],[98.99063873691398,18.875907424380173],[98.9907811526023,18.875853204652238],[98.9908381279874,18.875663413526308],[98.99061027400067,18.875554948484154],[98.99052483568842,18.875392263627266],[98.99041090894247,18.875338030947912],[98.99038243113418,18.87525668921384],[98.99049636698626,18.875148241382053],[98.99043940676619,18.875066898197957],[98.98975583898951,18.874904181282368],[98.98949948917092,18.875039734102348],[98.98972734339826,18.875121087088512],[98.98984126651011,18.8752295470306],[98.98998367866021,18.875229554752103],[98.9900406467236,18.87517533096709],[98.9902115396747,18.87520245345825],[98.99021153495217,18.875283793722573],[98.99009759723276,18.87541935479918],[98.98986973590688,18.875446455952716],[98.98981276769689,18.875500679683743],[98.98984124527144,18.875582021502773],[98.99006909879952,18.875690487486242],[98.99006909400812,18.87577182774627],[98.98995515584421,18.87590738872834],[98.98998362872334,18.87607007077949]],[[98.98670815433702,18.875798731404743],[98.98676511938875,18.875798735465843],[98.98676514705896,18.875446261005745],[98.9865657762764,18.87536490645403],[98.9864803093504,18.875608921047757],[98.98670815433702,18.875798731404743]],[[98.99152170261557,18.875771899614076],[98.99172108026806,18.875771908593098],[98.99183502217336,18.87552789284464],[98.9920059183425,18.875500786845347],[98.99203440722373,18.87536522096189],[98.99189199626214,18.875338101388824],[98.99177806117903,18.875446550073388],[98.9914932337747,18.87550076410998],[98.99143626193653,18.87563632859955],[98.99152170261557,18.875771899614076]],[[98.98884435096215,18.875690418079547],[98.98938552714586,18.87555488264048],[98.98949946215178,18.875473548843814],[98.98949947566145,18.87525664147561],[98.98932859306733,18.875066837800723],[98.98910072508353,18.87520239170011],[98.98901526544147,18.875392180623045],[98.98890133025712,18.875473514123815],[98.98884435096215,18.875690418079547]],[[98.98730630575382,18.87555475239718],[98.98739175523563,18.87552764478718],[98.98744873432554,18.875337854694482],[98.98736328698132,18.8753378489104],[98.98727783145316,18.87544629677002],[98.98730630575382,18.87555475239718]],[[98.98685059868734,18.87539204022335],[98.98693604605883,18.875392046242908],[98.98693605026075,18.87533781940135],[98.98685060503144,18.87531069996093],[98.98685059868734,18.87539204022335]],[[98.99476872441365,18.875311091094574],[98.99488265419014,18.87531109426313],[98.99491113827105,18.875256868201145],[98.99485417505622,18.87520263979078],[98.99465479807564,18.87520263416953],[98.99462632083498,18.875039952816614],[98.99479721773496,18.874958617406712],[98.99479722024505,18.874877277138687],[98.99465480925049,18.87485015967896],[98.9946263286126,18.874795932012624],[98.99439846795434,18.87485015213785],[98.99419908206184,18.875121280252845],[98.9942275616889,18.875202621404537],[98.9946832796464,18.87522974840745],[98.99476872441365,18.875311091094574]],[[98.99388576962991,18.875283950751218],[98.9939712169484,18.87528395353969],[98.99402818662932,18.875148388268016],[98.99382881269051,18.875067041495413],[98.99382881566783,18.874985701228475],[98.99374337151905,18.874904358107013],[98.99354399592983,18.87487723787281],[98.99354400631208,18.874606103641547],[98.99340159468728,18.87460609864546],[98.99328765459302,18.87487722880122],[98.99328763948044,18.87525681671153],[98.99340156921996,18.875256820787037],[98.993515502088,18.875175484527546],[98.99371487903608,18.87517549136968],[98.99388576962991,18.875283950751218]],[[98.98887286210183,18.87525660505476],[98.98890134453633,18.875256606756036],[98.9889013481061,18.875202379913297],[98.98887286568076,18.875202378212023],[98.98887286210183,18.87525660505476]],[[98.99063877756251,18.875175362023796],[98.9907242248253,18.87517536630349],[98.99075271022053,18.87512114087782],[98.9906387820789,18.87509402175842],[98.99063877756251,18.875175362023796]],[[98.99508204316257,18.874904398308242],[98.99533838454148,18.874904404907554],[98.99536686989727,18.874795951927435],[98.99508204711701,18.87476883119363],[98.99502508161191,18.874795943102242],[98.99502507921176,18.874877283371],[98.99508204316257,18.874904398308242]],[[99.00436728072319,18.874253689880366],[99.00448120906465,18.874226573746586],[99.00450968914997,18.87414523278392],[99.00445271821124,18.87390121332813],[99.00450967174545,18.87349451056237],[99.00445270603888,18.873440285080452],[99.0043387782241,18.87346740119895],[99.00419637835739,18.873901219286136],[99.00419638443073,18.87414524011399],[99.00436728072319,18.874253689880366]],[[99.00584835194536,18.874063855246654],[99.0061046920458,18.874063847012625],[99.00616165354,18.87398250485918],[99.00610468615568,18.8739011664605],[99.00601923953799,18.873901169244395],[99.0058768313436,18.873982514073457],[99.00584835194536,18.874063855246654]],[[98.98454365389317,18.87392773804367],[98.98468606740335,18.87390063639472],[98.984686087104,18.873683728994006],[98.98454366632063,18.8737921709193],[98.98454365389317,18.87392773804367]],[[99.000493691175,18.873765698823494],[99.0005791377245,18.873765698577152],[99.00083547629825,18.873548790191066],[99.00080699350289,18.873413223181956],[99.00057913614134,18.873304770321393],[99.0002088687387,18.87327765767793],[99.0000949402747,18.873169204060066],[98.99998101194505,18.87316920408332],[98.99983860142919,18.87327765772516],[98.99983860135133,18.87335899800749],[99.00000949404273,18.87344033835886],[99.00023735103026,18.8734132247806],[99.00040824410029,18.87354879161896],[99.000493691175,18.873765698823494]],[[98.99001225906602,18.873575637427148],[98.99009770870259,18.873521415141486],[98.9900977150719,18.87341296143508],[98.99004075242708,18.873385844967963],[98.98995530284091,18.873440067228284],[98.99001225906602,18.873575637427148]],[[98.9992974406115,18.873494563886727],[98.999411369161,18.873494564282026],[98.9994113693503,18.873440337428022],[98.99932592296567,18.87344033713808],[98.9992974406115,18.873494563886727]],[[98.99841449460813,18.873467445030904],[98.99864235167037,18.873467446833015],[98.9986993165634,18.87338610695859],[98.99869931907322,18.873060745826045],[98.99861387354963,18.872979404924227],[98.99847146329792,18.872979403808838],[98.998442979495,18.873169197569677],[98.99830056744337,18.873331876889242],[98.99841449460813,18.873467445030904]],[[98.99790181655555,18.87344032652891],[98.9980442278255,18.87338610122602],[98.99795878278132,18.873277646598705],[98.99787333613723,18.873304759069214],[98.99790181655555,18.87344032652891]],[[98.99710432022589,18.873250521835416],[98.99727521280256,18.87325052441647],[98.99733217828178,18.873169184958755],[98.99710432395091,18.873033614412048],[98.9970473588824,18.87308784037315],[98.99710432022589,18.873250521835416]],[[99.00072154585571,18.873114975829353],[99.0008069919457,18.873087862050312],[99.00086395538841,18.872952294652993],[99.00097788309976,18.87287095380326],[99.00097788247079,18.872762500087667],[99.00075002599931,18.87268116085811],[99.00069306121927,18.872491367072],[99.00029431381044,18.87257270841915],[99.00006645809611,18.872925183218335],[99.00006645813886,18.873033636932053],[99.00055065315057,18.87303363612912],[99.00072154585571,18.873114975829353]],[[99.00439573330051,18.87311492530517],[99.00453814220683,18.873060695030258],[99.0045381392879,18.872952241317208],[99.0043672463116,18.872925131978246],[99.00439573330051,18.87311492530517]],[[98.9888160411134,18.873087527684113],[98.98898693352189,18.873087537877442],[98.98901542088893,18.87300619927787],[98.98884452856286,18.873006189110754],[98.9888160411134,18.873087527684113]],[[98.98628114589218,18.87297890434191],[98.98642355613946,18.872978914787314],[98.98645204472442,18.87289757657996],[98.98628115692205,18.872843337202678],[98.98628114589218,18.87297890434191]],[[98.99411371055173,18.87295220355249],[98.99419915762132,18.87292509280755],[98.99417067839232,18.872843751631727],[98.99405674932753,18.872870861456278],[98.99411371055173,18.87295220355249]],[[98.99775941239982,18.87295228316852],[98.99793030467433,18.872952285147875],[98.99798726941313,18.87289805891564],[98.99798727167862,18.872708264913165],[98.99775941600262,18.872681148879703],[98.99767396888073,18.87276248811865],[98.99767396738464,18.872870941834172],[98.99775941239982,18.87295228316852]],[[98.99380041104082,18.87287085309201],[98.99388585713638,18.872870855919338],[98.99388585910266,18.872816629062],[98.99397130614014,18.87278951842129],[98.99405676175103,18.872518386877832],[98.99417068964034,18.872518390481858],[98.99422765822581,18.87238282510856],[98.9945124768379,18.872409947156182],[98.99462640638212,18.872355723621073],[98.99454096493638,18.872220153982294],[98.99439855352516,18.872274376610676],[98.9943700743098,18.8721930354597],[98.99422766472287,18.87219303109644],[98.99422767121986,18.87200323708045],[98.99451248830846,18.872057472560016],[98.9946549055159,18.871813455823123],[98.99525302367199,18.871840585474448],[98.99530998663367,18.871867700350524],[98.99522453951056,18.87192192504027],[98.99525301909239,18.872003266062933],[98.99539542851927,18.87200326964142],[98.99545239521488,18.871894817316928],[98.99562328641727,18.871894821414905],[98.9956517703818,18.87181348178777],[98.99471187262357,18.87170500372322],[98.99468339933696,18.87143386858747],[98.99459795657513,18.871352525827792],[98.99405681048674,18.87113560186436],[98.99442707398687,18.87110849988779],[98.9945409982906,18.871189843565737],[98.99471188877834,18.87118984850055],[98.99474037390893,18.87108139557304],[98.99462644958226,18.8710000520162],[98.9943701141392,18.87100004443751],[98.99428467174828,18.870918701530282],[98.99391441059896,18.870891576355625],[98.99388592595234,18.870972915724703],[98.99399984797391,18.871108486602644],[98.993857439303,18.8711084819563],[98.9937150265901,18.87121693093518],[98.99354414126516,18.871081357916964],[98.99345869081779,18.87121692210089],[98.99345867924862,18.871515169863308],[98.9936295700657,18.871515175792176],[98.99365804880948,18.871596517062276],[98.99377197507448,18.87162363434249],[98.99377197207032,18.87170497463878],[98.99365804065181,18.87181342451805],[98.99365803351375,18.872003218537706],[98.99351562408734,18.872003213629547],[98.99345865505784,18.87213877879024],[98.99348711287962,18.872762388674538],[98.9935725558196,18.87284373193203],[98.99380041104082,18.87287085309201]],[[98.99493969394341,18.872816660706015],[98.99496817596616,18.872816661478424],[98.99496817677526,18.872789548049585],[98.9949396947571,18.87278954727718],[98.99493969394341,18.872816660706015]],[[98.99491121355719,18.8727624330715],[98.99499665959796,18.872762435388715],[98.994996661207,18.872708208530646],[98.99493969801182,18.87268109356105],[98.99491121355719,18.8727624330715]],[[98.99938288970287,18.87276250163393],[98.9995537818569,18.872735388693123],[98.99955378307665,18.87227446038637],[98.99929744422657,18.872626934184648],[98.99938288970287,18.87276250163393]],[[98.99969619185373,18.87276250240924],[98.99986708393601,18.87276250260979],[98.99995253003057,18.87257270864585],[98.99969619234223,18.8724913681147],[98.99961074618813,18.87259982167433],[98.99969619185373,18.87276250240924]],[[98.98887303208757,18.872680829676447],[98.9890439240839,18.87268083981722],[98.98927178697939,18.872572399378186],[98.98995536260227,18.872436870387503],[98.99018321826854,18.872436882548126],[98.99015473156105,18.87251822133177],[98.99032562183767,18.872545343724667],[98.99043955589327,18.87243689589531],[98.99043956050507,18.872355555606063],[98.99055349132126,18.872301334564856],[98.99055349739697,18.872192880844096],[98.98978448727856,18.872165726784242],[98.98910091437045,18.87227414172165],[98.98884456802563,18.8724096936793],[98.98881607168549,18.8726265994036],[98.98887303208757,18.872680829676447]],[[98.9942561300158,18.872681073715484],[98.99471184201305,18.872681087224887],[98.99479729135888,18.87257263591627],[98.99419916974719,18.872572618231068],[98.99419916694893,18.872653958519134],[98.9942561300158,18.872681073715484]],[[98.99579415800794,18.872681114836617],[98.99590808666548,18.872654003947634],[98.99607898242027,18.872491327049953],[98.99607898431171,18.872409986760246],[98.99590809258711,18.872409983080672],[98.99590809390301,18.87235575622048],[98.9958226487399,18.87232864089163],[98.9952245287606,18.87230151307231],[98.99508212461718,18.87211171534893],[98.99491123401333,18.872084597323017],[98.99493971103051,18.872247278683894],[98.99476881610653,18.872355727679196],[98.99479729470515,18.872464182197636],[98.99493970289387,18.872518412984487],[98.99545237766556,18.872545539650197],[98.99579415800794,18.872681114836617]],[[98.98639510034167,18.872653551569332],[98.98656599230877,18.87265356398587],[98.98676537903896,18.872490897700146],[98.98670843220245,18.872273986204345],[98.98648057675913,18.87227396978883],[98.9864520795798,18.872463761723367],[98.98636662492375,18.872572209198474],[98.98639510034167,18.872653551569332]],[[98.998784768392,18.87262693154265],[98.99887021436442,18.872626932081076],[98.99887021509107,18.872518478362647],[98.99878476917361,18.872518477824226],[98.998784768392,18.87262693154265]],[[99.004367235778,18.872518430541753],[99.00445268169521,18.872518428516663],[99.00442419687727,18.872409975476664],[99.00436723296909,18.872409976822354],[99.004367235778,18.872518430541753]],[[98.99906958964654,18.87238291231656],[98.99912655382661,18.87232868573219],[98.99901262622365,18.872301571732166],[98.99901262590612,18.87235579859281],[98.99906958964654,18.87238291231656]],[[99.00562043804383,18.872382829758877],[99.0057058829747,18.872355713728265],[99.00567739372676,18.872138807156063],[99.00556346609385,18.87213881059725],[99.00562043804383,18.872382829758877]],[[98.99587962057092,18.872003280993038],[98.99630684944586,18.871976176531618],[98.99636381379219,18.87194906422215],[98.99636381613084,18.87184061049602],[98.9962783717538,18.87178638194317],[98.99599355262188,18.871813489460546],[98.99585114202098,18.87186771320319],[98.99587962057092,18.872003280993038]],[[99.00442418620663,18.872003274017707],[99.00453811374817,18.872003271274078],[99.00456659269649,18.871894816851906],[99.00442418336117,18.871894820292322],[99.00442418620663,18.872003274017707]],[[98.99915503753327,18.871976211262876],[98.99926896517441,18.871949098313955],[98.99924048378658,18.87184064447354],[98.99904111078058,18.871840643552954],[98.99915503753327,18.871976211262876]],[[99.00431025450679,18.871840596103002],[99.00436721822263,18.871840594774802],[99.00436721752043,18.8718134813431],[99.00431025381376,18.8718134826713],[99.00431025450679,18.871840596103002]],[[98.99926896611476,18.87173219086002],[98.99941137550246,18.871677964500723],[98.99949682131763,18.8715695110219],[98.99975315758783,18.87159662497099],[98.99975315766721,18.871542398105923],[98.99955378551601,18.871352603704434],[98.99941137673281,18.87132548987525],[98.99938289525947,18.8712441494829],[98.99929744987476,18.87127126261336],[98.99918352164593,18.871515283045742],[98.99918352098953,18.87165085020819],[98.99926896611476,18.87173219086002]],[[98.99798728559465,18.871542387384547],[98.99827210367076,18.871542390247264],[98.9982721042264,18.871488163381905],[98.99807273287674,18.871379707692142],[98.99787336007388,18.871406818953446],[98.99784487759614,18.871461045491575],[98.99798728559465,18.871542387384547]],[[98.99021175688561,18.871460800531473],[98.99032568405936,18.871460806489385],[98.99052506575406,18.871298136151598],[98.99046811601517,18.871054112342716],[98.99052509774525,18.87072875404225],[98.99058206108488,18.870728756933897],[98.99063903044468,18.870620306069004],[98.99032572916741,18.870674516914836],[98.99015483287205,18.87078296169053],[98.9901548217917,18.87097275572954],[98.99009785677764,18.870999866140895],[98.99004088213778,18.871189657135506],[98.99021175688561,18.871460800531473]],[[99.00052216101628,18.86978002425061],[99.00069305007617,18.86978002369265],[99.00069304985331,18.869725796817022],[99.00055064208364,18.86964445697883],[99.00037975267271,18.869427549898408],[99.00015190102025,18.869373323346178],[98.9999525309159,18.869427550279813],[98.99995253089301,18.86950889059575],[99.00009493829029,18.869644457769258],[99.00043671627571,18.869698684157164],[99.00052216101628,18.86978002425061]],[[98.99938290200606,18.869400435823916],[98.99952530938805,18.869346209363798],[98.99958227253012,18.86923775574374],[98.99955379132692,18.869156415359317],[98.99938290319655,18.8690750745521],[98.99918353346006,18.86907507378422],[98.99912657039738,18.869129300405014],[98.99915505111828,18.869264867733683],[98.99938290200606,18.869400435823916]],[[98.99852846146885,18.86907506975736],[98.99861390608727,18.869020843533644],[98.99855694401971,18.868939502780485],[98.99849998128367,18.86893950233007],[98.99852846146885,18.86907506975736]],[[98.99425628885079,18.868017562732547],[98.99445565733627,18.868017568778637],[98.99445565911881,18.867963341892988],[98.9942278113502,18.867909108079818],[98.99425628885079,18.868017562732547]],[[98.99385758446412,18.867122806347112],[98.99397150967756,18.867095696626706],[98.99397151161567,18.867041469735742],[98.99382910637885,18.867041465068677],[98.99385758446412,18.867122806347112]],[[98.9936582180559,18.8670956862153],[98.99368669911242,18.867095687183586],[98.99368670012724,18.867068573738152],[98.99365821907531,18.86706857276987],[98.9936582180559,18.8670956862153]],[[98.99303167065648,18.86622803351874],[98.99325951901972,18.8662009284617],[98.99343041289995,18.865984026985462],[98.99354433741279,18.865956917523004],[98.99351586175969,18.86582134928854],[98.99360131148305,18.8656315580999],[98.99340195006012,18.865523097340283],[98.9933734724644,18.86544175597831],[98.99354435920306,18.86538753508302],[98.99357284616934,18.865224855365103],[98.99368677217599,18.865143518911115],[98.99394309969165,18.86511641397747],[98.99402854473797,18.86503507638433],[98.99394310747967,18.864899506365656],[98.99354437995498,18.86484526606021],[98.99345893372013,18.864953716884365],[98.99314564387365,18.86500793251441],[98.99308867468984,18.865197724566194],[98.9930886569161,18.865631539770156],[98.99283233078492,18.865604416626137],[98.9926899208868,18.865739978335235],[98.99257599757665,18.86573997382613],[98.99254751914484,18.865685745789264],[98.99243359465518,18.865712854642393],[98.99254750956193,18.86590265338215],[98.99251901908725,18.866119559827432],[98.99260445819591,18.866200903586165],[98.99303167065648,18.86622803351874]],[[98.99864241191113,18.865984137975033],[98.99878481664673,18.865929912061517],[98.99881329807882,18.865848571898105],[98.9987563369863,18.86576723117833],[98.99858545176471,18.86579434340745],[98.99855696976806,18.8659299104345],[98.99864241191113,18.865984137975033]],[[98.99553800006377,18.8658756356472],[98.99573736738826,18.865821413421553],[98.9959082570407,18.86563162311035],[98.9953101607972,18.865604495551565],[98.99508231198752,18.86568583002021],[98.99513926971818,18.865821398763266],[98.99542407813243,18.865821405983095],[98.99553800006377,18.8658756356472]],[[98.99639242616195,18.865848540719867],[98.99647786983235,18.86579431545789],[98.99647787209683,18.865685861660108],[98.99636394823807,18.865712972919038],[98.99639242616195,18.865848540719867]],[[98.99425636363486,18.865821373612256],[98.99439876964236,18.865767151053717],[98.99451270355509,18.865441793049957],[98.99451271502063,18.865089318190144],[98.99437031776557,18.864899519776838],[98.99428486009252,18.865360445842388],[98.99411396888878,18.865550234668284],[98.99394308119467,18.865631569535285],[98.99408547953732,18.865794254811416],[98.99425636363486,18.865821373612256]],[[98.99767406610427,18.86571299390145],[98.99804431680587,18.86571299815996],[98.99815824069074,18.86565877242282],[98.9981582412828,18.86560454552322],[98.99790191572492,18.865468975560006],[98.99781647618657,18.86525206697262],[98.99775951469582,18.86525206629569],[98.99761710828794,18.865441858681443],[98.9973607791702,18.865577422474107],[98.99750318156643,18.865685878237986],[98.99767406610427,18.86571299390145]],[[98.99795888516246,18.864818253364156],[98.99824369188386,18.864818256269352],[98.99832913470594,18.864736916699073],[98.99835761800404,18.864465782424535],[98.9985854631325,18.86443867084221],[98.99821521637512,18.86433021384664],[98.99784496836206,18.864357323381903],[98.99778800610689,18.864438663073877],[98.99790192719027,18.86454711820525],[98.99795888516246,18.864818253364156]],[[98.9984145771908,18.864682690541457],[98.99852850026085,18.86462846457163],[98.99850002058507,18.86452001053278],[98.99835761721214,18.86454712278377],[98.9984145771908,18.864682690541457]],[[98.99254756945298,18.864546980843777],[98.99266149195746,18.864546985370012],[98.9926899772831,18.864438532679042],[98.99251910205255,18.864248731716437],[98.99246213968956,18.864275842872054],[98.99246213363213,18.86441141013869],[98.99254756945298,18.864546980843777]],[[98.99644941638803,18.864492869260033],[98.99650637818387,18.86446575688472],[98.99650637930685,18.864411529978256],[98.99644941809998,18.864411528900447],[98.99644941638803,18.864492869260033]],[[99.0004651812466,18.863706612368237],[99.00055062270005,18.86370661213511],[99.00055062252306,18.86365238522412],[99.0004082200808,18.86362527213527],[99.0004651812466,18.863706612368237]],[[99.00456635119285,18.862974493617916],[99.00465179227525,18.862974491502424],[99.0046802703796,18.862893150415825],[99.00453786864423,18.862893153941624],[99.00456635119285,18.862974493617916]],[[99.01259780071304,18.862811442605814],[99.01285412164127,18.862784311625557],[99.01291107399788,18.8626758538534],[99.01299651283851,18.86264873445016],[99.01299650448415,18.862540280618358],[99.01282561864068,18.862486065553618],[99.0129680137773,18.862404715312987],[99.01296800544135,18.862296261478328],[99.01282560009078,18.86224204442587],[99.0127401675706,18.86235050412816],[99.01276865398131,18.86243184255256],[99.01268321317555,18.862431848393406],[99.01254079974056,18.862269177288734],[99.01239839853478,18.86226918682729],[99.01234144201904,18.86232341752999],[99.012398408497,18.86240475412111],[99.01205663564058,18.86226920927541],[99.0120281611982,18.862350551494394],[99.01236993419661,18.86248609639111],[99.012455391043,18.862702998358106],[99.01259780071304,18.862811442605814]],[[99.00590490347648,18.862269506050662],[99.00593338371822,18.862269505145104],[99.00599034131373,18.8621881629422],[99.0058194599457,18.86218816836249],[99.00590490347648,18.862269506050662]],[[99.00681627121116,18.862269474911457],[99.00693019217788,18.86226947070534],[99.00693015654075,18.861401839964216],[99.00707255588031,18.861374721146838],[99.00707254906129,18.861212040373463],[99.00712950689633,18.86115781127574],[99.00710102341911,18.861076471976016],[99.00698710213517,18.861049362823508],[99.00681622739734,18.861184936472167],[99.0068731974548,18.861428955537768],[99.00681623944585,18.861483184555556],[99.00681624601785,18.861645865324284],[99.00667385177051,18.86180855124966],[99.00681626354353,18.86207968069369],[99.00681626792502,18.862188134532882],[99.00675930746911,18.86218813660979],[99.00681627121116,18.862269474911457]],[[98.99459825180142,18.86213395403215],[98.99465521223918,18.862133955676246],[98.99465521309808,18.862106842216328],[98.99459825353753,18.862079727112253],[98.99459825180142,18.86213395403215]],[[99.00368343810555,18.861971315200535],[99.00376887868002,18.861971313490372],[99.00391127460921,18.861754402867227],[99.00379735459993,18.861781518686833],[99.00368343810555,18.861971315200535]],[[99.00861050429374,18.86183558520859],[99.00903770246126,18.861754224577243],[99.00903769519965,18.861618657272466],[99.0088668115599,18.861564438567296],[99.00883832291576,18.861401759152223],[99.0087813613145,18.861374648385883],[99.00855353570995,18.861672907069686],[99.00861050429374,18.86183558520859]],[[99.00405366821809,18.86145615174486],[99.00416758796649,18.861429035767504],[99.00416758662708,18.861374808843404],[99.00405366561252,18.861347697896644],[99.00405366821809,18.86145615174486]],[[99.00638903473127,18.861401859321422],[99.00647447501701,18.861401856369586],[99.00678774188509,18.86104937019895],[99.00690165426485,18.860859571767975],[99.00684468765834,18.860696893088416],[99.00673076775338,18.860696897241873],[99.00664533102808,18.860778240702835],[99.00661685635437,18.860913809035026],[99.0064744625323,18.861076494820534],[99.00638903473127,18.861401859321422]],[[99.00843960022831,18.861374664192873],[99.00872440113349,18.86137465106395],[99.00875286997187,18.861157742029512],[99.00858198689036,18.861103523059985],[99.00841111067658,18.86118487124652],[99.0083541572718,18.861320441122615],[99.00843960022831,18.861374664192873]],[[99.00120565698647,18.861347738125694],[99.00129109724533,18.861347737552755],[99.00131957690753,18.861293510428364],[99.0012341364778,18.861266397551905],[99.00117717652185,18.861293511383256],[99.00120565698647,18.861347738125694]],[[99.00906614036666,18.860967932797358],[99.00920854047578,18.860967925808257],[99.00932245457098,18.860859466285834],[99.00923699971779,18.860588335907224],[99.00906612142805,18.86061545777114],[99.00906614036666,18.860967932797358]],[[99.00146197423918,18.860941034346318],[99.0015758940565,18.860913919953372],[99.00154741304884,18.86080546633751],[99.00143349330015,18.86083258071335],[99.00146197423918,18.860941034346318]],[[99.00149045258033,18.860751239874382],[99.00157589253713,18.860751239170764],[99.00157589228391,18.860724125706717],[99.00151893207779,18.860697012716038],[99.00149045258033,18.860751239874382]],[[99.00536372199669,18.860480033931182],[99.00547763911501,18.86039869021987],[99.00547763471418,18.86026312289431],[99.00539219587131,18.860290238853775],[99.00536372199669,18.860480033931182]],[[99.00584787909224,18.860425792423385],[99.0059902787449,18.86042578789604],[99.00607571560766,18.860344444732572],[99.00607570779758,18.86012753700969],[99.00590482756766,18.860100429042042],[99.00579091085666,18.86018177301723],[99.00579091737016,18.860371567274022],[99.00584787909224,18.860425792423385]],[[99.00667369413752,18.85782287166663],[99.00673065311992,18.857822869616374],[99.00673065095722,18.857768642671527],[99.00670217147518,18.85776864369883],[99.00667369413752,18.85782287166663]]]}},{"type":"Feature","properties":{"class_id":"R3","feature_id":131247,"display_clip":true,"source_area_ha":10928.781,"highlight_area_ha":472.2931},"geometry":{"type":"GeometryCollection","geometries":[{"type":"Polygon","coordinates":[[[98.9016079852282,18.81734365316555],[98.9061351332305,18.817345986157804],[98.90613514827606,18.817318872604183],[98.90616362090253,18.81731888692939],[98.9061636359435,18.817291773375654],[98.90627752643138,18.817291830632925],[98.90627749638594,18.817346057740483],[98.90656222269874,18.81734620057988],[98.90656223767583,18.817319087025922],[98.90661918292957,18.817319115541608],[98.90661916796161,18.817346229095605],[98.90664764059308,18.817346243346957],[98.92010570712782,18.817352492976102],[98.92010574554642,18.817271152284803],[98.92008676379376,18.817271144153906],[98.92008677660296,18.81724403058999],[98.92002983135414,18.81724400618574],[98.9200298185358,18.81727111974962],[98.91985898276248,18.817271046432456],[98.9198589956082,18.81724393286869],[98.91983052298396,18.817243920633967],[98.91983053583421,18.817216807070142],[98.91980206321453,18.817216794831097],[98.91980211463358,18.8171083405751],[98.91977364203221,18.81710832833178],[98.91977369346915,18.8169998740746],[98.91980216605229,18.81699988631784],[98.9198021789069,18.816972772753335],[98.91983065148548,18.81697278499221],[98.91983066433554,18.816945671427597],[98.91991608205772,18.816945708118094],[98.91991606922137,18.81697282168276],[98.91994454180006,18.81697283390425],[98.91994450330459,18.817054174597835],[98.91997297589698,18.81705418681504],[98.919972937415,18.817135527507972],[98.9200014100211,18.817135539720883],[98.9200013971983,18.81716265328505],[98.92002986980899,18.81716266549364],[98.92002985699072,18.81718977905775],[98.92010578396483,18.817189811592783],[98.92010655229161,18.815562997603717],[98.9200875707306,18.81556298947361],[98.92008758353843,18.815535875904732],[98.92003063886462,18.815535851502865],[98.92003065168154,18.815508737933946],[98.92000217934924,18.81550872572651],[98.9200021921707,18.81548161215754],[98.91997371984299,18.815481599945773],[98.91997373266899,18.815454486376744],[98.91994526034584,18.815454474160653],[98.91994531166792,18.8153460198838],[98.92000225627771,18.815346044311482],[98.92000226909904,18.815318930742034],[98.92003074139942,18.815318942949343],[98.92003072858263,18.815346056518806],[98.92008767319255,18.815346080920417],[98.9200876603849,18.815373194489837],[98.9201066419246,18.815373202619853],[98.9201074613765,18.813637934017176],[98.9199745919616,18.813637877072125],[98.91997460478613,18.813610763497735],[98.91994613277328,18.81361075128293],[98.91994614560234,18.813583637708486],[98.91991767359407,18.81358362548935],[98.9199177120948,18.81350228476559],[98.91994618408938,18.81350229698467],[98.91994619691835,18.813475183409906],[98.91997466890838,18.81347519562462],[98.91997469455714,18.81342096847482],[98.92003163851902,18.81342099289113],[98.92003162570379,18.8134481064661],[98.92008856967489,18.81344813086507],[98.92008854406261,18.81350235801486],[98.9201075253924,18.81350236614401],[98.9201114293279,18.805232722159815],[98.92009244892563,18.805232714034496],[98.92009243612613,18.80525982763328],[98.91995008308649,18.805259766631774],[98.91995007026416,18.80528688023038],[98.91992159965174,18.805286868017035],[98.91992158682483,18.80531398161555],[98.91989311620787,18.80531396939784],[98.91989310337638,18.805341082996254],[98.91983616213341,18.805341058547764],[98.91983617497402,18.805313944949386],[98.91980770435713,18.80531393271865],[98.91980771720227,18.805286819120216],[98.91977924658997,18.805286806885146],[98.91977927228932,18.805232579688074],[98.9198077428925,18.8052325919231],[98.9198077557376,18.805205478324428],[98.91983622633624,18.80520549055509],[98.91983623917675,18.80517837695632],[98.919893180365,18.80517840140458],[98.91989319319636,18.805151287805696],[98.91992166378596,18.80515130002329],[98.91992168943949,18.80509707282524],[98.91995016002,18.805097085038458],[98.91995022413063,18.804961517041864],[98.91997869468835,18.80496152925064],[98.91997872032333,18.80490730205142],[98.92011158288375,18.804907358968126],[98.92011186439461,18.80431085975392],[98.9200928840957,18.80431085162903],[98.92009290969314,18.804256624425868],[98.92006443925389,18.80425661223496],[98.92006446486039,18.804202385031523],[98.92000752400021,18.804202360636737],[98.92000749837548,18.804256587840094],[98.9199790279363,18.804256575636145],[98.91997897666835,18.80436503004184],[98.91995050621097,18.804365017833472],[98.91995046774609,18.804446358636863],[98.91992199727503,18.804446346424104],[98.9199219844488,18.80447346002505],[98.91989351397321,18.804473447807926],[98.91989348831157,18.80452767500956],[98.91986501782688,18.804527662788054],[98.91986500499146,18.80455477638873],[98.91983653450224,18.804554764162866],[98.91983650882221,18.804608991363946],[98.91977956782559,18.804608966899107],[98.91977955497642,18.804636080499492],[98.91972261397076,18.80463605601724],[98.91972260111245,18.804663169617513],[98.91975107161984,18.804663181860825],[98.91975105876608,18.804690295461036],[98.91977952927803,18.804690307700028],[98.91977949073028,18.804771648500243],[98.91980796125596,18.804771660734946],[98.91980794841122,18.804798774334877],[98.91983641894147,18.80479878656526],[98.91983638042082,18.80488012736464],[98.9198079098769,18.8048801151342],[98.91980789703207,18.80490722873382],[98.9196370737416,18.804907155259887],[98.9196370608694,18.80493426885931],[98.91952317865794,18.804934219789747],[98.91952319154838,18.8049071061904],[98.91946625045192,18.8049070816296],[98.91946632784885,18.804744400032074],[98.919437857328,18.804744387745277],[98.91943787023197,18.804717274145435],[98.91940939971572,18.804717261854307],[98.91940941262423,18.804690148254398],[98.91938094211255,18.804690135958957],[98.91938098085164,18.804608795158828],[98.91935251035366,18.804608782859095],[98.9193525232712,18.804581669258916],[98.91932405277781,18.804581656954866],[98.9193240656999,18.804554543354623],[98.91923865423352,18.804554506416444],[98.91923866716927,18.804527392816187],[98.91921019668509,18.804527380494797],[98.91921022256561,18.804473153294076],[98.91918175209057,18.80447314096838],[98.91918177798013,18.804418913767382],[98.91921024844605,18.80441892609304],[98.91921026138624,18.804391812492405],[98.91923873184763,18.8043918248137],[98.91923874478323,18.804364711212965],[98.91940956752462,18.804364785049426],[98.91940958043286,18.8043376714485],[98.91943805088528,18.80433768373936],[98.9194380379816,18.804364797340302],[98.9194665084386,18.80436480962684],[98.91946649553948,18.804391923227726],[98.91955190692428,18.804391960061327],[98.91955189403883,18.804419073662192],[98.91969424637009,18.80441913496477],[98.91969425923274,18.804392021363807],[98.91972272969451,18.80439203361128],[98.91972275541066,18.804337806409094],[98.91975122586331,18.804337818652176],[98.91975123871678,18.804310705050945],[98.91977970916491,18.80431071728967],[98.91977974771153,18.804229376485445],[98.919808218146,18.804229388719765],[98.91980828236713,18.804093820711056],[98.91983675277882,18.80409383294094],[98.91983679129756,18.804012492134717],[98.91986526169559,18.804012504360205],[98.91986533870511,18.803849822745512],[98.9198938090758,18.80384983496655],[98.91989386039681,18.8037413805551],[98.91992233074927,18.803741392771713],[98.9199223820517,18.80363293835893],[98.91972308971253,18.80363285275196],[98.91972310257,18.8036057391487],[98.91960922125206,18.803605690134972],[98.91960920837637,18.803632803738157],[98.91955226770841,18.803632779205195],[98.91955228059324,18.80360566560205],[98.91949533993449,18.80360564105176],[98.91949535282842,18.803578527448572],[98.91946688250363,18.803578515166937],[98.91946690830054,18.80352428796036],[98.9194384379849,18.80352427567442],[98.91943842508189,18.80355138927772],[98.91938148444157,18.80355136469277],[98.91938147152942,18.803578478295954],[98.91935300120474,18.80357846599695],[98.91935298828801,18.80360557960004],[98.91929604762956,18.803605554988945],[98.9192960347037,18.803632668591927],[98.91921062370254,18.803632631642667],[98.91921061076296,18.803659745245508],[98.91918214042472,18.803659732920377],[98.91918212748057,18.80368684652312],[98.9190682461096,18.80368679717912],[98.91906823314719,18.803713910781713],[98.9189828221055,18.803713873728057],[98.91898280912939,18.80374098733051],[98.91892586842593,18.80374096260632],[98.9189258424554,18.803795189810902],[98.91886890173379,18.803795165069275],[98.91886891472818,18.803768051467053],[98.91881197401577,18.80376802670809],[98.91881198701927,18.803740913105834],[98.91878351666766,18.80374090071986],[98.9187835296757,18.803713787117537],[98.91875505932867,18.80371377472724],[98.91875507234124,18.80368666112486],[98.9187266019988,18.803686648730235],[98.9187266150159,18.803659535127803],[98.91866967434021,18.803659510325566],[98.91866968736642,18.80363239672309],[98.91864121703316,18.803632384315474],[98.9186412300639,18.80360527071294],[98.91852734874934,18.80360522103913],[98.91852733570035,18.803632334641588],[98.91847039503408,18.803632309778596],[98.91847038197595,18.80365942338093],[98.91844191163828,18.803659410942902],[98.91844189857558,18.803686524545142],[98.91841342823338,18.80368651210275],[98.91841341516609,18.8037136257049],[98.91838494481935,18.803713613258143],[98.91838493174748,18.803740726860187],[98.91832799104495,18.803740701953615],[98.91832797796394,18.803767815555545],[98.91829950760815,18.80376780309572],[98.91829949452254,18.803794916697548],[98.91827102416222,18.803794904233367],[98.91827101107205,18.803822017835103],[98.91824254070718,18.803822005366555],[98.91824252761242,18.80384911896819],[98.91821405724302,18.80384910649528],[98.91821404414367,18.80387622009682],[98.91818557376973,18.803876207619552],[98.9181855606658,18.80390332122099],[98.91812861990887,18.80390329625338],[98.91812863302191,18.80387618265198],[98.91810016264805,18.803876170161686],[98.91810017576563,18.803849056560228],[98.91807170539634,18.803849044065608],[98.91807175788469,18.803740589659053],[98.91810022823574,18.803740602153596],[98.91810024135322,18.803713488551743],[98.91812871169972,18.803713501041923],[98.91812873792549,18.803659273837937],[98.91815720826291,18.80365928632374],[98.9181572738041,18.803523718312313],[98.91818574411874,18.80352373079367],[98.91818575722235,18.803496617191126],[98.91821422753246,18.803496629668125],[98.91821424063149,18.80346951606549],[98.91829965154825,18.80346955347038],[98.91829966463358,18.803442439867602],[98.91832813493464,18.80344245232719],[98.91832816109613,18.803388225121363],[98.91838510168009,18.80338825002744],[98.91838508860847,18.80341536363043],[98.91844202920166,18.803415388519177],[98.91844204226415,18.803388274916145],[98.91847051255621,18.803388287353986],[98.91847052561411,18.803361173750858],[98.91849899590164,18.803361186184336],[98.91849900895495,18.803334072581112],[98.91852747923795,18.803334085010228],[98.91852749228669,18.803306971406908],[98.91855596256514,18.803306983831657],[98.9185559756093,18.80327987022824],[98.9185844458832,18.80327988264863],[98.91858445892278,18.803252769045105],[98.91861292919215,18.803252781461136],[98.91861300740177,18.803090099838258],[98.9186414776438,18.803090112249826],[98.9186414906741,18.80306299864572],[98.9186699609116,18.803063011052934],[98.91866997393733,18.80303589744873],[98.9186984441703,18.80303590985157],[98.91869847021253,18.802981682642883],[98.9187269404364,18.802981695041353],[98.91872696646945,18.802927467832312],[98.91875543668421,18.802927480226405],[98.91875544969614,18.80290036662175],[98.91878391990637,18.802900379011472],[98.91878397193562,18.802791924591975],[98.91881244212763,18.802791936977286],[98.918812468133,18.80273770976703],[98.91884093831592,18.802737722147956],[98.91884099030815,18.80262926772642],[98.91886946047285,18.80262928010293],[98.91886949945312,18.80254793928589],[98.91889796960416,18.802547951658003],[98.91889798259298,18.802520838052146],[98.91892645273948,18.802520850419892],[98.91892653064457,18.802358168782998],[98.91895500076373,18.802358181146285],[98.91895501374329,18.802331067539846],[98.91898348385791,18.802331079898767],[98.91898349683288,18.802303966292225],[98.91901196694297,18.802303978646794],[98.91901200585404,18.80222263782664],[98.91898353575762,18.802222625472133],[98.9189835487325,18.80219551186528],[98.91895507864066,18.80219549950644],[98.91895509162008,18.802168385899527],[98.9189266215328,18.80216837353637],[98.91892667346846,18.802059919107997],[98.91895514353749,18.802059931471078],[98.91895516949606,18.80200570425638],[98.91892669943616,18.80200569189334],[98.91892673838753,18.80192435107076],[98.91881285820287,18.801924301575408],[98.91881287120485,18.801897187967803],[98.91878440116331,18.801897175583125],[98.91878442717632,18.801842948367717],[98.91867054704682,18.801842898785743],[98.91867053402208,18.80187001239341],[98.9186420639852,18.801869999987048],[98.91864205095588,18.80189711359462],[98.91861358091447,18.801897101183894],[98.91861356788057,18.801924214791363],[98.91855662778867,18.801924189956843],[98.9185566408317,18.80189707634941],[98.91852817079035,18.801897063925654],[98.9185281838379,18.80186995031816],[98.91849971380114,18.801869937890082],[98.91849973990531,18.801815710674894],[98.91852820993296,18.801815723102933],[98.91852826212278,18.801707268671546],[98.9185567321322,18.801707281095165],[98.91855678430345,18.80159882666244],[98.91847137432991,18.801598789378783],[98.91847136127346,18.801625902987023],[98.91844289127776,18.80162589055043],[98.91844287821675,18.80165300415858],[98.9183859382163,18.801652979272333],[98.91838592514614,18.801680092880368],[98.91827204512731,18.8016800430557],[98.91827205821572,18.801652929447748],[98.91824358821563,18.801652916980743],[98.9182436144015,18.801598689764646],[98.91821514441055,18.80159867729334],[98.91821515750802,18.801571563685194],[98.9182436274944,18.80157157615648],[98.91824364058729,18.801544462548232],[98.91827211056913,18.801544475015156],[98.91827212365745,18.801517361406813],[98.91830059363475,18.80151737386938],[98.91830060671847,18.80149026026094],[98.91832907669125,18.801490272719143],[98.9183290897704,18.801463159110604],[98.9183860297069,18.801463184013947],[98.9183860427769,18.80143607040529],[98.91841451274064,18.80143608285043],[98.91841452580604,18.801408969241667],[98.91844299576523,18.801408981682446],[98.91844300882607,18.80138186807359],[98.91847147878073,18.80138188051001],[98.91847149183697,18.801354766901056],[98.91849996178709,18.801354779333113],[98.91849997483877,18.801327665724063],[98.91855691472995,18.80132769057511],[98.9185569016874,18.8013548041842],[98.91861384158778,18.80135482901791],[98.91861382855433,18.801381942626954],[98.91864229850913,18.801381955037318],[98.91864232456689,18.80132772781911],[98.91861385462121,18.801327715408785],[98.91861389372139,18.80124637458094],[98.9186708335854,18.801246399397133],[98.91867084660963,18.801219285787656],[98.91878472631967,18.801219335367858],[98.91878471331368,18.801246448977416],[98.91884165317796,18.801246473741504],[98.91884164018107,18.80127358735102],[98.9188701101178,18.801273599726567],[98.91887009712543,18.801300713336015],[98.91889856706675,18.80130072570725],[98.91889855407894,18.80132783931664],[98.91892702402482,18.80132785168355],[98.91892701104155,18.80135496529288],[98.91898395094252,18.8013549900137],[98.91898393796833,18.801382103623],[98.91901240792342,18.801382115976914],[98.91901239495377,18.80140922958615],[98.91906933487311,18.801409254280994],[98.91906932191256,18.801436367890197],[98.91909779187682,18.80143638023112],[98.91909777892081,18.801463493840256],[98.91912624888965,18.801463506176866],[98.91912623593818,18.80149061978594],[98.9191547059116,18.80149063211822],[98.91915469296467,18.80151774572724],[98.91918316294267,18.801517758055194],[98.91918315000026,18.80154487166415],[98.91924008996547,18.80154489630708],[98.91924007703217,18.801572009916],[98.91926854701936,18.801572022230975],[98.9192685599481,18.801544908622034],[98.91932549991344,18.80154493323891],[98.91932551283304,18.801517819629865],[98.91935398281119,18.801517831931765],[98.91935399572621,18.801490718322622],[98.91941093567344,18.80149074291337],[98.91941092276754,18.801517856522555],[98.91943939274574,18.801517868811437],[98.91943937984438,18.801544982420566],[98.91946784982716,18.80154499470512],[98.91946782403348,18.801599221923183],[98.91952476401735,18.80159924647935],[98.9195247511296,18.801626360088296],[98.91958169112269,18.80162638462713],[98.91958167824403,18.801653498236043],[98.91961014824516,18.80165351049896],[98.91961013537103,18.801680624107814],[98.91966707538249,18.801680648620668],[98.91966706251746,18.80170776222948],[98.91972400253813,18.801707786725004],[98.9197239896822,18.801734900333773],[98.91975245969712,18.80173491257504],[98.91975244684573,18.80176202618375],[98.91978091686524,18.801762038420694],[98.91978090401838,18.80178915202934],[98.91980937404249,18.801789164261965],[98.91980934835782,18.801843391479064],[98.91983781839104,18.801843403707384],[98.91983779271541,18.801897630924206],[98.9198662627578,18.80189764314822],[98.91986621142452,18.80200609758099],[98.91989468148515,18.802006109800736],[98.91989466865633,18.80203322340875],[98.91992313872154,18.802033235624172],[98.91992311307295,18.80208746284001],[98.91995158314731,18.802087475051128],[98.91995157032756,18.802114588658945],[98.91998004040649,18.80211460086574],[98.91997998914546,18.802223055296295],[98.92000845924264,18.80222306749883],[98.92000836956693,18.802412862749406],[98.92011276004051,18.80241290745535],[98.9201150924815,18.797469191801007],[98.89923761369965,18.79745909170163],[98.8992345264486,18.802646826825374],[98.89928197670213,18.80264685243458],[98.89928199283261,18.802619738843823],[98.89936740327548,18.802619784909925],[98.89936738715866,18.802646898500754],[98.89942432746317,18.802646929189823],[98.89942431135545,18.802674042780623],[98.8994527815123,18.80267405811867],[98.89945276540911,18.802701171709415],[98.89950970573202,18.80270120237253],[98.89950968963792,18.80272831596324],[98.89953815980398,18.802728331288304],[98.89953814371442,18.802755444878958],[98.89956661388506,18.80275546019971],[98.89956659780003,18.80278257379031],[98.89959506797526,18.80278258910674],[98.89959505189476,18.802809702697292],[98.89965199225442,18.802809733317165],[98.89965197618302,18.802836846907688],[98.8997089165519,18.802836877510238],[98.89970890048959,18.802863991100722],[98.89973737067864,18.80286400639551],[98.89973735462085,18.80289111998594],[98.89976582481448,18.802891135276404],[98.89976577665466,18.80297247604729],[98.89973730644735,18.802972460756756],[98.89973729038947,18.802999574346874],[98.89962340954226,18.8029995131412],[98.89962342561839,18.802972399551173],[98.89959495541122,18.80297238423892],[98.89959497149188,18.802945270648845],[98.89953803108673,18.802945240011365],[98.89953804717649,18.802918126421257],[98.89950957697852,18.802918111096027],[98.8995095930728,18.802890997505866],[98.89945265268607,18.802890966842423],[98.89945266878945,18.80286385325223],[98.89939572841193,18.802863822571464],[98.8993957445244,18.802836708981243],[98.89936727434024,18.80283669363437],[98.89936729045725,18.802809580044087],[98.89928187991863,18.802809533977484],[98.89928189604929,18.802782420387192],[98.89925342587435,18.802782405023002],[98.89925344200954,18.802755291432657],[98.89923446189599,18.80275528118747],[98.89923409070987,18.803378893745062],[98.89931001144386,18.803378934715713],[98.89931002757052,18.803351821127055],[98.89953778973715,18.80335194385353],[98.8995377414665,18.803433284619842],[98.89956621175114,18.803433299941187],[98.89956617957967,18.803487527118374],[98.89953770928592,18.803487511796988],[98.89953767710524,18.80354173897382],[98.89950920680239,18.803541723648042],[98.89950919070745,18.803568837236316],[98.89948072040008,18.80356882190618],[98.89948070430054,18.803595935494346],[98.89942376367675,18.80359590482098],[98.89942371535062,18.803677245584883],[98.8994521856762,18.803677260923806],[98.8994521373635,18.803758601687075],[98.89948060770277,18.80375861702172],[98.89948057550329,18.803812844196884],[98.89953751620016,18.803812874853254],[98.89953753229078,18.803785761265665],[98.89959447297863,18.803785791904616],[98.89959448906012,18.8037586783169],[98.89962295939952,18.80375869362984],[98.89962297547643,18.803731580042026],[98.8996799161462,18.803731610654825],[98.89967993221396,18.803704497066878],[98.89970840254432,18.803704512366743],[98.89970838648112,18.80373162595471],[98.89973685681609,18.803731641250256],[98.89973677652252,18.803867209189033],[98.8997652468803,18.803867224480353],[98.89976519871753,18.80394856524274],[98.89973672834606,18.80394854995135],[98.89973671228718,18.803975663538637],[98.8996797715352,18.803975632942784],[98.89967975546719,18.80400274652994],[98.89956587394535,18.804002685286015],[98.89956590611786,18.803948458111808],[98.89953743574658,18.803948442790013],[98.89953748401881,18.803867102028196],[98.89950901366124,18.80386708670214],[98.89950899756597,18.803894200289466],[98.89948052720386,18.803894184959034],[98.89948041450425,18.804083980067976],[98.89945194411027,18.804083964733035],[98.89945192800565,18.804111078319686],[98.89942345760713,18.804111062980386],[98.89942344149793,18.80413817656694],[98.89936650069185,18.804138145875257],[98.8993664845735,18.804165259461676],[98.89933801416595,18.8041652441093],[98.899337998043,18.80419235769562],[98.89923360653214,18.804192301366324],[98.89923338057403,18.80457189156534],[98.89930930184305,18.804571932538785],[98.89930931797093,18.804544818953584],[98.8993377884423,18.80454483431064],[98.8993378045656,18.80451772072534],[98.89939474549931,18.804517751426374],[98.89939476161345,18.80449063784095],[98.89942323207579,18.804490653184928],[98.89942324818534,18.8044635395994],[98.89948018910098,18.804463570274283],[98.8994802052014,18.80443645668863],[98.89950867565469,18.804436472019532],[98.89950869175053,18.804409358433777],[98.89956563264808,18.8044093890825],[98.89956564873475,18.804382275496618],[98.89965106006761,18.804382321437068],[98.89965102792159,18.804436548608898],[98.89962255746816,18.80443653329971],[98.89962254139054,18.80446364688548],[98.89959407093258,18.804463631571927],[98.89959405485037,18.804490745157594],[98.89956558438789,18.804490729839674],[98.8995655683011,18.804517843425245],[98.89953709783406,18.804517828102952],[98.89953708174268,18.80454494168842],[98.89948014079958,18.80454491103077],[98.89948012469905,18.804572024616107],[98.89945165422299,18.80457200928074],[98.89945163811788,18.804599122865977],[98.89942316763727,18.804599107526244],[98.8994231193081,18.804680448281413],[98.89945158980238,18.804680463621214],[98.8994515575919,18.804734690790976],[98.89948002809534,18.804734706126485],[98.89948001199463,18.804761819711274],[98.89950848250264,18.804761835042456],[98.89950846640646,18.804788948627188],[98.89956540743171,18.804788979276584],[98.89956539134461,18.80481609286128],[98.89976468496575,18.804816199997518],[98.89976471707607,18.804761972827706],[98.89985012860103,18.804762018677952],[98.89985008047657,18.804843359432766],[98.8999070215207,18.80484338997802],[98.89990700548829,18.804870503562853],[98.89993547601496,18.804870518828988],[98.89993545998706,18.804897632413766],[98.89999240104962,18.804897662933058],[98.89999241706839,18.804870549348237],[98.90002088759513,18.804870564601345],[98.90002090360932,18.80484345101642],[98.9000778446538,18.804843481509565],[98.9000778926688,18.804762140754182],[98.90004942216025,18.804762125509857],[98.90004943816975,18.804735011924596],[98.90002096766577,18.804734996675947],[98.90002098367981,18.804707883090632],[98.89999251318042,18.804707867837664],[98.89999254521756,18.804653640666842],[98.9001064271788,18.804653701652462],[98.9001064111785,18.80468081523801],[98.90013488167344,18.804680830473586],[98.90013484968186,18.804735057644482],[98.90016332018594,18.804735072875758],[98.90016330419468,18.804762186461115],[98.90013483368602,18.80476217122981],[98.90013475370647,18.80489773915529],[98.90010628317505,18.80489772391953],[98.90010625117391,18.80495195108912],[98.90007778063338,18.80495193584897],[98.90007776462821,18.804979049433626],[98.90004929408316,18.804979034189113],[98.90004927807341,18.805006147773657],[98.89999233697428,18.805006117271546],[98.89999232095536,18.805033230855972],[98.89996385040128,18.805033215598378],[98.89996381835427,18.805087442766947],[98.89993534779107,18.805087427504965],[98.89993533176296,18.805114541089104],[98.89984992005989,18.805114495277028],[98.89984993610169,18.805087381692953],[98.89979299497558,18.805087351129902],[98.89979301102646,18.8050602375458],[98.89973606990957,18.80506020696542],[98.89973608596955,18.805033093381287],[98.89967914486188,18.805033062783583],[98.89967916093096,18.805005949199415],[98.89962221983254,18.80500591858439],[98.8996222359107,18.804978805000193],[98.89959376536608,18.80497878968619],[98.89959378144877,18.804951676101933],[98.89956531090876,18.80495166078361],[98.89956534308318,18.804897433614915],[98.8995368725523,18.804897418292295],[98.89953690473574,18.804843191123332],[98.89950843421401,18.804843175796417],[98.89950845031025,18.80481606221184],[98.89947997979311,18.804816046880607],[98.89947999589387,18.804788933295978],[98.89945152538134,18.804788917960426],[98.89945154148663,18.80476180437574],[98.89942307097867,18.80476178903587],[98.89942310319832,18.80470756186631],[98.8993946326995,18.804707546522145],[98.89939464881382,18.804680432937268],[98.8993377078254,18.804680402235952],[98.89933772394885,18.804653288651043],[98.89930925345922,18.804653273293898],[98.89930926958719,18.80462615970894],[98.89928079910217,18.80462614434747],[98.89928081523468,18.804599030762457],[98.89923336443395,18.804599005150394],[98.89922616321026,18.81669165623851],[98.899273617402,18.816691681868246],[98.8992736012572,18.81671879541815],[98.89930207377684,18.816718810790213],[98.89930205763658,18.81674592434007],[98.89935900268507,18.81674595507121],[98.89935897042271,18.816800182170777],[98.89938744295613,18.816800197529872],[98.89938742682948,18.816827311079564],[98.89935895429149,18.81682729572044],[98.89935893816023,18.81685440927002],[98.89930199307523,18.81685437853869],[98.89930197693481,18.816881492088147],[98.89927350438779,18.81688147671593],[98.89927348824278,18.816908590265285],[98.89924501569122,18.816908574888707],[98.89924499954162,18.81693568843796],[98.89922601783756,18.81693567818448],[98.89922585630973,18.81720681367252],[98.89938720105332,18.817206900766912],[98.89938715267202,18.817288241412193],[98.89935868005644,18.81728822605266],[98.89935866392472,18.81731533960091],[98.89930171868455,18.817315308868768],[98.89930170254367,18.817342422416885],[98.90143714946767,18.817343562976834],[98.90143716526626,18.81731644942695],[98.90140869264417,18.817316434380313],[98.90140870844728,18.81728932083037],[98.90138023582978,18.817289305779408],[98.90138025163743,18.817262192229414],[98.90135177902452,18.817262177174133],[98.90135179483673,18.817235063624082],[98.90132332222841,18.81723504856447],[98.90132333804513,18.817207935014363],[98.9012948654414,18.817207919950434],[98.90129488126269,18.81718080640027],[98.90135182646104,18.817180836523743],[98.90135181064889,18.81720795007395],[98.90138028325269,18.817207965129185],[98.90138026744508,18.817235078679342],[98.90143721266186,18.817235108776828],[98.90143719686334,18.81726222232695],[98.90152261470242,18.817262267440654],[98.90152259891758,18.817289380990765],[98.90157954415288,18.817289411044886],[98.90157951260137,18.817343638144965],[98.9016079852282,18.81734365316555]],[[98.90160809562606,18.817153858313738],[98.90157962303118,18.817153843293315],[98.90157965458232,18.817099616192127],[98.90160812716807,18.81709963121251],[98.90160814293903,18.817072517661785],[98.90163661552025,18.81707253267779],[98.90163659975384,18.817099646228545],[98.90166507233964,18.81709966124023],[98.90166505657778,18.817126774790932],[98.90169352916817,18.817126789798298],[98.9016934976535,18.817181016899504],[98.90160807985501,18.817180971864232],[98.90160809562606,18.817153858313738]],[[98.90792902709919,18.817129971717044],[98.90790055450309,18.817129957661447],[98.90790056926548,18.817102844105825],[98.90792904185703,18.817102858161405],[98.90792905661482,18.817075744605685],[98.90818530989876,18.81707587091013],[98.90818529518202,18.817102984466047],[98.90821376777382,18.817102998478163],[98.90821375306163,18.817130112034025],[98.90818528046526,18.81713009802188],[98.90818526574847,18.81715721157764],[98.90792901234134,18.81715708527261],[98.90792902709919,18.817129971717044]],[[98.91029226704207,18.817104009624458],[98.91026379444847,18.817103995929596],[98.91026383759912,18.81702265525692],[98.91037772791893,18.81702271001005],[98.9103776704577,18.817131164240465],[98.91029225266304,18.81713112318188],[98.91029226704207,18.817104009624458]],[[98.91641388862328,18.817079739545548],[98.91638541602914,18.817079726785078],[98.91638542943149,18.817052613223126],[98.91635695684191,18.817052600458336],[98.91635698365565,18.816998373334222],[98.91632851107524,18.816998360565126],[98.91632852448663,18.81697124700297],[98.91635699706248,18.816971259772053],[98.9163570104693,18.816944146209803],[98.9163854830406,18.81694415897451],[98.91638546963834,18.816971272536787],[98.91644241479017,18.816971298053215],[98.91644240139702,18.816998411615447],[98.91647087397753,18.81699842436716],[98.9164708472003,18.817052651491423],[98.91649931978995,18.817052664238837],[98.91649929302177,18.81710689136282],[98.91641387522549,18.81710685310744],[98.91641388862328,18.817079739545548]],[[98.90533808165037,18.81702022064571],[98.9053665542259,18.81702023509236],[98.90536653905743,18.81704734864625],[98.9053380664773,18.817047334199582],[98.90533808165037,18.81702022064571]],[[98.91143122759213,18.816996099621534],[98.91148817274487,18.816996126650384],[98.91148814437032,18.817050353767545],[98.91143119919934,18.817050326738613],[98.91143122759213,18.816996099621534]],[[98.90516727659842,18.816965906766846],[98.90522422173098,18.81696593570786],[98.90522420653971,18.816993049261797],[98.90525267911059,18.816993063725807],[98.90525266392387,18.817020177279694],[98.90516724619762,18.817020133874564],[98.90516727659842,18.816965906766846]],[[98.91669866797444,18.816971412662014],[98.91667019539832,18.816971399945086],[98.91667020875492,18.816944286382615],[98.9166417361834,18.816944273661363],[98.91664176290567,18.816890046536237],[98.91661329034328,18.816890033810672],[98.91661333044021,18.816808693122443],[98.9166418029889,18.816808705847944],[98.91664178962786,18.816835819410784],[98.91669873473444,18.81683584484879],[98.91669872138249,18.816862958411594],[98.91672719394037,18.8168629711241],[98.91672718059297,18.816890084686836],[98.91675565315543,18.816890097395017],[98.91675563981256,18.816917210957698],[98.91678411237963,18.816917223661548],[98.9167840990413,18.816944337224175],[98.91684104418462,18.816944362618877],[98.9168410308554,18.81697147618146],[98.91681255827916,18.816971463486265],[98.91681254494534,18.81699857704875],[98.91669865462238,18.816998526224427],[98.91669866797444,18.816971412662014]],[[98.90590762365636,18.81685782742536],[98.9058791511077,18.816857813061414],[98.90587916619386,18.81683069950657],[98.9058506936498,18.81683068513831],[98.90585072383118,18.816776458028418],[98.90582225129626,18.81677644365585],[98.90582228148666,18.816722216545696],[98.90579380896091,18.81672220216883],[98.90579382406064,18.816695088613656],[98.90576535153946,18.816695074232463],[98.90576536664372,18.816667960677236],[98.9057084216106,18.81666793190186],[98.9057084518373,18.81661370479125],[98.90567997932989,18.816613690397087],[98.90567999444777,18.81658657684169],[98.90570846695061,18.816586591235826],[98.90570849717716,18.81653236412475],[98.9057369696709,18.816532378514502],[98.90573698477957,18.816505264958813],[98.90585087473653,18.816505322474264],[98.90585085964611,18.816532436030034],[98.90587933213996,18.816532450398057],[98.90587931705409,18.81655956395377],[98.90590778955254,18.816559578317467],[98.90590775938983,18.8166138054287],[98.90593623189744,18.8166138197881],[98.90593620174376,18.816668046899057],[98.90596467426052,18.816668061254155],[98.90596464411585,18.816722288364847],[98.90599311664177,18.816722302715636],[98.90599310157397,18.816749416270888],[98.90602157410447,18.81674943061736],[98.90602154397791,18.81680365772767],[98.90599307143827,18.816803643381153],[98.90599305637038,18.816830756936174],[98.90596458382622,18.81683074258529],[98.90596456875375,18.816857856140206],[98.90593609620504,18.816857841784962],[98.90593608112798,18.816884955339766],[98.90590760857472,18.81688494098015],[98.90590762365636,18.81685782742536]],[[98.91983071573544,18.816837217168374],[98.91977377062392,18.816837192686464],[98.91977378348298,18.8168100791215],[98.91974531093182,18.816810066874044],[98.91974533665898,18.816755839743916],[98.91971686411696,18.81675582749215],[98.91971690272123,18.816674486796426],[98.91974537524955,18.81667449904813],[98.91974536238605,18.816701612613475],[98.91980230745189,18.816701637103886],[98.91980229459749,18.816728750669185],[98.91985923967253,18.81672877514225],[98.91985921398192,18.81678300227269],[98.91988768652861,18.81678301450274],[98.91988766084704,18.816837241632903],[98.91985918829123,18.81683722940281],[98.91985917544584,18.816864342967754],[98.91983070288549,18.816864330733296],[98.91983071573544,18.816837217168374]],[[98.90138052036356,18.816801261867468],[98.90135204782823,18.81680124681258],[98.90135206363996,18.81677413326119],[98.9012951185785,18.81677410313842],[98.90129513439935,18.816746989587003],[98.90126666187322,18.816746974519116],[98.90126667769862,18.816719860967645],[98.90123820517708,18.81671984589544],[98.90123822100699,18.816692732343913],[98.90120974849005,18.816692717267383],[98.90120982766202,18.816557149508668],[98.90123830015615,18.816557164585074],[98.90123828432637,18.816584278136997],[98.90126675682508,18.816584293209086],[98.90126674099984,18.816611406760956],[98.90129521350315,18.81661142182872],[98.90129519768244,18.81663853538053],[98.90132367019034,18.816638550443972],[98.90132365437417,18.81666566399573],[98.90149448944948,18.816665754285264],[98.90149442629406,18.816774208492067],[98.90146595376319,18.816774193454588],[98.90146592217619,18.816828420557467],[98.90138050455636,18.816828375418805],[98.90138052036356,18.816801261867468]],[[98.90627784190234,18.81672244598454],[98.90624936937616,18.816722431677206],[98.90624938440287,18.816695318121678],[98.90622091188128,18.816695303810025],[98.90622094194374,18.816641076698772],[98.90619246943132,18.81664106238281],[98.90619248446707,18.81661394882709],[98.90616401195923,18.81661393450681],[98.90616402699953,18.816586820951034],[98.90613555449627,18.816586806626425],[98.90613558458593,18.81653257951468],[98.90610711209182,18.816532565185774],[98.90610714219049,18.81647833807375],[98.9062779771007,18.81647842398175],[98.90627796207876,18.816505537537928],[98.90633490705817,18.816505566139202],[98.90633489204532,18.816532679695353],[98.90636336453963,18.816532693989494],[98.906363259481,18.81672248888047],[98.90633478695474,18.816722474586175],[98.90633477194172,18.81674958814169],[98.90627782688017,18.81674955954001],[98.90627784190234,18.81672244598454]],[[98.90502512688963,18.816586244577028],[98.90499665438742,18.81658623007859],[98.90499668484215,18.816532002968625],[98.90496821234909,18.816531988465886],[98.90496824281284,18.81647776135565],[98.90493977032892,18.81647774684861],[98.90493978556533,18.816450633293396],[98.90491131308602,18.81645061878203],[98.90491135880875,18.816369278115985],[98.90488288634315,18.816369263600347],[98.90488299306058,18.816179468710313],[98.90485452062694,18.816179454190483],[98.90485449012725,18.81623368130227],[98.90482601768453,18.816233666778043],[98.90482603293894,18.81620655322221],[98.9047975605008,18.816206538693663],[98.90479759101869,18.816152311581813],[98.9047691185897,18.816152297048966],[98.90476914911662,18.816098069936842],[98.90471220427696,18.816098040858204],[98.90471221954951,18.816070927302068],[98.90468374713429,18.816070912756253],[98.90468376241137,18.816043799200056],[98.90462681759013,18.816043770095433],[98.9046268328763,18.81601665653921],[98.9045983604703,18.816016641980397],[98.90459837576101,18.81598952842412],[98.9045699033596,18.815989513860988],[98.90456991865484,18.81596240030465],[98.90454144625801,18.815962385737194],[98.90454147685757,18.81590815862433],[98.90451300446989,18.81590814405257],[98.90451305038273,18.815826803382755],[98.90448457800876,18.815826788806717],[98.90448460862632,18.815772561693155],[98.9044561362615,18.815772547112818],[98.90445616688808,18.815718319998986],[98.90439922217679,18.815718290825373],[98.90439923749916,18.815691177268384],[98.90437076514812,18.81569116267508],[98.90437078047502,18.81566404911803],[98.90434230812858,18.815664034520406],[98.90434235412285,18.815582693848867],[98.9043138817901,18.815582679246962],[98.90431391246196,18.81552845213225],[98.90428544013837,18.815528437526044],[98.9042854554788,18.815501323968597],[98.90425698315981,18.81550130935807],[98.90425701384976,18.815447082242976],[98.90422854153991,18.815447067628153],[98.90422861828712,18.815311499839154],[98.9042855628612,18.815311529064235],[98.90428557820144,18.81528441550616],[98.90431405048396,18.815284430112158],[98.90431406581959,18.81525731655398],[98.90439948265362,18.81525736034584],[98.90439946733167,18.815284473904086],[98.9044279396143,18.815284488492704],[98.90442787834445,18.815392942725],[98.90439940604358,18.815392928136298],[98.90439939072148,18.815420041694157],[98.90437091841608,18.81542002710108],[98.9043708877627,18.815474254216504],[98.90439936007724,18.81547426880963],[98.90439934475506,18.81550138236725],[98.90445628939334,18.8155014115405],[98.90445627408029,18.815528525098085],[98.90448474640402,18.815528539678215],[98.9044847310955,18.815555653235748],[98.90454167575218,18.81555568238302],[98.90454166045276,18.815582795940514],[98.90457013278571,18.815582810507657],[98.90457011749082,18.815609924065097],[98.90459858982837,18.81560993862791],[98.90459855924762,18.8156641657426],[98.90462703159432,18.815664180301113],[98.90462701630847,18.815691293858364],[98.90465548865976,18.815691308412557],[98.90465547337844,18.815718421969752],[98.90468394573432,18.81571843651962],[98.90468393045754,18.815745550076755],[98.90482629226011,18.81574562276103],[98.90482627700614,18.815772736318202],[98.9048547493713,18.815772750842036],[98.90485471887239,18.815826977956185],[98.9048831912467,18.81582699247573],[98.90488313026682,18.81593544670317],[98.90485465787425,18.815935432183544],[98.90485456637629,18.816098113522205],[98.90491151121618,18.816098142557394],[98.9049115264568,18.816071029001105],[98.90496847128767,18.816071058018856],[98.90496845605621,18.81609817157519],[98.90505387331642,18.8160982150693],[98.90505376679121,18.816288009961927],[98.90508223924328,18.81628802445143],[98.90508205668044,18.8166133871158],[98.9050535841736,18.816613372626033],[98.9050535689553,18.81664048618086],[98.90502509644392,18.81664047168672],[98.90502512688963,18.816586244577028]],[[98.90553763193397,18.8165865048058],[98.90556610443667,18.81658651922167],[98.90556608930054,18.81661363277698],[98.90559456180783,18.81661364718853],[98.90559454667624,18.81664076074378],[98.90553760165254,18.816640731916294],[98.90553763193397,18.8165865048058]],[[98.90647728449711,18.816478524010012],[98.90653422946775,18.8164785525504],[98.90653419950598,18.81653277966308],[98.9064772545171,18.816532751122605],[98.90647728449711,18.816478524010012]],[[98.91128919174574,18.816372420106735],[98.91134613668831,18.816372447178082],[98.9113461508978,18.81634533361768],[98.91137462336455,18.81634534714681],[98.91137458074968,18.816426687827857],[98.91128916330841,18.816426647227228],[98.91128919174574,18.816372420106735]],[[98.90570860296927,18.81634256923348],[98.9056801305075,18.816342554839544],[98.9056801607427,18.816288327727086],[98.90565168829009,18.81628831332885],[98.90565171853433,18.816234086216124],[98.90562324609088,18.816234071813582],[98.90562327634413,18.816179844700592],[98.90559480390982,18.816179830293745],[98.90559483417212,18.816125603180488],[98.90556636174695,18.816125588769342],[98.90556637688262,18.816098475212605],[98.90553790446207,18.816098460797143],[98.90553796502272,18.815990006569535],[98.90556643742502,18.81599002098491],[98.90556646769608,18.815935793870583],[98.90559494008929,18.815935808281573],[98.90559503087442,18.815773126936588],[98.90562350324029,18.815773141343094],[98.90562348811406,18.815800254900807],[98.90565196048449,18.815800269302997],[98.9056519453628,18.815827382860657],[98.90568041773784,18.81582739725852],[98.90568040262069,18.81585451081613],[98.9057088750003,18.815854525209662],[98.9057088598877,18.81588163876721],[98.90576580465614,18.815881667541298],[98.90576578955263,18.815908781098813],[98.9058227343303,18.81590880985556],[98.9058227192359,18.81593592341304],[98.90585119162934,18.815935937784918],[98.90585117653946,18.815963051342337],[98.9058796489375,18.81596306570989],[98.90587952825406,18.816179974166623],[98.90590800068863,18.816179988530006],[98.90590798560764,18.81620710208676],[98.90587951316853,18.816207087723356],[98.90587948299735,18.816261314836595],[98.90585101054913,18.8162613004688],[98.90585099545893,18.816288414025273],[98.90582252300617,18.816288399653107],[98.9058225079114,18.81631551320949],[98.9057940354541,18.816315498832953],[98.90579400525533,18.816369725945428],[98.9057085878562,18.816369682789613],[98.90570860296927,18.81634256923348]],[[98.91775248287985,18.816294041029277],[98.91772401041698,18.816294028473635],[98.91772404997847,18.816212687777924],[98.91778099487685,18.81621271288474],[98.91778100805485,18.81618559931931],[98.91783795294418,18.816185624408714],[98.91783793977532,18.816212737974187],[98.9178664122246,18.816212750512385],[98.91786637273155,18.8162940912084],[98.91780942780565,18.81629406612753],[98.91780941463213,18.816321179692668],[98.9177524696972,18.81632115459438],[98.91775248287985,18.816294041029277]],[[98.900640600741,18.816177257339504],[98.90061212831135,18.816177242172166],[98.90061217610057,18.816095901514156],[98.90069759334855,18.81609594700294],[98.90069757743254,18.816123060555757],[98.90072604985315,18.81612307571002],[98.9007260021186,18.81620441636807],[98.90064058481578,18.816204370892045],[98.900640600741,18.816177257339504]],[[98.91601577037365,18.81607635866826],[98.91612966007378,18.8160764099071],[98.91612963318859,18.816130637036252],[98.9161011607544,18.81613062423302],[98.91610114730719,18.81615773779745],[98.91601572999106,18.81615769936162],[98.91601577037365,18.81607635866826]],[[98.90613585538806,18.816044535494786],[98.90616432780004,18.816044549818944],[98.90616429772045,18.81609877693357],[98.90613582529934,18.816098762609364],[98.90613585538806,18.816044535494786]],[[98.91126088995112,18.81604704383524],[98.91123241753466,18.816047030288956],[98.9112324317621,18.816019916727686],[98.91120395935025,18.81601990317708],[98.91120397358225,18.81599278961576],[98.91117550117495,18.81599277606082],[98.91117551541149,18.815965662499437],[98.9111470430088,18.81596564894018],[98.91114705724988,18.815938535378734],[98.91111858485176,18.815938521815152],[98.91111868457055,18.815748726883022],[98.91120410166911,18.815748767560294],[98.91120408743734,18.81577588112233],[98.91123255980814,18.81577589467275],[98.91123253135363,18.815830121796623],[98.91126100373359,18.815830135342743],[98.91126098951085,18.815857248904585],[98.9112894618954,18.81585726244637],[98.9112894476772,18.815884376008153],[98.91131792006634,18.815884389545626],[98.91131789163903,18.815938616668987],[98.9113463640373,18.81593863020215],[98.91134630720063,18.816047084448027],[98.9113178347841,18.816047070914774],[98.9113178205703,18.816074184476022],[98.9112608757282,18.81607415739645],[98.91126088995112,18.81604704383524]],[[98.9196603182172,18.81591528242009],[98.91971726301821,18.815915306935477],[98.9197172372833,18.81596953407045],[98.91966029246402,18.815969509554982],[98.9196603182172,18.81591528242009]],[[98.91174500590613,18.81588459208618],[98.91171653351664,18.815884578613893],[98.91171656181608,18.815830351489627],[98.91168808943573,18.81583033801304],[98.9116881318984,18.81574899732611],[98.9116596595318,18.815748983845243],[98.91165967369052,18.815721870282793],[98.91174509077678,18.81572191071231],[98.91174507663173,18.81574902427482],[98.91177354899843,18.815749037742652],[98.91177353485791,18.8157761513051],[98.9118020072292,18.815776164768607],[98.91180195068517,18.815884619017705],[98.91177347829563,18.815884605554118],[98.911773464155,18.81591171911617],[98.91174499176094,18.81591170564821],[98.91174500590613,18.81588459208618]],[[98.90596521684681,18.815691973207816],[98.90587979978946,18.815691930131894],[98.90587981487451,18.815664816573666],[98.90585134252667,18.815664802206353],[98.90585137270584,18.8156105750897],[98.90582290036717,18.815610560718085],[98.90582291546127,18.81558344715966],[98.90596527713211,18.81558351897415],[98.90596526206083,18.81561063253268],[98.90602220673847,18.815610661228103],[98.9060221916763,18.8156377747866],[98.90605066401972,18.815637789127823],[98.90605064896206,18.815664902686265],[98.90607912131009,18.81566491702315],[98.90607910625697,18.815692030581545],[98.90605063390439,18.81569201624463],[98.90605061884669,18.815719129802915],[98.90596520177543,18.815719086766038],[98.90596521684681,18.815691973207816]],[[98.91154581259644,18.815667589190973],[98.91151734024362,18.815667575688437],[98.91151736860657,18.815613348563208],[98.9116027856377,18.815613389057656],[98.91160274313431,18.815694729745577],[98.9115457984195,18.8156947027535],[98.91154581259644,18.815667589190973]],[[98.90898334470415,18.815585015876266],[98.90895487236725,18.815585001982686],[98.90895493073555,18.815476547738587],[98.9089834030542,18.815476561632074],[98.90898341764164,18.815449448070837],[98.90901188995576,18.815449461959957],[98.90901190453862,18.815422348398613],[98.90909732146743,18.815422390039846],[98.90909730689826,18.815449503601254],[98.90912577921249,18.815449517472995],[98.90912575008319,18.815503744595617],[98.90915422240657,18.81550375846305],[98.90915416416594,18.81561221270744],[98.90912569182431,18.815612198839915],[98.90912567725954,18.815639312400798],[98.90898331552899,18.815639242997882],[98.90898334470415,18.815585015876266]],[[98.90479797248352,18.81547447265706],[98.90476950016861,18.815474458124775],[98.90476951543144,18.815447344566785],[98.90474104312112,18.815447330030175],[98.90474105838848,18.815420216472127],[98.90471258608275,18.8154202019312],[98.90471260135465,18.815393088373096],[98.9046841290535,18.815393073827835],[98.90468414432993,18.815365960269673],[98.90465567203339,18.815365945720103],[98.90465573315709,18.815257491486765],[98.90468420543539,18.815257506036254],[98.9046842207117,18.815230392477698],[98.90474116525922,18.815230421563594],[98.90474114999206,18.81525753512219],[98.90485503910571,18.81525759324192],[98.9048550086078,18.81531182035906],[98.90488348089539,18.815311834878173],[98.90488341991751,18.8154202891116],[98.90491189222338,18.815420303626457],[98.90491190746334,18.815393190068193],[98.90496885206605,18.81539321908483],[98.90496883683522,18.815420332643132],[98.90502578144718,18.81542036164243],[98.9050257510037,18.815474588758896],[98.9049972786886,18.815474574261376],[98.90499726346226,18.81550168781947],[98.90491184650338,18.815501644300767],[98.90491186174341,18.815474530742744],[98.90485491711341,18.815474501708593],[98.90485490186425,18.81550161526657],[98.90479795722526,18.815501586214992],[98.90479797248352,18.81547447265706]],[[98.90673414974951,18.81536699641919],[98.9067056774511,18.815366982182493],[98.9067057073559,18.815312755062777],[98.90667723506664,18.815312740821778],[98.90667725002356,18.815285627261822],[98.9066487777389,18.8152856130165],[98.90664879270037,18.81525849945649],[98.90659184814022,18.81525847095285],[98.90659186311079,18.8152313573928],[98.90656339083533,18.81523134313448],[98.90656340581042,18.815204229574384],[98.90653493353955,18.815204215311745],[98.90653499345794,18.81509576107063],[98.90656346571056,18.81509577533318],[98.90656348068553,18.815068661772692],[98.90659195293362,18.815068676030872],[98.90659193796321,18.815095789591386],[98.90664888246857,18.815095818094765],[98.90664886750727,18.815122931655257],[98.90670581202187,18.81512296014129],[98.90670579706966,18.81515007370174],[98.90673426933158,18.815150087938264],[98.9067342394362,18.815204315058967],[98.90676271170726,18.815204329291195],[98.90676268182092,18.815258556411628],[98.90679115410113,18.81525857063955],[98.90679112422382,18.81531279775971],[98.90681959651317,18.815312811983322],[98.9068195517107,18.81539415266305],[98.90679107940765,18.815394138439363],[98.90679106446889,18.81542125199909],[98.90673411985374,18.81542122353864],[98.90673414974951,18.81536699641919]],[[98.90010012093863,18.81533644826304],[98.90012859322633,18.81533646350788],[98.90012856121324,18.8153906906169],[98.9001000889164,18.815390675372022],[98.90010012093863,18.81533644826304]],[[98.90895498910342,18.815368093493223],[98.90892651680306,18.815368079595473],[98.90892653139953,18.81534096603396],[98.90889805910373,18.815340952131887],[98.90889808830575,18.81528672500866],[98.9089265605924,18.815286738910697],[98.9089265751888,18.81525962534894],[98.90901199203526,18.815259667028894],[98.90901197745254,18.81528678059071],[98.9090404497393,18.81528679447536],[98.90904042058294,18.815341021598798],[98.90901194828704,18.815341007714107],[98.90901191912145,18.815395234837194],[98.9089549745115,18.815395207054685],[98.90895498910342,18.815368093493223]],[[98.91143207933091,18.815369285962756],[98.91137513472589,18.815369258919038],[98.91137514892993,18.815342145355697],[98.91134667663201,18.81534213182734],[98.91134670504914,18.81528790470047],[98.91137517733792,18.815287918228783],[98.91137519154188,18.81526080466521],[98.91143213611038,18.81526083170877],[98.91143212191555,18.815287945272384],[98.91146059420441,18.81528795878766],[98.9114605658238,18.815342185914698],[98.9114890381218,18.81534219942568],[98.91148900975021,18.81539642655245],[98.91143206513597,18.815396399526065],[98.91143207933091,18.815369285962756]],[[98.9101508545422,18.815314446149742],[98.91012238224991,18.815314432434548],[98.91012239665467,18.81528731887198],[98.9101508689424,18.81528733258715],[98.9101508833426,18.815260219024484],[98.91023630019222,18.815260260143873],[98.91023625703268,18.81534160083183],[98.91015084014197,18.815341559712255],[98.9101508545422,18.815314446149742]],[[98.9106634703515,18.815097783774196],[98.91069194260776,18.815097797406654],[98.91069195692106,18.815070683843032],[98.91074890142451,18.81507071109488],[98.91074888712032,18.81509782465854],[98.91077735937665,18.81509783827797],[98.91077731647766,18.815179178968556],[98.9108057887477,18.8151791925837],[98.91080577445254,18.81520630614709],[98.91077730217793,18.815206292531926],[98.9107772878782,18.815233406095217],[98.91066339876178,18.81523335159102],[98.9106634703515,18.815097783774196]],[[98.90513982270464,18.815149284000935],[98.90511135044419,18.815149269521065],[98.90511136565193,18.815122155961856],[98.90508289339607,18.81512214147767],[98.90508295424505,18.815013687240146],[98.90511142648266,18.81501370172425],[98.90511144169027,18.81498658816465],[98.90516838615646,18.81498661711978],[98.90516837095797,18.815013730679418],[98.90519684319565,18.815013745150488],[98.9051968280017,18.815040858710073],[98.905225300244,18.815040873176816],[98.90522522429666,18.815176440973687],[98.90513980750143,18.81517639756008],[98.90513982270464,18.815149284000935]],[[98.90889824891497,18.814988475825302],[98.90886977667853,18.814988461919164],[98.90886979128378,18.814961348356587],[98.90884131905193,18.814961334446124],[98.90884139210061,18.814825766632175],[98.9088129198916,18.81482575271748],[98.90881293450583,18.814798639154468],[98.90878446230141,18.814798625235447],[98.90878447692018,18.814771511672383],[98.90875600472033,18.81477149774903],[98.90875601934364,18.814744384185918],[98.90872754714839,18.81474437025825],[98.90872759103185,18.81466302956848],[98.9087560632134,18.814663043496086],[98.9087560778366,18.814635929932653],[98.90886996654484,18.814635985599544],[98.9088699519399,18.814663099163063],[98.90889842412159,18.81466311306895],[98.90889840952117,18.81469022663241],[98.90892688170743,18.814690240533967],[98.90892683791974,18.814771581223948],[98.90895531011972,18.81477159512122],[98.90895528093692,18.81482582224752],[98.90898375314606,18.8148258361405],[98.90898372397228,18.81488006326653],[98.90901219619057,18.8148800771552],[98.90901218160822,18.81490719071812],[98.9090406538311,18.814907204602466],[98.90904059551966,18.815015658853444],[98.90889823431425,18.815015589387816],[98.90889824891497,18.814988475825302]],[[98.91237187598982,18.81496302620539],[98.91234340375496,18.814963012829416],[98.91234343185197,18.814908785698886],[98.91231495962626,18.814908772318603],[98.91231497367929,18.814881658753233],[98.91234344590045,18.814881672133495],[98.9123434599489,18.814854558568037],[98.91240040438215,18.814854585315476],[98.91240037630348,18.814908812446408],[98.91242884852927,18.81490882581365],[98.91242882045962,18.814963052944307],[98.91240034822471,18.814963039577023],[98.91240033418529,18.81499015314221],[98.91237186194584,18.81499013977056],[98.91237187598982,18.81496302620539]],[[98.91857882375035,18.814965838438745],[98.91855035151043,18.81496582601007],[98.91855039067163,18.81488448530111],[98.91857886289785,18.814884497729725],[98.9185788498487,18.81491161129948],[98.91860732207951,18.81491162372377],[98.91860728294564,18.814992964432616],[98.91857881070115,18.814992952008268],[98.91857882375035,18.814965838438745]],[[98.90989483496988,18.8148805055487],[98.90983789053179,18.81488047803643],[98.9098379049818,18.81485336447281],[98.90980943276735,18.814853350710177],[98.90980953394863,18.8146635557628],[98.90989495049621,18.81466359703722],[98.90989493605552,18.814690710601432],[98.90992340824266,18.814690724350907],[98.9099233938065,18.814717837915058],[98.90998033818997,18.814717865401004],[98.9099803237629,18.814744978965123],[98.91003726815562,18.814745006433732],[98.91003723931965,18.814799233561807],[98.91006571152518,18.81479924728964],[98.91006568269825,18.81485347441745],[98.91003721048361,18.81485346068958],[98.91003719606555,18.814880574253344],[98.90995177940808,18.814880533043596],[98.90995176497628,18.81490764660722],[98.90989482052898,18.814907619112287],[98.90989483496988,18.8148805055487]],[[98.91371022317857,18.81466540074199],[98.91365327880702,18.814665374394604],[98.91365330648371,18.814611147260457],[98.91373872301371,18.814611186774886],[98.91373870918906,18.814638300342057],[98.91376718137033,18.81463831350487],[98.91376716755023,18.814665427071986],[98.91373869536439,18.81466541390916],[98.9137386815397,18.814692527476186],[98.91371020934932,18.814692514308994],[98.91371022317857,18.81466540074199]],[[98.91652903657494,18.814531115366687],[98.91650056440966,18.81453110262546],[98.9165005777916,18.81450398905603],[98.91652904995232,18.81450400179724],[98.91652906332966,18.8144768882277],[98.91658600764204,18.814476913697046],[98.91658599427382,18.814504027266622],[98.91661446643461,18.814504039994798],[98.91661445307092,18.81453115356431],[98.91658598090557,18.814531140836113],[98.9165859675373,18.814558254405533],[98.91652902319755,18.81455822893607],[98.91652903657494,18.814531115366687]],[[98.91920547200587,18.814423839354895],[98.91917699985673,18.8144238270222],[98.91917701280964,18.81439671345062],[98.91914854066508,18.814396701113605],[98.91914856657999,18.81434247397026],[98.91912009444457,18.814342461628936],[98.91912014629234,18.81423400734138],[98.91909167417522,18.81423399499578],[98.91909168714166,18.814206881423708],[98.91906321502911,18.81420686907379],[98.91906322800011,18.814179755501662],[98.91912017221611,18.81417978019713],[98.91912015925423,18.81420689376929],[98.91914863136682,18.81420690611052],[98.91914861840951,18.81423401968263],[98.9192055626439,18.814234044352098],[98.91920554969566,18.81426115792416],[98.91923402181745,18.814261170252394],[98.91923400887377,18.8142882838244],[98.91929095312653,18.81428830846787],[98.91929092725735,18.81434253561172],[98.9193193993929,18.814342547926977],[98.91931936060266,18.814423888642217],[98.91929088845343,18.814423876326906],[98.91929087551874,18.814450989898475],[98.9192054590575,18.81445095292641],[98.91920547200587,18.814423839354895]],[[98.9118597147855,18.814312059194243],[98.9118312426606,18.814312045740547],[98.91183125679068,18.814284932173802],[98.91180278467034,18.814284918715785],[98.91180281293954,18.814230691582104],[98.91177434082836,18.814230678119777],[98.91177435496749,18.81420356455284],[98.9117458828609,18.814203551086194],[98.91174591114822,18.814149323952126],[98.91171743905078,18.814149310481174],[98.91171745319896,18.814122196914045],[98.9116889811061,18.814122183438766],[98.91168899525883,18.81409506987157],[98.91166052317055,18.81409505639197],[98.91166057979946,18.81398660212251],[98.9118029401498,18.81398666947664],[98.91180292601543,18.814013783044228],[98.91183139809013,18.814013796502042],[98.91183136983042,18.81406802363702],[98.91185984191428,18.814068037090525],[98.91185981366361,18.81412226422524],[98.9118882857566,18.814122277674446],[98.91188825751497,18.814176504808877],[98.91191672961713,18.81417651825378],[98.911916644919,18.814339199655322],[98.91185970065997,18.814339172760924],[98.9118597147855,18.814312059194243]],[[98.91279930889628,18.814285387161036],[98.91274236465401,18.81428536053613],[98.91274237863804,18.81425824696865],[98.91268543440499,18.8142582203264],[98.91268544839814,18.81423110675888],[98.9126569762862,18.814231093431253],[98.91265706027194,18.814068412024596],[98.91268553235648,18.814068425352094],[98.91268554634946,18.81404131178402],[98.91279943466965,18.814041365050475],[98.91279942069492,18.81406847861863],[98.912884836949,18.8140685185229],[98.91288482298795,18.814095632091043],[98.91291329507725,18.814095645383794],[98.91291328112072,18.81412275895188],[98.91294175321461,18.814122772240314],[98.91294173926264,18.81414988580833],[98.91297021136113,18.814149899092435],[98.91297018346621,18.814204126228283],[98.91299865557384,18.814204139508085],[98.91299862768797,18.814258366643664],[98.91302709980475,18.814258379919167],[98.9130270719279,18.814312607054465],[98.91279929492136,18.81431250072848],[98.91279930889628,18.814285387161036]],[[98.90878476929026,18.814229240394624],[98.9086993529646,18.81422919861283],[98.90869936759653,18.81420208504818],[98.90861395128479,18.814202043227347],[98.90861393663917,18.81422915679193],[98.90852852031396,18.81422911493193],[98.90852853497327,18.81420200136741],[98.90850006286948,18.814201987405404],[98.90850007753333,18.81417487384083],[98.90844313333496,18.814174845903825],[98.9084431480079,18.81414773233921],[98.90841467591332,18.814147718364218],[98.90841470526826,18.8140934912348],[98.90838623318282,18.8140934772555],[98.90838627722874,18.814012136560848],[98.90841474930049,18.814012150540083],[98.90841476397785,18.813985036975016],[98.90852865224684,18.813985092848412],[98.90852863758774,18.81401220641356],[98.90855710965961,18.81401222037107],[98.90855708035045,18.814066447501173],[98.90858555243146,18.81406646145438],[98.9085855377814,18.814093575019335],[98.90864248195265,18.814093602912756],[98.90864246731171,18.81412071647768],[98.90867093940193,18.814120730417894],[98.90867095403831,18.814093616852947],[98.90887025863866,18.814093714312623],[98.90887024403419,18.814120827877712],[98.90889871612463,18.81412084178317],[98.90889868692476,18.814175068913162],[98.90892715902433,18.81417508281431],[98.90892712983351,18.814229309944036],[98.90889865772482,18.814229296042843],[98.9088986431248,18.814256409607562],[98.90878475467198,18.81425635395926],[98.90878476929026,18.814229240394624]],[[98.91211655543697,18.813173410202232],[98.91211654135351,18.813200523772405],[98.91220195716784,18.813200563987547],[98.91220194309804,18.813227677557713],[98.9122588869835,18.81322770434612],[98.91225890104417,18.813200590775917],[98.91234431685885,18.813200630925884],[98.91234433090582,18.81317351735554],[98.91242974670703,18.813173557466342],[98.91242971864047,18.813227784607076],[98.91240124669758,18.813227771241113],[98.91240117650793,18.813363339091467],[98.91242964847363,18.813363352457532],[98.91242963444019,18.81339046602739],[98.91245810641047,18.81339047938913],[98.91245809238157,18.81341759295893],[98.91248656435646,18.813417606316346],[98.91248655033209,18.813444719886085],[98.91254349429103,18.81344474658793],[98.91254348027577,18.81347186015763],[98.91260042424395,18.81347188684213],[98.91260041023779,18.81349900041179],[98.91262888222646,18.813499013747553],[98.91262886822484,18.81352612731716],[98.91268581221141,18.813526153975673],[98.91268579821889,18.81355326754524],[98.91274274221466,18.813553294186416],[98.91274272823125,18.813580407755946],[98.91277120023375,18.81358042107004],[98.91277118625487,18.81360753463951],[98.91282813026905,18.8136075612547],[98.91282811629927,18.81363467482413],[98.91288506032267,18.813634701421982],[98.91288507428332,18.81360758785251],[98.9129704903049,18.813607627716628],[98.91297047635794,18.81363474128616],[98.91305589239344,18.813634781111244],[98.91305587846014,18.813661894680767],[98.91319823854259,18.813661960969092],[98.91319822463207,18.813689074538644],[98.9132266966532,18.8136890877833],[98.91322666884123,18.813743314922192],[98.91319819681098,18.813743301677498],[98.91319818290042,18.813770415246804],[98.91314123883086,18.813770388744345],[98.91314122491113,18.813797502313534],[98.91311275287183,18.813797489055762],[98.91311273894752,18.813824602624855],[98.91308426690367,18.81382458936272],[98.91308422511689,18.81390593006946],[98.91305575305938,18.813905916802913],[98.91305573912584,18.813933030371647],[98.91308421118791,18.813933043638205],[98.9130841833299,18.813987270775485],[98.91311265540111,18.813987284037744],[98.91311261362759,18.81406862474312],[98.91302719737295,18.81406858494313],[98.91302721131116,18.814041471374807],[98.9129987392309,18.814041458099474],[98.9129987810591,18.813960117394103],[98.91297030899254,18.813960104114486],[98.91297032293977,18.813932990545894],[98.91294185087781,18.813932977261945],[98.91294186482959,18.813905863693297],[98.9129133927722,18.81390585040503],[98.91291342068484,18.813851623267528],[98.9128849486366,18.81385160997496],[98.91288496259745,18.813824496406113],[98.91285649055379,18.81382448310922],[98.91285651848452,18.81377025597133],[98.91282804645002,18.81377024267013],[98.91282806041993,18.81374312910109],[98.91265722824079,18.81374304920277],[98.91265724223803,18.813715935633773],[98.91260029818764,18.813715908966277],[98.91260031219399,18.813688795397244],[98.91248642411175,18.8136887420102],[98.91248641008714,18.813715855579147],[98.91245793806208,18.813715842221505],[98.91245783985725,18.813905637201817],[98.91248631191426,18.81390565055961],[98.91248628386465,18.813959877696174],[98.91245781179852,18.81395986433834],[98.91245774165125,18.81409543217828],[98.9124862137402,18.81409544553621],[98.91248615764022,18.814203899806824],[98.912457685533,18.814203886448805],[98.91245767150339,18.814231000016242],[98.91242919939165,18.81423098665386],[98.91242918535745,18.814258100221203],[98.91240071324117,18.814258086854448],[98.91240072727993,18.814230973287135],[98.91234378305658,18.814230946540647],[98.91234379710447,18.81420383297329],[98.91228685289033,18.814203806209456],[98.91228686694731,18.814176692642068],[98.91225839484484,18.814176679253652],[98.91225840890635,18.814149565686208],[98.91222993680847,18.814149552293472],[98.91222995087453,18.814122438725963],[98.91220147878123,18.814122425328907],[98.9122015069224,18.814068198193695],[98.91217303483825,18.814068184792333],[98.9121730770635,18.81398684408899],[98.91234390948658,18.81398692443163],[98.9123438954389,18.814014037999613],[98.91240083958924,18.814014064745777],[98.91240085362779,18.813986951177757],[98.91242932569844,18.813986964544295],[98.91242939586803,18.81385139670289],[98.9124009238202,18.813851383336452],[98.91240093785862,18.81382426976795],[98.91237246581537,18.81382425639719],[98.91237247985832,18.813797142828633],[98.91234400781966,18.813797129453548],[98.91234403591461,18.81374290231625],[98.9123155638851,18.813742888936858],[98.9123155919891,18.81368866179928],[98.91228711996874,18.81368864841558],[98.91228714808175,18.81363442127773],[98.91225867607054,18.813634407889733],[98.91225870419258,18.81358018075161],[98.91223023219052,18.81358016735931],[98.91223024625607,18.813553053790148],[98.91220177425859,18.813553040393522],[98.91220181646878,18.813471699685632],[98.91217334448503,18.813471686284718],[98.9121733585596,18.813444572715284],[98.91220183053879,18.813444586116177],[98.91220190088849,18.813309018267727],[98.91217342893212,18.813309004866944],[98.91217344300655,18.81328189129704],[98.91214497105476,18.813281877891928],[98.91214498513372,18.81325476432196],[98.91208804123933,18.81325473749875],[98.91208805532739,18.813227623928746],[98.9120595833848,18.813227610510648],[98.91205961157,18.813173383370447],[98.91211655543697,18.813173410202232]],[[98.91203113963655,18.813173369948046],[98.91203115373366,18.81314625637785],[98.91205962566256,18.81314626980024],[98.91205961157,18.813173383370447],[98.91203113963655,18.813173369948046]],[[98.91197420987598,18.813146229520047],[98.91197422398218,18.813119115949817],[98.91194575205795,18.813119102514417],[98.9119457661687,18.813091988944123],[98.91200271000811,18.813092015810533],[98.91200269590647,18.813119129380866],[98.91203116783076,18.813119142807583],[98.91203115373366,18.81314625637785],[98.91197420987598,18.813146229520047]],[[98.91328337665142,18.814204272067126],[98.91325490454356,18.814204258830774],[98.913254946249,18.814122918126273],[98.91328341834317,18.814122931362558],[98.91328344613754,18.814068704225786],[98.91331191822262,18.814068717457687],[98.91331201547024,18.81387892247636],[98.91339743162979,18.81387896214557],[98.91339741775103,18.813906075714627],[98.91342588980882,18.813906088929027],[98.9134258759346,18.813933202498024],[98.91348282005939,18.813933228913825],[98.91348280619427,18.81396034248279],[98.91353975032827,18.81396036888125],[98.91353973647225,18.813987482450184],[98.91356820854385,18.813987495642916],[98.91356818084087,18.81404172278057],[98.91359665292163,18.814041735968996],[98.91359662522768,18.81409596310638],[98.91362509731758,18.814095976290506],[98.91362506963267,18.81415020342761],[98.91356812543464,18.814150177054927],[98.91356811158302,18.814177290623324],[98.9135396394795,18.814177277430446],[98.91353962562327,18.814204390998736],[98.91348268140715,18.814204364599906],[98.9134826675418,18.814231478168082],[98.91328336275413,18.814231385635164],[98.91328337665142,18.814204272067126]],[[98.91795281580598,18.81417927046616],[98.91792434369889,18.814179257942445],[98.91792437000584,18.8141250307995],[98.91789589790788,18.814125018271476],[98.91789592422387,18.81407079112825],[98.91786745213507,18.814070778595926],[98.91786747846011,18.814016551452422],[98.91783900638046,18.81401653891579],[98.91783908538237,18.81385385748351],[98.91786755743465,18.81385387002003],[98.91786757059698,18.813826756447686],[98.91795298674025,18.8138267940311],[98.9179529735916,18.813853907603505],[98.91798144564395,18.813853920122643],[98.91798143249984,18.813881033694972],[98.9180099045568,18.81388104620979],[98.9180098125793,18.814070841214104],[98.9180382846682,18.8140708537247],[98.91803820585686,18.814233535154017],[98.91795278950805,18.814233497608832],[98.91795281580598,18.81417927046616]],[[98.90770288834837,18.814120254012995],[98.90775983252719,18.81412028217586],[98.90775981774475,18.814147395740033],[98.90778828983876,18.81414740981496],[98.90778827506085,18.81417452337908],[98.90770285876522,18.81417448114117],[98.90770288834837,18.814120254012995]],[[98.91584590691538,18.814124104834896],[98.91578896272284,18.81412407914011],[98.91578898971414,18.81406985199979],[98.91576051762704,18.81406983914592],[98.91576057162762,18.813961384864403],[98.91590293197214,18.81396144908991],[98.91590291849485,18.81398856266051],[98.91595986264194,18.81398858832033],[98.91595983570554,18.81404281546136],[98.91598830778825,18.814042828284794],[98.91598828086087,18.814097055425545],[98.91595980876903,18.81409704260208],[98.91595979530075,18.814124156172323],[98.91593132320438,18.814124143344483],[98.9159313097315,18.81415125691462],[98.91584589342882,18.814151218404973],[98.91584590691538,18.814124104834896]],[[98.91390990099826,18.813933426478346],[98.91399531718668,18.81393346587393],[98.91399526205458,18.814041920150775],[98.91390984581142,18.814041880754946],[98.91390990099826,18.813933426478346]],[[98.9184369984848,18.813854119837853],[98.91840852643207,18.81385410738824],[98.91840853950772,18.813826993815532],[98.9183800674596,18.813826981361597],[98.91838008053979,18.813799867788827],[98.91835160849622,18.813799855330565],[98.91835164775036,18.813718514611843],[98.9184940078999,18.813718576859422],[98.91849399483802,18.813745690432512],[98.91852246687256,18.81374570286901],[98.91852245381521,18.813772816442032],[98.91855092585433,18.8137728288742],[98.91855087364304,18.813881283165586],[98.91843698541369,18.813881233410505],[98.9184369984848,18.813854119837853]],[[98.9077600246965,18.813767805834466],[98.90773155266639,18.813767791755488],[98.90773158223965,18.8137135646249],[98.90781699830265,18.813713606848665],[98.90781698352973,18.813740720414064],[98.90784545555535,18.813740734479982],[98.90784542601854,18.81379496161058],[98.90776000991438,18.813794919399655],[98.9077600246965,18.813767805834466]],[[98.9116322210226,18.813769680096108],[98.9115752769557,18.813769653115678],[98.91157529112635,18.81374253954755],[98.91151834706866,18.813742512549787],[98.91151837542817,18.813688285413374],[98.91154684744788,18.81368829891439],[98.91154686162302,18.81366118534604],[98.91166074968385,18.81366123930656],[98.91166073552695,18.81368835287499],[98.91168920754677,18.813688366354274],[98.91168919339441,18.813715479922646],[98.91171766541883,18.813715493397606],[98.91171763712316,18.813769720534157],[98.9116606930561,18.8137696935798],[98.91166067889911,18.813796807147913],[98.91163220686106,18.8137967936642],[98.9116322210226,18.813769680096108]],[[98.90676357836662,18.813631742661613],[98.90673510636023,18.813631728430657],[98.90673512130644,18.813604614865785],[98.90670664930462,18.813604600630516],[98.9067066792061,18.81355037350057],[98.90667820721345,18.813550359260997],[98.90667823712394,18.81349613213077],[98.9067636530746,18.81349617483631],[98.90676363813306,18.81352328840153],[98.90682058210945,18.813523316850212],[98.906820567177,18.813550430415397],[98.90684903916978,18.81355044463324],[98.90684899438598,18.813631785328376],[98.90682052237949,18.81363177111047],[98.90682050744695,18.81365888467533],[98.90676356342495,18.813658856226432],[98.90676357836662,18.813631742661613]],[[98.91795318396738,18.813420090435656],[98.91792471198805,18.81342007791249],[98.9179247251409,18.81339296433885],[98.91789625316615,18.81339295181135],[98.91789626632355,18.81336583823765],[98.91786779435338,18.81336582570583],[98.91786780751534,18.81333871213207],[98.91783933554974,18.813338699595928],[98.91783934871623,18.81331158602211],[98.91778240479425,18.81331156093682],[98.91778241796985,18.813284447362964],[98.91775394601346,18.813284434813816],[98.91775393283332,18.813311548387656],[98.9176685169506,18.813311510714097],[98.91766853014443,18.813284397140315],[98.91764005818814,18.813284384573794],[98.91764007138651,18.81325727099995],[98.91758312748311,18.813257245853904],[98.91758315389804,18.813203018706066],[98.91755468195551,18.81320300612657],[98.9175546951675,18.813175892552554],[98.91752622322954,18.813175879968725],[98.91752623644607,18.81314876639465],[98.91746929257936,18.813148741214007],[98.91746930580499,18.81312162763989],[98.91744083387623,18.813121615043066],[98.9174408471064,18.81309450146889],[98.91741237518222,18.81309448886774],[98.91741240165165,18.81304026171919],[98.91738392973662,18.81304024911374],[98.91738398269341,18.81293179481578],[98.91735551079665,18.812931782206054],[98.9173555505277,18.81285044148182],[98.91738402241076,18.812850454091475],[98.91738403564983,18.81282334051655],[98.91744097940693,18.812823365722803],[98.91744096617698,18.812850479297765],[98.91749790994326,18.81285050448668],[98.91749789672241,18.812877618061602],[98.91752636861015,18.812877630649556],[98.91752635539385,18.81290474422441],[98.91758329917853,18.812904769387334],[98.91758328597133,18.812931882962157],[98.91769717355922,18.812931933235934],[98.91769716037024,18.812959046810754],[98.91775410417344,18.812959071921608],[98.91775409099355,18.812986185496392],[98.91783950671221,18.81298622313015],[98.91783949354601,18.81301333670491],[98.91786796545685,18.81301334924083],[98.91786793913349,18.813067576390157],[98.91789641105345,18.813067588921765],[98.91789637158193,18.813148929645227],[98.91792484351562,18.813148942172543],[98.91792483036296,18.813176055746894],[98.91795330230123,18.81317606826989],[98.91795328915312,18.813203181844173],[98.91801023303884,18.813203206877173],[98.91801021989984,18.813230320451424],[98.91806716379479,18.813230345467073],[98.91806715066488,18.813257459041285],[98.91809562261696,18.81325747154261],[98.91809557011533,18.813365925838742],[98.91806709814502,18.813365913337336],[98.91806707188495,18.81342014048489],[98.91803859990551,18.8134201279791],[98.91803858677089,18.813447241552737],[98.91795317081906,18.813447204009236],[98.91795318396738,18.813420090435656]],[[98.91527683158643,18.81339178069368],[98.91510599975103,18.813391703039002],[98.91510601335557,18.813364589467234],[98.91504906941977,18.813364563547623],[98.91504909664702,18.813310336403934],[98.91502062468827,18.813310323437648],[98.91502065192458,18.813256096293678],[98.91499217997497,18.81325608332309],[98.91499222084295,18.813174742606606],[98.91496374890706,18.813174729631733],[98.91496376253423,18.813147616059435],[98.91499223446556,18.813147629034294],[98.91499226171071,18.813093401889418],[98.91510614939975,18.813093453745225],[98.91510613579544,18.81312056731778],[98.91513460772231,18.813120580270887],[98.91513458052275,18.813174807415802],[98.91516305245877,18.8131748203646],[98.91516303886351,18.813201933936966],[98.91519151080414,18.813201946881442],[98.91519149721341,18.813229060453743],[98.91521996915861,18.813229073393895],[98.91521995557244,18.813256186966136],[98.91527689947203,18.813256212833448],[98.91527688589495,18.813283326405653],[98.91530535784936,18.81328333933282],[98.91530534427683,18.813310452904965],[98.91536228819481,18.813310478746285],[98.91536227463138,18.813337592318387],[98.91539074659498,18.81333760523255],[98.91539073303608,18.8133647188046],[98.91541920500426,18.813364731714437],[98.91541917789552,18.813418958858335],[98.91527681800925,18.813418894265492],[98.91527683158643,18.81339178069368]],[[98.91701367515535,18.813284107010993],[98.91698520319957,18.813284094344528],[98.91698522980617,18.81322986719767],[98.91709911759291,18.813229917837276],[98.91709907773773,18.813311258557686],[98.91701366185657,18.813311220584325],[98.91701367515535,18.813284107010993]],[[98.91151861648,18.813227354741148],[98.91154708842214,18.8132273682418],[98.91154706007259,18.81328159538094],[98.91151858812131,18.813281581880243],[98.91151861648,18.813227354741148]],[[98.916757440894,18.813256879283202],[98.91667202504105,18.813256841153535],[98.91667203839454,18.813229727580282],[98.91658662255549,18.81322968941157],[98.91658663592263,18.8132025758383],[98.91655816398087,18.813202563106724],[98.91655817735256,18.81317544953339],[98.91658664928974,18.813175462264947],[98.91658666265684,18.813148348691517],[98.91670055038756,18.81314839957421],[98.91670056373638,18.81312128600062],[98.91675750759275,18.813121311415863],[98.91675752093242,18.813094197842148],[98.91684293670345,18.813094235932358],[98.91684292337746,18.81312134950613],[98.91689986723405,18.813121374877916],[98.91689984060025,18.813175602025282],[98.9169283125377,18.8131756147047],[98.91692829922535,18.813202728278288],[98.91689982728332,18.813202715598848],[98.91689981396637,18.81322982917234],[98.91687134201982,18.813229816488537],[98.91687132869826,18.813256930061932],[98.91681438479608,18.81325690468126],[98.9168143714654,18.813284018254535],[98.91675742755419,18.81328399285644],[98.916757440894,18.813256879283202]],[[98.9064506711382,18.813116428140244],[98.90642219921878,18.813116413861923],[98.9064222142147,18.813089300295783],[98.90639374229987,18.813089286013142],[98.90639375730032,18.813062172446955],[98.90636528539007,18.813062158159987],[98.90636530039505,18.813035044593736],[98.90633682848939,18.813035030302444],[98.9063368434989,18.813007916736144],[98.90636531540002,18.813007931027414],[98.90636533040497,18.81298081746101],[98.90639380230151,18.812980831747915],[98.90639381730186,18.812953718181408],[98.90647923297803,18.812953761015976],[98.90647921799135,18.812980874582546],[98.90650768988802,18.81298088885207],[98.90650765992375,18.813035115985016],[98.90653613182957,18.813035130250242],[98.90653611685195,18.813062243816624],[98.90656458876235,18.81306225807752],[98.90656455881617,18.813116485210085],[98.90653608689665,18.81311647094914],[98.90653607191895,18.813143584515288],[98.90645065614683,18.81314354170632],[98.9064506711382,18.813116428140244]],[[98.91163261753643,18.81301050015753],[98.91157567372503,18.813010473178274],[98.91157568789501,18.812983359607937],[98.91146180029075,18.812983305597374],[98.91146181447897,18.812956192027038],[98.9114048706861,18.812956164995725],[98.91140491327796,18.812874824284393],[98.91154727269186,18.812874891829775],[98.91154728686628,18.812847778259066],[98.91166117437956,18.812847832217077],[98.9116611602234,18.81287494578787],[98.91171810398932,18.812874972740847],[98.91171807569515,18.812929199882277],[98.91174654758727,18.812929213352287],[98.91174650515953,18.813010554063904],[98.9117180332537,18.81301054059383],[98.91171801910652,18.81303765416418],[98.91163260337555,18.813037613727825],[98.91163261753643,18.81301050015753]],[[98.91735572269322,18.812497965001914],[98.91732725086949,18.81249795238816],[98.91732727736527,18.812443725236268],[98.91741269280917,18.812443763064373],[98.91741267957497,18.812470876640422],[98.91744115139421,18.81247088924112],[98.91744113816455,18.8124980028171],[98.91741266634075,18.812497990216382],[98.91741265310651,18.812525103792275],[98.91735570944985,18.812525078577764],[98.91735572269322,18.812497965001914]],[[98.91715653940427,18.812253854429446],[98.91712806762176,18.812253841785463],[98.9171280809014,18.812226728208977],[98.91709960912347,18.812226715560662],[98.9170996356918,18.81217248840751],[98.91718505099828,18.812172526339303],[98.9171850377278,18.81219963991598],[98.9172419812747,18.812199665182163],[98.91724196801333,18.81222677875879],[98.91727043979138,18.812226791385385],[98.9172704132777,18.812281018538464],[98.91715652612916,18.812280968005876],[98.91715653940427,18.812253854429446]],[[98.90397419898181,18.81208485417644],[98.90394572723802,18.812084839520974],[98.90394577341354,18.812003498819205],[98.90400271687378,18.81200352812567],[98.90400270149108,18.81203064169305],[98.9040311732258,18.81203065633979],[98.90403115784767,18.81205776990711],[98.90405962958697,18.812057784549527],[98.90405959883971,18.81211201168399],[98.90397418359449,18.812111967743572],[98.90397419898181,18.81208485417644]],[[98.90608110809492,18.812085926624846],[98.90605263634922,18.812085912290883],[98.90605268151188,18.812004571584136],[98.90610962497598,18.81200460024759],[98.90610959488579,18.812058827385588],[98.90613806662701,18.81205884171084],[98.90613803654584,18.812113068848568],[98.90608109304522,18.812113040193633],[98.90608110809492,18.812085926624846]],[[98.91840945474766,18.811929043530295],[98.91835251129017,18.81192901862077],[98.91835252437336,18.811901905042507],[98.91829558092509,18.81190188011565],[98.91829559401737,18.811874766537347],[98.91826712229783,18.81187475406741],[98.91826717468501,18.811766299753504],[98.91835258978895,18.811766337150033],[98.91835257670589,18.811793450728683],[98.91838104841182,18.811793463185523],[98.91838103533327,18.811820576764116],[98.91840950704378,18.811820589216627],[98.91840949396979,18.811847702795166],[98.91846643739999,18.811847727687194],[98.9184664243351,18.811874841265688],[98.91849489605478,18.811874853705206],[98.91849488299444,18.811901967283642],[98.91852335471872,18.81190197971884],[98.91852332860707,18.8119562068755],[98.91840944167357,18.811956157108515],[98.91840945474766,18.811929043530295]],[[98.91917824323588,18.811820923792215],[98.919206714947,18.811820936123077],[98.91920672789323,18.811793822543926],[98.91929214301307,18.811793859510395],[98.91929210421536,18.811875200247776],[98.9191782173342,18.811875150950243],[98.91917824323588,18.811820923792215]],[[98.91838124458715,18.811386759497168],[98.91835277294967,18.811386747040622],[98.91835278603241,18.81135963346079],[98.9183243143995,18.811359620999916],[98.91832434057405,18.811305393840055],[98.91835281219782,18.811305406300885],[98.9183528252805,18.81127829272082],[98.91843824013827,18.811278330077204],[98.9184382270693,18.81130544365733],[98.91849517031706,18.811305468539903],[98.91849515725717,18.811332582119988],[98.91852362888565,18.81133259455478],[98.91852358971954,18.811413935294627],[98.91838123150895,18.811413873076948],[98.91838124458715,18.811386759497168]],[[98.90425934597828,18.811325820574513],[98.90423087436196,18.81132580596312],[98.90423088970746,18.811298692393514],[98.90417394648405,18.81129866315774],[98.90417396183865,18.8112715495881],[98.9040031321964,18.811271461776645],[98.90400314757834,18.811244348207058],[98.90394620437358,18.811244318901863],[98.90394623515566,18.811190091762548],[98.90400317834215,18.811190121067657],[98.90400319372404,18.811163007497836],[98.90406013690152,18.811163036785516],[98.90406015227424,18.811135923215573],[98.90434486811762,18.81113606939308],[98.90434485279053,18.811163182963252],[98.90440179596865,18.81116321214666],[98.90440178065063,18.811190325716804],[98.9044302522443,18.811190340302016],[98.90443023693084,18.811217453872096],[98.90445870852908,18.81121746845299],[98.90445869322015,18.811244582023015],[98.90448716482298,18.811244596599582],[98.90448713421416,18.811298823739442],[98.90445866260221,18.811298809162825],[98.9044586472932,18.81132592273261],[98.90443017567671,18.81132590815163],[98.9044301603631,18.81135302172132],[98.9042593306373,18.811352934144065],[98.90425934597828,18.811325820574513]],[[98.90377539017837,18.81121711731253],[98.90374691858075,18.81121710262737],[98.90374696484955,18.811135761918525],[98.90377543643348,18.81113577660361],[98.9037754518518,18.811108663033814],[98.90383239501061,18.811108692390917],[98.90383237960143,18.811135805960756],[98.90386085118543,18.811135820632817],[98.90386083578078,18.8111629342026],[98.90388930736938,18.811162948870336],[98.90388929196925,18.811190062440073],[98.90391776356243,18.81119007710348],[98.90391773277125,18.811244304242752],[98.90377537475996,18.81124423088201],[98.90377539017837,18.81121711731253]],[[98.90366162728047,18.811000149987866],[98.90363315571946,18.811000135285518],[98.90363318660143,18.810945908145275],[98.90360471504955,18.810945893438625],[98.90360476138598,18.810864552727757],[98.90357628984782,18.810864538016826],[98.90357635164762,18.810756083734656],[98.9036617662074,18.81075612785414],[98.90366175077118,18.81078324142487],[98.90369022229572,18.810783256122697],[98.90369020686404,18.81081036969337],[98.90371867839318,18.810810384386876],[98.90371866296603,18.810837497957497],[98.90374713449975,18.810837512646682],[98.90374711907714,18.81086462621724],[98.90377559061545,18.810864640902103],[98.90377555977926,18.810918868043032],[98.90380403132673,18.810918882723602],[98.90380400049956,18.81097310986426],[98.90377552894299,18.810973095183652],[98.90377551352479,18.81100020875384],[98.90374704196368,18.81100019406887],[98.9037470265409,18.811027307638952],[98.903661611844,18.81102726355789],[98.90366162728047,18.811000149987866]],[[98.91664488878146,18.8105454707219],[98.91658794579213,18.81054544527564],[98.91658795915701,18.810518331694578],[98.91655948766693,18.810518318964952],[98.91655951440575,18.81046409180262],[98.91653104292482,18.810464079068694],[98.91653105629877,18.810436965487426],[98.91647411334608,18.81043694000657],[98.91647412672911,18.810409826425268],[98.91644565525739,18.810409813678348],[98.91644566864497,18.810382700096987],[98.91641719717781,18.810382687345736],[98.91641721056993,18.810355573764316],[98.91638873910736,18.81035556100874],[98.916388752504,18.81032844742726],[98.91636028104602,18.810328434667365],[98.91636029444722,18.810301321085824],[98.91633182299381,18.810301308321606],[98.91633186321096,18.81021996757658],[98.91636033465068,18.810219980340737],[98.91636034805178,18.810192866758882],[98.91641729092215,18.810192892274134],[98.91641727753017,18.81022000585603],[98.91647422040977,18.81022003135395],[98.91647419364398,18.81027425851758],[98.91650266509293,18.81027427126006],[98.91650265171458,18.810301384841775],[98.91655959462167,18.810301410313745],[98.91655958125241,18.81032852389542],[98.91670193854337,18.810328587499416],[98.91670192519689,18.81035570108111],[98.91678733958543,18.81035573919144],[98.91678732625262,18.810382852773113],[98.91681579772006,18.810382865467886],[98.91681575773518,18.810464206212504],[98.91678728625403,18.810464193517667],[98.9167872595882,18.81051842068031],[98.91675878809797,18.810518407981096],[98.91675877476045,18.810545521562283],[98.91673030326568,18.810545508858706],[98.91673028992358,18.81057262243979],[98.91664487542569,18.81057258430293],[98.91664488878146,18.8105454707219]],[[98.91815395671591,18.810383457221853],[98.91821089965302,18.810383482190005],[98.91821088654827,18.810410595772574],[98.91815394360205,18.810410570804386],[98.91815395671591,18.810383457221853]],[[98.90306420599163,18.81015931963125],[98.90303573457258,18.810159304838376],[98.90303575010856,18.81013219126634],[98.9030072786941,18.810132176469136],[98.90300732531554,18.81005083575262],[98.90309273951793,18.810050880130984],[98.90309272399115,18.8100779937033],[98.90312119539657,18.810078008487427],[98.90312117987433,18.810105122059685],[98.90317812269436,18.81010515161494],[98.90317809166805,18.810159378759327],[98.90312114882978,18.81015934920398],[98.90312113330747,18.810186462776002],[98.90306419046019,18.810186433203235],[98.90306420599163,18.81015931963125]],[[98.91829654969405,18.809895475108863],[98.91826807830753,18.809895462640345],[98.91826809140274,18.809868349056234],[98.9182396200208,18.809868336583392],[98.91823968551925,18.809732768661778],[98.91826815687838,18.809732781134528],[98.91826818306846,18.8096785539653],[98.9183820684687,18.809678603812706],[98.9183820553919,18.80970571739744],[98.91841052674657,18.809705729848456],[98.91841051367433,18.80973284343312],[98.91843898503359,18.809732855879805],[98.91843894583037,18.80981419663342],[98.91841047445743,18.809814184186678],[98.91841044831273,18.809868411355314],[98.91838197693068,18.80986839890419],[98.91838196385375,18.80989551248837],[98.91832502108059,18.809895487573044],[98.9183250079945,18.809922601157105],[98.9182965366034,18.809922588692906],[98.91829654969405,18.809895475108863]],[[98.91917920153467,18.809814518723968],[98.91915073016116,18.809814506390175],[98.91915075606857,18.80976027922022],[98.9192646415263,18.80976032852919],[98.91926461565536,18.809814555699294],[98.9192361442818,18.809814543378533],[98.91923613134175,18.809841656963446],[98.9191791885855,18.80984163230885],[98.91917920153467,18.809814518723968]],[[98.91972028625959,18.80954361638401],[98.91969181493128,18.80954360413294],[98.91969185353167,18.80946226337445],[98.91972032484631,18.80946227562546],[98.91972033770851,18.809435162039122],[98.91986269425922,18.809435223228924],[98.91986266858042,18.809489450401713],[98.91989113989976,18.809489462626676],[98.91989111423,18.809543689799188],[98.91986264290153,18.809543677574187],[98.91986263006206,18.80957079116031],[98.91972027339732,18.809570729970037],[98.91972028625959,18.80954361638401]],[[98.91875227412635,18.80951608382521],[98.91852450354291,18.80951598451359],[98.91852451659673,18.809488870928213],[98.91846757396021,18.809488846056908],[98.91846758702314,18.80946173247149],[98.91843911570949,18.809461720029333],[98.91843916797922,18.809353265686944],[98.91846763927464,18.80935327812902],[98.91846765233745,18.809326164543204],[98.91852459491922,18.809326189414282],[98.91852458186553,18.809353303000133],[98.91869540963877,18.80935337750922],[98.9186954226651,18.809326263923253],[98.91880930782945,18.80932631350902],[98.91880929482137,18.80935342709506],[98.91886623741281,18.809353451861917],[98.91886622441383,18.809380565447917],[98.91889469571414,18.809380577824854],[98.91889466972525,18.809434804996663],[98.91892314103471,18.80943481736929],[98.91892310206487,18.80951615812647],[98.91889463074173,18.809516145753786],[98.91889461774718,18.809543259339335],[98.91875226110899,18.809543197410665],[98.91875227412635,18.80951608382521]],[[98.91752806011095,18.809407092417086],[98.91749958880716,18.80940707983162],[98.91749960202512,18.809379966246617],[98.9174711307259,18.809379953656826],[98.9174711439484,18.80935284007177],[98.91749961524305,18.80935285266154],[98.91749962846096,18.80932573907638],[98.91752809975107,18.809325751661788],[98.91752811296439,18.809298638076534],[98.91755658424997,18.809298650657574],[98.91755661066742,18.809244423486792],[98.9175850819439,18.809244436063448],[98.91758509514803,18.809217322477924],[98.91761356641997,18.809217335050217],[98.91761355322039,18.809244448635766],[98.91764202449691,18.80924446120374],[98.91764201130188,18.809271574789232],[98.91767048258298,18.80927158735288],[98.91767041663029,18.809407155279242],[98.91764194532637,18.809407142715504],[98.9176419321312,18.809434256300516],[98.91752804689754,18.80943420600202],[98.91752806011095,18.809407092417086]],[[98.91536428176738,18.809324782790426],[98.91533581047901,18.809324769874873],[98.91533583760811,18.80927054270732],[98.91530736632888,18.80927052978747],[98.91530737989797,18.809243416203593],[98.91527890862332,18.80924340327941],[98.91527892219695,18.80921628969548],[98.91525045092688,18.80921627676698],[98.91525046450504,18.809189163182985],[98.91522199323956,18.80918915025016],[98.91522202040493,18.809134923081984],[98.91527896291765,18.809134948943214],[98.91527894934411,18.809162062527385],[98.91530742060506,18.8091620754515],[98.91530740703605,18.809189189035614],[98.91533587830159,18.809189201955405],[98.91533586473713,18.80921631553946],[98.91550669235824,18.809216392967134],[98.91550667882112,18.809243506551223],[98.9155636213708,18.80924353232573],[98.91556360784277,18.80927064590979],[98.9155920791222,18.80927065879055],[98.91559206559872,18.809297772374546],[98.91556359431472,18.809297759493766],[98.91556358078664,18.809324873077664],[98.9155066382096,18.80932484730303],[98.91550662467239,18.809351960886804],[98.91536426820736,18.809351896374103],[98.91536428176738,18.809324782790426]],[[98.91425392901384,18.80927004869894],[98.9142254577355,18.809270035614013],[98.9142254852203,18.809215808447718],[98.91436784156663,18.809215873828716],[98.91436782784704,18.809242987412006],[98.91439629912094,18.809243000475195],[98.91439627169082,18.809297227641576],[98.91425391527596,18.80929716228199],[98.91425392901384,18.80927004869894]],[[98.9130581632027,18.809215268227113],[98.9130296919345,18.809215254959778],[98.91302970586844,18.80918814137737],[98.9130012346048,18.809188128105713],[98.9130012764202,18.80910678735807],[98.91297280517027,18.809106774082128],[98.91297283305622,18.80905254691668],[98.91302977553785,18.80905257346414],[98.91302976160402,18.80907968704694],[98.91305823284944,18.80907970031417],[98.91305821892013,18.809106813896918],[98.91308669017013,18.80910682715983],[98.9130866623206,18.809161054325127],[98.91311513357974,18.809161067583734],[98.91311510573922,18.809215294748757],[98.91308663447096,18.809215281490108],[98.9130866205461,18.809242395072477],[98.91305814927328,18.809242381809465],[98.9130581632027,18.809215268227113]],[[98.91328596113513,18.809161147044154],[98.91325748987585,18.80916113381161],[98.91325750377325,18.809134020228875],[98.91322903251854,18.80913400699201],[98.91322906032242,18.809079779826348],[98.91320058907687,18.80907976658518],[98.91320060298334,18.809052653002254],[98.91317213174236,18.809052639756757],[98.91317215956435,18.80899841259071],[98.91314368833251,18.80899839934092],[98.91314371616353,18.808944172174595],[98.91311524494084,18.808944158920493],[98.91311527278089,18.8088899317539],[98.91314374399445,18.80888994500796],[98.91314375790988,18.808862831424523],[98.91320070032793,18.808862857919564],[98.91320071423421,18.808835744336005],[98.91322918543871,18.808835757576993],[98.91322919934039,18.808808643993334],[98.91328614174036,18.80880867046223],[98.9132861556329,18.808781556878454],[98.91331462682837,18.808781570106376],[98.91331465460425,18.808727342938543],[98.91334312579062,18.808727356162073],[98.91334313967396,18.80870024257802],[98.91337161085578,18.808700255797184],[98.91337162473455,18.808673142213035],[98.91340009591183,18.80867315542783],[98.91340010978601,18.808646041843584],[98.91342858095875,18.80864605505402],[98.91342859482835,18.808618941469664],[98.91377024884837,18.80861909965582],[98.9137702626632,18.808591986071146],[98.91379873382712,18.808591999225072],[98.91379874763737,18.8085648856403],[98.91382721879677,18.80856489878986],[98.91382723260243,18.808537785204987],[98.91385570375728,18.808537798350187],[98.91385571755838,18.808510684765213],[98.91391265985902,18.808510711042533],[98.91391268744286,18.808456483872273],[98.91388421630165,18.808456470735834],[98.91388425769092,18.80837512997991],[98.9139981422012,18.808375182499393],[98.91399822486963,18.808212500984954],[98.91402669596988,18.808212514103843],[98.91402670974331,18.808185400517807],[98.91405518083903,18.80818541363233],[98.91405519460788,18.808158300046195],[98.91411213679027,18.80815832626217],[98.91411212303055,18.808185439848348],[98.91422600741386,18.808185492228265],[98.91422599367236,18.80821260581444],[98.91425446477281,18.808212618898583],[98.9142544098248,18.808321073242585],[98.91428288094353,18.80832108632247],[98.91428285347851,18.808375313494036],[98.91425438235066,18.808375300414117],[98.91425435487643,18.80842952758534],[98.91416894146569,18.808429488319405],[98.91416892771485,18.80845660190483],[98.91402657200796,18.80845653637463],[98.9140265582343,18.808483649959875],[98.91396961594258,18.80848362371735],[98.91396960215977,18.808510737302477],[98.91394113100938,18.808510724174678],[98.91394108964712,18.808592064929538],[98.91391261848308,18.808592051797334],[98.913912590899,18.808646278966805],[98.91388411972585,18.808646265830212],[98.91388410592921,18.808673379414817],[98.91385563475154,18.808673366273858],[98.9138556209503,18.808700479858352],[98.91379867858589,18.808700453563375],[98.91379869239624,18.808673339978917],[98.91377022121863,18.80867332682493],[98.91377023503351,18.80864621324042],[98.91374176386049,18.808646200082112],[98.91374175004104,18.808673313666603],[98.91371327886347,18.80867330050393],[98.9137132512154,18.808727527672644],[98.91368478002873,18.808727514505584],[98.91368468322779,18.808917309593465],[98.91359926957213,18.808917270065802],[98.9135992834146,18.808890156482118],[98.91354234098675,18.80889013010866],[98.91354235483831,18.808863016524935],[98.91348541241969,18.808862990134152],[98.9134853569768,18.808971444468405],[98.91345688574927,18.808971431266407],[98.91345687188392,18.808998544849757],[98.91348534311602,18.80899855805177],[98.91348532925521,18.80902567163506],[98.91354227172857,18.809025698026094],[98.91354221632163,18.809134152358627],[98.91348527381176,18.809134125967436],[98.91348525995083,18.809161239550324],[98.91337137491315,18.80916118671572],[98.91337136103397,18.809188300298448],[98.91328594724226,18.80918826062683],[98.91328596113513,18.809161147044154]],[[98.91863859740107,18.809082216827395],[98.91858165490123,18.80908219199141],[98.91858166794557,18.809055078404736],[98.91855319670024,18.809055065980253],[98.91855320974913,18.809027952393514],[98.91849626726766,18.80902792753155],[98.91849628032564,18.809000813944774],[98.91843933785339,18.809000789065472],[98.91843935092048,18.808973675478654],[98.91838240845742,18.80897365058201],[98.91838242153361,18.80894653699516],[98.91841089276058,18.80894654944563],[98.91841090583216,18.808919435858677],[98.91861020438951,18.808919522890214],[98.91861019134983,18.8089466364773],[98.91863866257697,18.808946648893027],[98.91863864954183,18.80897376248005],[98.91866712077353,18.808973774891452],[98.91866710774295,18.809000888478423],[98.91869557897924,18.809000900885493],[98.918695539901,18.809082241645992],[98.91866706865103,18.809082229238868],[98.91866705562035,18.80910934282553],[98.91863858436582,18.80910933041403],[98.91863859740107,18.809082216827395]],[[98.91621859492858,18.80897269163431],[98.91627553738819,18.808972717191228],[98.91627551056065,18.809026944361822],[98.9162185680828,18.809026918804822],[98.91621859492858,18.80897269163431]],[[98.90616840263331,18.80869677287497],[98.90619687380891,18.80869678718879],[98.90619688883713,18.808669673609998],[98.90622536000818,18.80866968791945],[98.90622531493712,18.808751028655646],[98.90619684375237,18.808751014346125],[98.90619682872406,18.808778127924672],[98.9061683575348,18.80877811361079],[98.90616840263331,18.80869677287497]],[[98.91112252995593,18.808428062271098],[98.91115100109026,18.80842807582887],[98.91115098685593,18.80845518941212],[98.91117945799485,18.808455202965565],[98.91117944376505,18.808482316548755],[98.91112250147812,18.808482289437467],[98.91112252995593,18.808428062271098]],[[98.91815491396771,18.808404165484387],[98.9180979716967,18.80840414050168],[98.91809798481802,18.808377026913362],[98.91789868690209,18.808376939337197],[98.91789870005533,18.808349825748934],[98.91787022892913,18.8083498132207],[98.9178702420869,18.80832269963238],[98.91784177096528,18.80832268709982],[98.91784184993884,18.808160005568354],[98.91781337884463,18.80815999303157],[98.91781339201137,18.80813287944274],[98.91775644983211,18.80813285435617],[98.91775646300795,18.808105740767296],[98.91769952083791,18.80810571566339],[98.91769953402286,18.80807860207447],[98.91764259186202,18.808078576953232],[98.91764260505607,18.808051463364283],[98.91761413398024,18.808051450797166],[98.91761414717882,18.808024337208156],[98.91758567610759,18.80802432463672],[98.9175857025138,18.80797009745849],[98.91761417357591,18.8079701100299],[98.91761418677443,18.80794299644065],[98.91772807100487,18.807943046682745],[98.9177280578246,18.807970160272067],[98.91787041313596,18.807970222977048],[98.91787039997847,18.807997336566398],[98.91789887104537,18.80799734909438],[98.91789885789242,18.808024462683658],[98.91792732896391,18.808024475207322],[98.9179273158155,18.80805158879655],[98.91795578689157,18.808051601315885],[98.9179557737477,18.808078714905047],[98.91798424482835,18.808078727420057],[98.91798423168902,18.80810584100917],[98.91801270277426,18.80810585351985],[98.91801267650465,18.80816008069787],[98.91804114759904,18.80816009320425],[98.91804112133846,18.808214320381992],[98.91806959244198,18.808214332884074],[98.91806957931624,18.80824144647284],[98.91815499264062,18.808241483953065],[98.91815497952852,18.808268597541822],[98.91821192175402,18.808268622506958],[98.91821190865103,18.80829573609567],[98.91824037976838,18.808295748571734],[98.9182403273744,18.80840420292587],[98.91821185623881,18.80840419044972],[98.91821184313571,18.808431304038038],[98.91815490085548,18.80843127907267],[98.91815491396771,18.808404165484387]],[[98.91513698732452,18.80837570387169],[98.91510851619599,18.808375690922084],[98.91510852979623,18.80834857733576],[98.91508005867227,18.808348564381827],[98.9150801403006,18.80818588286232],[98.91505166920405,18.808185869904165],[98.91505165559481,18.808212983490925],[98.91502318449372,18.80821297052841],[98.9150231981075,18.808185856941673],[98.91499472701099,18.80818584397483],[98.91499475424762,18.808131616801145],[98.91505169642242,18.8081316427304],[98.91505171003159,18.808104529143403],[98.91510865219736,18.808104555055237],[98.91510866579738,18.80807744146812],[98.91513713687574,18.808077454417507],[98.91513715047117,18.80805034083029],[98.91519409261885,18.808050366715985],[98.91519410620513,18.808023253128653],[98.91516563513584,18.808023240187993],[98.91516564872666,18.807996126600603],[98.91519411979138,18.80799613954124],[98.91519413337761,18.807969025953742],[98.9152226044378,18.80796903889002],[98.91522259085613,18.807996152477532],[98.9152510619209,18.807996165409477],[98.91525103476661,18.808050392584306],[98.91527950584053,18.80805040551195],[98.91527949226791,18.808077519099268],[98.91542184766067,18.808077583672432],[98.91542177991126,18.808213151608335],[98.91539330880984,18.808213138702286],[98.91539329525534,18.808240252289213],[98.91533635304347,18.808240226464047],[98.91533633947982,18.808267340050854],[98.91530786836937,18.80826732713174],[98.91530785480111,18.808294440718445],[98.91527938368613,18.80829442779497],[98.9152793701133,18.80832154138157],[98.91525089899376,18.808321528453728],[98.91525088541636,18.80834864204024],[98.91522241429227,18.808348629108032],[98.91522240071028,18.808375742694434],[98.91519392958168,18.808375729757866],[98.91519391599509,18.80840284334418],[98.91513697372882,18.80840281745796],[98.91513698732452,18.80837570387169]],[[98.91599137690554,18.807860932174457],[98.91601984794815,18.807860944989027],[98.91601986140198,18.80783383140056],[98.91610527451621,18.80783386981815],[98.91610524763587,18.807888096995118],[98.91607677658864,18.807888084193557],[98.91607676314388,18.807915197781902],[98.91604829209211,18.807915184975982],[98.9160482651934,18.8079694121524],[98.9159913230717,18.807969386527443],[98.91599137690554,18.807860932174457]],[[98.91613379929652,18.807725428260373],[98.91610532827664,18.807725415463274],[98.91610540891656,18.807562733928595],[98.91613387990907,18.807562746725573],[98.91613389334442,18.807535633136162],[98.91616236433241,18.807535645928773],[98.91616239119391,18.807481418749685],[98.91619086217278,18.807481431537916],[98.91619087559893,18.807454317948228],[98.91636170144531,18.807454394586273],[98.91636162105222,18.807617076123915],[98.91633315005039,18.807617063361647],[98.9163331232434,18.80767129054019],[98.91630465223248,18.80767127777354],[98.91630462541626,18.807725504951726],[98.91627615439624,18.807725492180698],[98.91627614098354,18.80775260576965],[98.91621919893446,18.807752580214512],[98.91621918551262,18.807779693803347],[98.91613377242547,18.807779655438008],[98.91613379929652,18.807725428260373]],[[98.91781358950979,18.807726175600802],[98.9178705315523,18.807726200669418],[98.917870518395,18.80775331425946],[98.91784204736919,18.807753301727306],[98.91784203420733,18.807780415317264],[98.91781356317696,18.807780402780747],[98.91781358950979,18.807726175600802]],[[98.91775672652005,18.80756346897331],[98.91772825552624,18.807563456423924],[98.91772830824583,18.807455002061424],[98.91778525019697,18.807455027155708],[98.91778523702624,18.807482140746494],[98.9178137080064,18.807482153287136],[98.91781365534146,18.80759060764955],[98.91775671334466,18.807590582563762],[98.91775672652005,18.80756346897331]],[[98.9100980732293,18.807478595862353],[98.91015501517695,18.80747862328483],[98.9101549863907,18.807532850455274],[98.91009804442481,18.807532823032712],[98.9100980732293,18.807478595862353]],[[98.91750060652352,18.807319333556425],[98.9175290774761,18.807319346140385],[98.91752906426443,18.807346459731384],[98.91750059330728,18.807346447147403],[98.91750060652352,18.807319333556425]],[[98.90013334595422,18.807283734321636],[98.90010487502147,18.807283719083802],[98.9001048910244,18.807256605505806],[98.90007642009623,18.807256590263652],[98.90007645211114,18.807202363107482],[98.90004798119212,18.807202347861036],[98.90004804523986,18.80709389354785],[98.90007651614063,18.807093908794208],[98.90007653214795,18.807066795215693],[98.90010500304419,18.807066810457687],[98.90010498704144,18.807093924036224],[98.90016192884313,18.807093954507213],[98.90016191284948,18.80712106808573],[98.90019038375492,18.80712108331474],[98.90019035177667,18.807175310471564],[98.90021882269126,18.807175325696278],[98.90021877473735,18.807256666430995],[98.90019030380907,18.807256651206213],[98.90019027183054,18.807310878362255],[98.90013332995582,18.807310847899565],[98.90013334595422,18.807283734321636]],[[98.91527991300832,18.807236997855863],[98.91530838394544,18.807237010778564],[98.91530839751277,18.807209897188784],[98.91545075217589,18.807209961737037],[98.91545073863135,18.80723707532692],[98.9154792095686,18.807237088223555],[98.9154791960286,18.80726420181338],[98.91550766697043,18.807264214705693],[98.91550765343497,18.807291328295452],[98.91536529870322,18.80729126379033],[98.91536528514494,18.80731837737991],[98.91527987229249,18.80731833862466],[98.91527991300832,18.807236997855863]],[[98.91536542072676,18.80704724148057],[98.91530847891632,18.807047215648478],[98.91530850605065,18.806992988467744],[98.91545086053132,18.806993053015198],[98.91545084698697,18.807020166605714],[98.91547931788773,18.80702017950219],[98.91547930434793,18.80704729309263],[98.9154223625373,18.80704726729529],[98.91542234898834,18.807074380885616],[98.9153654071687,18.807074355070856],[98.91536542072676,18.80704724148057]],[[98.9156216588749,18.807047357509983],[98.91556471706404,18.807047331756078],[98.91556475764236,18.806965990984313],[98.91559322853408,18.806966003863383],[98.91559324205559,18.806938890272622],[98.91567865471724,18.806938928883696],[98.91567864120942,18.80696604247452],[98.91570711210125,18.806966055336215],[98.91570707159134,18.807047396108274],[98.91567860068584,18.80704738324652],[98.91567858717792,18.80707449683703],[98.91562164535786,18.807074471100453],[98.9156216588749,18.807047357509983]],[[98.91673202420499,18.807047856238633],[98.91667508239235,18.807047830823514],[98.9166750957406,18.807020717232234],[98.91664662483888,18.80702070451818],[98.9166466782499,18.806912250152354],[98.91670362001689,18.806912275575964],[98.91670363336048,18.806885161984273],[98.91673210423944,18.80688517468954],[98.91673209090042,18.806912288281257],[98.91676056178397,18.8069123009822],[98.9167605484495,18.80693941457385],[98.91678901933764,18.80693942727048],[98.91678900600769,18.806966540862067],[98.9168174769004,18.806966553554364],[98.91681742359866,18.807075007920034],[98.91673201086584,18.807074969829873],[98.91673202420499,18.807047856238633]],[[98.9021549389938,18.807013669305686],[98.90212646810473,18.80701365437647],[98.90212649946238,18.80695942721552],[98.90215497034232,18.80695944214469],[98.90215498601655,18.806932328564077],[98.90221192776741,18.806932358409338],[98.9022119121023,18.806959471989998],[98.90224038298234,18.806959486906134],[98.90224035166118,18.807013714067267],[98.90221188077201,18.80701369915108],[98.90221186510684,18.807040812731504],[98.90215492331949,18.80704078288606],[98.9021549389938,18.807013669305686]],[[98.91738686829122,18.807021033671997],[98.91735839738892,18.80702102106653],[98.91735842386643,18.806966793882797],[98.91732995297328,18.806966781273022],[98.91732999270307,18.80688544049689],[98.91730152182363,18.806885427882836],[98.9173015748146,18.806776973513635],[98.91733004567581,18.806776986127613],[98.91733003243266,18.806804099720047],[98.91738697416426,18.80680412493502],[98.91738696093022,18.80683123852742],[98.9174154318006,18.806831251128408],[98.91741540534156,18.806885478313006],[98.9174438762211,18.806885490909696],[98.91744383654603,18.806966831686058],[98.91747230743927,18.806966844278453],[98.91747226777768,18.80704818505417],[98.91738685505699,18.807048147263767],[98.91738686829122,18.807021033671997]],[[98.9105255105098,18.80677384785585],[98.910582452221,18.80677387514692],[98.91058246654505,18.806746761559218],[98.91061093739613,18.806746775198217],[98.91061092307665,18.80677388878594],[98.91063939393231,18.80677390242062],[98.91063935098741,18.80685524318339],[98.91061088011807,18.80685522954865],[98.91061085147889,18.806909456723385],[98.91058238060045,18.806909443084262],[98.91058236627626,18.80693655667149],[98.91052542451033,18.806936529380167],[98.9105255105098,18.80677384785585]],[[98.91775717446993,18.80664160685129],[98.91781411614748,18.806641631935726],[98.91781408981645,18.80669585912197],[98.91775714812066,18.806695834037455],[98.91775717446993,18.80664160685129]],[[98.91465392154007,18.806504645518405],[98.91462545072663,18.806504632496345],[98.9146254644028,18.80647751890493],[98.91468240602056,18.80647754494466],[98.91468237868644,18.806531772127503],[98.91465390786843,18.80653175910977],[98.91465392154007,18.806504645518405]],[[98.91781418197466,18.806506063968733],[98.91784265279067,18.806506076504338],[98.91784263962984,18.806533190097912],[98.91781416880926,18.80653317756229],[98.91781418197466,18.806506063968733]],[[98.9055718391677,18.806310476089845],[98.9056287807151,18.80631050489166],[98.9056287353634,18.806391845646992],[98.90557179378865,18.806391816845043],[98.9055718391677,18.806310476089845]],[[98.89942218489524,18.80625303607538],[98.8993937141365,18.806253020729855],[98.8993937302524,18.806225907149468],[98.89936525949823,18.806225891799627],[98.89936527561868,18.806198778219187],[98.89942221711793,18.806198808914477],[98.8994222010066,18.806225922494963],[98.89945067176083,18.80622593783612],[98.89945063954723,18.80628016499691],[98.89942216878389,18.80628014965571],[98.89942218489524,18.80625303607538]],[[98.91798528276436,18.805936753631944],[98.91801375348474,18.80593676614108],[98.91801377975067,18.80588253895016],[98.91807072117321,18.805882563955333],[98.91807073429702,18.80585545035971],[98.91804226359028,18.80585543785932],[98.91804231610352,18.805746983476137],[98.91815619885759,18.80574703345135],[98.91815618574756,18.805774147047334],[98.9181846564407,18.8057741595303],[98.918184590913,18.80590972750917],[98.91807070804938,18.805909677550872],[98.91807069492553,18.805936791146333],[98.91804222420512,18.805936778645876],[98.91804221107668,18.80596389224124],[98.91798526962681,18.805963867227266],[98.91798528276436,18.805936753631944]],[[98.90850454883669,18.805905232971202],[98.90853301954458,18.805905246926596],[98.9085330341962,18.805878133337917],[98.90856150489955,18.805878147288947],[98.90856147560541,18.80593237446628],[98.9085045341805,18.80593234655979],[98.90850454883669,18.805905232971202]],[[98.91789997581249,18.805719807313505],[98.9178715051287,18.805719794787148],[98.91787153143987,18.80566556759516],[98.91795694346393,18.805665605161085],[98.91795693032205,18.805692718757175],[98.91798540100135,18.805692731270483],[98.91798537472661,18.805746958462475],[98.91789996266144,18.805746920909396],[98.91789997581249,18.805719807313505]],[[98.90047595371979,18.805657101999884],[98.90044748306035,18.80565708681558],[98.90044751495346,18.805602859649515],[98.90041904430316,18.80560284446092],[98.90041907620528,18.805548617294587],[98.90039060556414,18.80554860210169],[98.90039062151972,18.805521488518426],[98.90036215088315,18.80552147332121],[98.90036216684327,18.805494359737896],[98.90027675494744,18.805494314120264],[98.90027677092121,18.80546720053694],[98.90019135903931,18.805467154880283],[98.90019137502672,18.805440041296954],[98.90016290440403,18.805440026069412],[98.90016292039599,18.805412912486027],[98.90019139101412,18.805412927713544],[98.90019142298883,18.805358700546485],[98.90016295237982,18.805358685319007],[98.90016298436353,18.805304458151685],[98.90013451376367,18.805304442919912],[98.90013452976005,18.805277329336157],[98.90007758856953,18.805277298859632],[98.90007760457502,18.805250185275845],[98.90004913398435,18.805250170031087],[98.90004914999436,18.805223056447243],[98.9000206794083,18.805223041198172],[98.90002069542284,18.805195927614275],[98.89999222484136,18.80519591236088],[98.89999225687947,18.805141685192897],[98.90002072745182,18.80514170044624],[98.90002074346629,18.8051145868621],[98.90013462573775,18.80511464783196],[98.90013460974153,18.80514176141619],[98.90019155088655,18.80514179187511],[98.90019153489942,18.805168905459304],[98.90033388778525,18.805168981530713],[98.90033390374957,18.8051418679464],[98.90039084489497,18.805141898344512],[98.90039086085014,18.80511478476007],[98.90056168425963,18.805114875850048],[98.90056170018741,18.805087762265384],[98.900618641315,18.805087792593913],[98.90061860947765,18.80514201976326],[98.90064708005062,18.805142034921058],[98.90064703230807,18.805223375674537],[98.90061856172143,18.805223360516674],[98.90061851396496,18.805304701269378],[98.90064698456528,18.80530471642732],[98.90064692090785,18.80541317076326],[98.90067539152643,18.805413185916947],[98.90067537561656,18.805440299500752],[98.90064690499342,18.80544028434704],[98.90064687316449,18.805494511514375],[98.90061840253225,18.805494496356275],[98.90061838661317,18.8055216099398],[98.9005899159764,18.80552159477733],[98.90058990005274,18.805548708360757],[98.90056142941143,18.805548693193916],[98.90056141348317,18.80557580677724],[98.90053294283734,18.805575791606035],[98.90053287910584,18.805684245938444],[98.90047593777776,18.805684215582822],[98.90047595371979,18.805657101999884]],[[98.90807765019036,18.805606773643],[98.90804917953305,18.805606759618342],[98.90804919426192,18.805579646029162],[98.90802072360918,18.80557963200019],[98.90802075307596,18.80552540482163],[98.90807769436323,18.805525432875143],[98.90807770908745,18.8054983192857],[98.90816312100486,18.80549836133333],[98.9081631062943,18.805525474922838],[98.90819157693804,18.80552548893005],[98.90819156223203,18.8055526025195],[98.90822003288037,18.805552616522395],[98.90822000347738,18.8056068437011],[98.90819153281991,18.80560682969816],[98.90819151811384,18.805633943287376],[98.90807763546604,18.805633887232123],[98.90807765019036,18.805606773643]],[[98.90867554862851,18.805579953567726],[98.90864707797523,18.8055799396343],[98.90864710724135,18.805525712454784],[98.9086186365972,18.805525698517062],[98.90861866587235,18.80547147133728],[98.90859019523735,18.805471457395264],[98.90859022452152,18.805417230215205],[98.90856175389565,18.805417216268893],[98.90856181248192,18.805308761907913],[98.90864722430484,18.805308803733595],[98.90864720967198,18.80533591732402],[98.90867568028423,18.80533593125725],[98.90867566565592,18.805363044847617],[98.9087326068896,18.805363072701088],[98.9087325922704,18.80539018629142],[98.90876106289184,18.80539020021166],[98.90876094597368,18.80560710893166],[98.90867553399998,18.805607067157386],[98.90867554862851,18.805579953567726]],[[98.89970731018482,18.805548236169265],[98.89967883954436,18.805548220867795],[98.8996788716835,18.80549399370237],[98.89973581294622,18.80549402430088],[98.89973579688578,18.80552113788367],[98.89976426752173,18.805521153176436],[98.89976423540989,18.80557538034185],[98.89970729411976,18.805575349751877],[98.89970731018482,18.805548236169265]],[[98.90076077158997,18.80546745851964],[98.90078924221778,18.805467473656005],[98.90078925810944,18.805440360072183],[98.90081772873273,18.80544037520418],[98.90081776050683,18.805386148036245],[98.90078928989266,18.805386132904292],[98.90078930578423,18.805359019320232],[98.9007323645651,18.805358989043345],[98.90073238046577,18.805331875459252],[98.90070390986081,18.805331860314315],[98.90070395757631,18.805250519561632],[98.9007324281676,18.8052505347065],[98.90073244406815,18.80522342112209],[98.90076091465491,18.805223436262587],[98.90076094644681,18.805169209093492],[98.90078941702447,18.8051692242296],[98.90078944880713,18.805114997060137],[98.90081791937571,18.805115012191855],[98.90081795114915,18.805060785022036],[98.90078948058971,18.80506076989036],[98.90078949648095,18.805033656305355],[98.9007610259261,18.805033641169363],[98.90076107361335,18.804952300413944],[98.90073260307221,18.804952285273682],[98.9007326348727,18.80489805810306],[98.9007041643407,18.804898042958495],[98.9007042120549,18.804816702202032],[98.9006757415366,18.8048166870532],[98.9006758051734,18.804708232710247],[98.90070427567346,18.80470824785899],[98.90070429157802,18.80468113427303],[98.90081817356025,18.80468119482446],[98.90081815767392,18.804708308410515],[98.90084662817411,18.80470832353754],[98.90084661229231,18.80473543712354],[98.90087508279709,18.804735452246245],[98.90087506691982,18.80476256583218],[98.90090353742917,18.80476258095057],[98.90090352155646,18.804789694536453],[98.9009319920704,18.804789709650517],[98.9009319762022,18.804816823236344],[98.90096044672073,18.804816838346092],[98.90096035153833,18.80497951985957],[98.90098882208426,18.804979534965117],[98.9009887903657,18.80503376213569],[98.90101726092077,18.805033777236936],[98.901017245066,18.805060890822126],[98.90107418618535,18.805060921011645],[98.90107420203098,18.8050338074264],[98.90115961369652,18.80503385267803],[98.90115962952845,18.80500673909264],[98.90118810007912,18.80500675416781],[98.9011881792156,18.804871186239566],[98.90121664974349,18.804871201310277],[98.90121666556614,18.80484408772437],[98.90127360661289,18.804844117852703],[98.90127359079936,18.804871231438657],[98.90130206132734,18.804871246496333],[98.9013019506638,18.805061041595977],[98.9012734801039,18.80506102653813],[98.90127343266258,18.805142367293872],[98.90130190323616,18.80514238235178],[98.90130185580828,18.805223723106874],[98.90133032639557,18.805223738160514],[98.90133027898113,18.805305078914973],[98.90130180838015,18.805305063861265],[98.90130179257072,18.805332177445905],[98.90127332196522,18.80533216238783],[98.9012733061512,18.805359275972368],[98.90104554127164,18.805359155351244],[98.90104552542113,18.805386268935514],[98.90098858419238,18.80538623873676],[98.90098860005205,18.805359125152528],[98.90093165883252,18.805359094936442],[98.90093164296376,18.80538620852063],[98.90087470173523,18.805386178287122],[98.90087468585732,18.80541329187118],[98.90084621523854,18.805413276747885],[98.90084615170836,18.805521731083218],[98.90076073979746,18.805521685687005],[98.90076077158997,18.80546745851964]],[[98.90770769426527,18.80530834150131],[98.90767922365845,18.80530832742044],[98.90767923844632,18.805281213830675],[98.90762229724186,18.805281185655947],[98.90762231203882,18.805254072066145],[98.90759384144118,18.80525405797229],[98.90759388584564,18.80517271720248],[98.90782165051797,18.8051728298312],[98.907821635753,18.805199943421393],[98.90787857693046,18.80519997153518],[98.90787856217457,18.80522708512534],[98.90790703276791,18.805227099175735],[98.9079069885138,18.805308439945797],[98.9078785179068,18.805308425895323],[98.90787850315081,18.805335539485167],[98.90770767948193,18.805335455091022],[98.90770769426527,18.80530834150131]],[[98.90799245928568,18.80520002771065],[98.90802092987454,18.805200041743664],[98.90802094460759,18.805172928153322],[98.90804941519193,18.805172942181965],[98.90804944464882,18.805118715001004],[98.90807791522406,18.80511872902526],[98.90807794467175,18.80506450184394],[98.90810641523788,18.80506451586381],[98.90810642995714,18.805037402273012],[98.90816337108038,18.805037430299688],[98.90816331223972,18.805145884662593],[98.90810637108001,18.805145856635743],[98.90810635636066,18.80517297022623],[98.90807788577628,18.805172956206267],[98.90807787105236,18.805200069796655],[98.90804940046343,18.805200055772332],[98.90804938573491,18.80522716936262],[98.90799244454804,18.805227141300893],[98.90799245928568,18.80520002771065]],[[98.90913144296573,18.804902336136177],[98.9090745018864,18.80490230840504],[98.90907451645043,18.804875194813036],[98.90904604591536,18.804875180940975],[98.90904606048394,18.80484806734891],[98.90901758995345,18.80484805347253],[98.90901764824577,18.804739599103574],[98.909046118758,18.804739612979866],[98.90904614789488,18.804685385794873],[98.90901767739177,18.804685371918623],[98.90901769196473,18.804658258326025],[98.9089892214662,18.80465824444545],[98.9089892360437,18.804631130852798],[98.90896076554975,18.8046311169679],[98.90896078013178,18.804604003375196],[98.90893230964241,18.804603989485972],[98.90893232422899,18.80457687589321],[98.9089038537442,18.804576861999674],[98.90890389751743,18.80449552122097],[98.90896083845968,18.804495549003583],[98.90896082387773,18.8045226625966],[98.90898929435345,18.804522676481415],[98.90898927977605,18.80454979007438],[98.90901775025635,18.80454980395487],[98.90901773568348,18.804576917547777],[98.90904620616836,18.80457693142395],[98.90904619160004,18.804604045016795],[98.9090746620895,18.80460405888864],[98.90907464752571,18.804631172481436],[98.90910311801976,18.80463118634896],[98.90910308890122,18.804685413534358],[98.90913155940441,18.80468542739758],[98.90913153029489,18.804739654582708],[98.90916000080725,18.804739668441627],[98.909159986257,18.804766782034093],[98.90918845677392,18.804766795888696],[98.9091884276825,18.80482102307343],[98.90921689820857,18.804821036923737],[98.90921685458491,18.804902377700312],[98.90918838404517,18.804902363849944],[98.90918836949933,18.804929477441956],[98.90913142841079,18.80492944972815],[98.90913144296573,18.804902336136177]],[[98.90850514971936,18.80479357577144],[98.90847667919849,18.804793561812588],[98.90847669385819,18.804766448220718],[98.90844822334188,18.80476643425754],[98.9084482819987,18.80465797988936],[98.90853369349297,18.804658021765608],[98.90853367884249,18.804685135357836],[98.90856214934519,18.804685149307918],[98.90856209076122,18.804793603676124],[98.90853362024028,18.804793589725957],[98.90853360558967,18.80482070331779],[98.9085051350642,18.804820689363254],[98.90850514971936,18.80479357577144]],[[98.91895400127231,18.804445928606167],[98.91892553080204,18.80444591624141],[98.91892554378785,18.804418802641038],[98.91889707332214,18.804418790271956],[98.9188970863125,18.804391676671525],[98.91886861585138,18.80439166429812],[98.91886862884628,18.80436455069763],[98.91889709930282,18.804364563071022],[98.91889711229312,18.804337449470435],[98.91909640545772,18.804337535962443],[98.91909639249934,18.804364649563162],[98.91912486295607,18.804364661901804],[98.91912482409447,18.80444600270354],[98.91909635362406,18.80444599036484],[98.91909634066558,18.804473103965236],[98.91895398829105,18.804473042206475],[98.91895400127231,18.804445928606167]],[[98.91260535292456,18.803927905429962],[98.91257688254608,18.803927892097143],[98.91257692455281,18.803846551304627],[98.91263386528247,18.803846577965796],[98.91263385128936,18.80387369156342],[98.91269079202823,18.80387371820726],[98.91269077804422,18.803900831804853],[98.91271924841826,18.803900845120275],[98.9127192344388,18.803927958717804],[98.91274770481739,18.80392797202891],[98.91274767686751,18.803982199223782],[98.91260532492907,18.803982132624622],[98.91260535292456,18.803927905429962]],[[98.89987916038363,18.803813058426694],[98.89985069003485,18.803813043152793],[98.89985075419658,18.80370458880092],[98.89987922452711,18.803704604074728],[98.89987924056292,18.80367749048654],[98.89990771088891,18.803677505755985],[98.89990772692013,18.80365039216769],[98.89993619724162,18.80365040743277],[98.89993621326823,18.803623293844375],[98.89996468358517,18.80362330910508],[98.8999646675631,18.803650422693497],[98.89999313788462,18.803650437949887],[98.89999307381431,18.803758892302863],[98.89996460347456,18.803758877046377],[98.89996457143012,18.803813104222343],[98.89993610108125,18.803813088961473],[98.89993608505443,18.803840202549313],[98.8998791443477,18.803840172014493],[98.89987916038363,18.803813058426694]],[[98.90044861519891,18.803732022227514],[98.90039167452765,18.803731991849208],[98.90039170643514,18.80367776467206],[98.90036323610867,18.803677749476442],[98.90036325206692,18.803650635887777],[98.90033478174504,18.80365062068784],[98.90033479770784,18.803623507099122],[98.90024938675604,18.80362346147333],[98.90024937077958,18.80365057506198],[98.90016395981435,18.803650529397032],[98.90016397580449,18.80362341580845],[98.90013550548737,18.80362340057814],[98.90013556946593,18.803514946223125],[98.89996474767317,18.80351485475063],[98.89996477971701,18.803460627572935],[98.89993630942743,18.803460612312364],[98.89993634148027,18.8034063851344],[98.89996481176074,18.803406400394916],[98.89996490789125,18.803243718858987],[98.89993643763815,18.80324370359861],[98.89993646969056,18.803189476419387],[98.89990799944661,18.803189461154716],[98.89990807959994,18.803053893205394],[98.89996502004227,18.803053923730165],[98.89996500402079,18.80308103732023],[98.89999347424656,18.803081052576125],[98.89999339416147,18.803216620525404],[98.90002186441006,18.803216635777076],[98.90002183238497,18.80327086295629],[98.9000503026427,18.803270878203666],[98.90005027062662,18.8033251053826],[98.9000787408935,18.803325120625686],[98.90007872488997,18.80335223421506],[98.90010719516145,18.803352249453823],[98.90010716316343,18.80340647663238],[98.9001641037247,18.803406507096966],[98.90016408773477,18.80343362068618],[98.90019255802,18.803433635911983],[98.9001925420346,18.803460749501138],[98.90027795290416,18.803460795152564],[98.90027798484756,18.803406567974037],[98.90030645512836,18.803406583182444],[98.90030648706254,18.803352356003547],[98.90033495733422,18.803352371207566],[98.90033497329672,18.803325257617978],[98.90036344356389,18.803325272817634],[98.90036345952178,18.803298159227943],[98.90042040004707,18.80329818961418],[98.90042041599582,18.803271076024366],[98.90053429702849,18.803271136744623],[98.90053428109796,18.80329825033453],[98.90056275136075,18.80329826550377],[98.90056273543478,18.803325379093618],[98.90059120570214,18.803325394258533],[98.90059117385923,18.80337962143805],[98.90064811441229,18.803379651754945],[98.90064814623699,18.803325424575334],[98.90067661650446,18.803325439727214],[98.9006766324122,18.80329832613727],[98.90079051346406,18.803298386701297],[98.90079035456779,18.803569522598178],[98.90076188425918,18.80356950746345],[98.90076186836485,18.80359662105268],[98.90070492773859,18.80359659077015],[98.90070494364205,18.80356947718097],[98.90067647333353,18.803569462033217],[98.90067648924152,18.803542348443973],[98.90059107832977,18.803542302974723],[98.90059098279936,18.803704984508563],[98.90056251246813,18.80370496934332],[98.90056248061532,18.8037591965206],[98.90044859925426,18.803759135816012],[98.90044861519891,18.803732022227514]],[[98.9160503899095,18.803685464245667],[98.9160219195692,18.803685451438493],[98.91602193301952,18.803658337837913],[98.91605040335524,18.803658350645073],[98.91605041680096,18.803631237044385],[98.91607888713216,18.80363124984718],[98.9160789005733,18.8036041362464],[98.91610737089995,18.803604149044826],[98.91610733059017,18.80368548984699],[98.91607886024983,18.8036854770485],[98.91607884680862,18.80371259064905],[98.91605037646374,18.80371257784619],[98.9160503899095,18.803685464245667]],[[98.91200763000805,18.803629374957346],[98.91197915968021,18.80362936153356],[98.91197917377798,18.8036022479357],[98.91203611442454,18.80360227477889],[98.91203612851317,18.803575161180916],[98.91206459883192,18.803575174595977],[98.91206458474787,18.80360228819397],[98.91212152539458,18.8036023150111],[98.91212148316961,18.803683655804754],[98.91200760182157,18.803683602152866],[98.91200763000805,18.803629374957346]],[[98.89968006075497,18.803487588360493],[98.89962312016726,18.80348755774812],[98.89962313624389,18.80346044415952],[98.89959466595464,18.803460428846837],[98.89959469811693,18.803406201669443],[98.89962316839706,18.80340621698207],[98.89962318447358,18.803379103393226],[98.89973706557613,18.80337916460023],[98.89973704951784,18.803406278189172],[98.89976551979811,18.803406293480087],[98.89976550374433,18.803433407068965],[98.89979397402918,18.80343342235556],[98.89979395797995,18.803460535944392],[98.89976548769053,18.80346052065777],[98.89976547163671,18.803487634246487],[98.89973700134277,18.8034876189555],[98.89973698528436,18.803514732544123],[98.89968004468743,18.803514701949073],[98.89968006075497,18.803487588360493]],[[98.91254869229962,18.803385606796894],[98.91249175172516,18.803385580110373],[98.91249176574063,18.80335846651143],[98.91246329545797,18.803358453161678],[98.91246330947799,18.80333133956268],[98.91243483919992,18.803331326208603],[98.91243485322447,18.803304212609554],[98.91240638295099,18.803304199251148],[98.91240641100912,18.803249972052836],[98.91260570286009,18.80325006547015],[98.91260568886297,18.803277179069493],[98.91263415913204,18.803277192397474],[98.91263411715418,18.803358533195066],[98.91260564687141,18.803358519867025],[98.91260563287419,18.803385633466046],[98.9125771625869,18.80338562013364],[98.91257714858507,18.803412733732568],[98.91254867829325,18.803412720395798],[98.91254869229962,18.803385606796894]],[[98.90978713234371,18.803275838103954],[98.90975866207707,18.803275824341718],[98.90975869098327,18.803221597147157],[98.90973022072576,18.80322158338062],[98.90973024964099,18.803167356185792],[98.9096733091443,18.80316732863978],[98.90967332361097,18.80314021504229],[98.9096163831235,18.80314018747896],[98.9096163975993,18.80311307388143],[98.90958792736015,18.80311306009327],[98.90958794184047,18.803085946495685],[98.90953100137139,18.80308591890638],[98.90953101586081,18.803058805308762],[98.90950254563086,18.803058791507617],[98.9095025601248,18.803031677909935],[98.90947408989945,18.803031664104473],[98.90947413339484,18.802950323311027],[98.90955954402996,18.802950364714203],[98.9095595295452,18.802977478312158],[98.90958799976153,18.802977492104556],[98.9095879852813,18.80300460570246],[98.90964492572313,18.803004633274266],[98.909644911252,18.80303174687213],[98.90970185170305,18.803031774426607],[98.90970183724102,18.80305888802443],[98.90973030747114,18.803058901795183],[98.90973029301364,18.803086015392953],[98.90975876324833,18.803086029159374],[98.90975873434239,18.80314025635473],[98.90978720458624,18.803140270116852],[98.90978719013778,18.80316738371443],[98.90981566038622,18.80316739747223],[98.90981564594229,18.803194511069748],[98.9098441161953,18.803194524823233],[98.90984410175592,18.80322163842069],[98.90987257201353,18.803221652169857],[98.9098725431438,18.803275879364595],[98.90984407287708,18.80327586561539],[98.90984405843761,18.803302979212614],[98.90978711789512,18.80330295170113],[98.90978713234371,18.803275838103954]],[[98.91061281303612,18.80319489452583],[98.91064128328982,18.80319490815772],[98.91064126897811,18.80322202175578],[98.91061279871984,18.80322200812386],[98.91061281303612,18.80319489452583]],[[98.91431395994394,18.803169516659317],[98.9143424301962,18.803169529726667],[98.91434244391509,18.803142416125766],[98.91442785465836,18.803142455301696],[98.9144278272479,18.803196682503536],[98.91439935699101,18.803196669449193],[98.91439934328119,18.803223783049972],[98.91431393249697,18.803223743860833],[98.91431395994394,18.803169516659317]],[[98.90033510099566,18.803108348898437],[98.900306630765,18.803108333694627],[98.90030666269857,18.80305410651401],[98.9003351329201,18.80305412171777],[98.9003351488823,18.803027008127312],[98.9004205595334,18.80302705371247],[98.90042054358489,18.803054167302996],[98.90044901380654,18.803054182489387],[98.90044899786255,18.803081296079856],[98.90042052763636,18.80308128089344],[98.9004204957392,18.8031355080741],[98.90033508503339,18.803135462488658],[98.90033510099566,18.803108348898437]],[[98.90033521273078,18.802918553764712],[98.90036368292955,18.802918568964014],[98.90036365101449,18.802972796145518],[98.90033518080661,18.802972780946167],[98.90033521273078,18.802918553764712]],[[98.90303997490709,18.80275729674987],[98.90306844508106,18.802757311536503],[98.90306847612935,18.802703084349336],[98.90309694629423,18.802703099131577],[98.9030969928528,18.802621758350163],[98.9030685227016,18.80262174356799],[98.90306855374963,18.80256751638003],[98.90304008360759,18.802567501593554],[98.9030401767784,18.80240482002793],[98.90301170666375,18.80240480523726],[98.90301172219668,18.80237769164273],[98.9029832520866,18.802377676847733],[98.90298326762408,18.802350563253157],[98.90295479751859,18.802350548453838],[98.90295481306057,18.8023234348592],[98.90292634295967,18.802323420055565],[98.90292632741311,18.802350533650177],[98.90289785730769,18.80235051884218],[98.9028978728588,18.802323405247588],[98.90286940275796,18.80232339043527],[98.9028694183136,18.80229627684062],[98.90295482860256,18.802296321264492],[98.90295484414452,18.802269207669696],[98.90301178432816,18.80226923726385],[98.90301179986098,18.80224212366893],[98.90312568021034,18.802242182805042],[98.90312566469579,18.802269296400052],[98.90315413478775,18.802269311173244],[98.90315411927772,18.802296424768198],[98.90332493985747,18.802296513316314],[98.90332495534014,18.802269399721226],[98.90338189552448,18.80226942920248],[98.90338191099801,18.80224231560726],[98.90346732126103,18.80224235979651],[98.90346733672087,18.802215246201147],[98.90349580680403,18.80221526092219],[98.90349582225927,18.802188147326728],[98.90343888210208,18.802188117880345],[98.90343889756642,18.80216100428485],[98.90341042749242,18.802160989555173],[98.90341044296127,18.802133875959623],[98.90343891303071,18.802133890689284],[98.90343892849499,18.802106777093623],[98.9034673985599,18.802106791818918],[98.9034674140196,18.802079678223166],[98.90355282420079,18.802079722372916],[98.90355283964678,18.802052608777014],[98.90369518992651,18.80205268227299],[98.90369514365685,18.8021340230608],[98.90372361372656,18.80213403774703],[98.90372359830785,18.802161151342837],[98.90375206838213,18.80216116602475],[98.90375205296796,18.802188279620495],[98.90380899312574,18.802188308971346],[98.90380897772064,18.80221542256706],[98.90386591788764,18.802215451900583],[98.90386590249166,18.802242565496265],[98.90389437257976,18.802242580156534],[98.90389435718829,18.80226969375216],[98.90392282728098,18.802269708408108],[98.90392276573313,18.80237816278991],[98.90395123584408,18.802378177441604],[98.90395115893145,18.802513745417194],[98.9039226887977,18.80251373076538],[98.90392267341053,18.802540844360234],[98.90389420327226,18.802540829704053],[98.90389418788051,18.80256794329882],[98.90386571773769,18.802567928638275],[98.90386570234136,18.80259504223293],[98.90366641131048,18.80259493948737],[98.90366639588221,18.80262205308179],[98.90358098542713,18.802622008982777],[98.90358096998514,18.802649122577048],[98.90341014904833,18.80264903426164],[98.90341013357894,18.802676147855692],[98.90335319325777,18.802676118382436],[98.90335317777927,18.802703231976377],[98.90329623744907,18.802703202485706],[98.90329622196141,18.802730316079508],[98.9031254009441,18.80273022750315],[98.90312538542906,18.80275734109674],[98.90309691525505,18.802757326318794],[98.90309689973542,18.802784439912283],[98.90303995937835,18.802784410343314],[98.90303997490709,18.80275729674987]],[[98.90116119675584,18.802322493749656],[98.90113272665663,18.80232247867246],[98.90113275832417,18.80226825148591],[98.9011042882341,18.802268236404416],[98.90110430407238,18.802241122811044],[98.90113277415789,18.802241137892512],[98.90113278999159,18.802214024299047],[98.90118973015358,18.802214054448918],[98.90118969850438,18.802268281635875],[98.90121816859453,18.80226829670434],[98.9012181211342,18.80234963748426],[98.90116118092658,18.802349607342833],[98.90116119675584,18.802322493749656]],[[98.90079122846369,18.80207827506794],[98.90076275840585,18.802078259934504],[98.90076277429867,18.802051146340865],[98.90073430424543,18.802051131203108],[98.90073435193739,18.80196979042179],[98.90076282197694,18.801969805559477],[98.90076283786965,18.801942691965525],[98.90084824797482,18.801942737352462],[98.9008482320958,18.801969850946488],[98.90087670213546,18.80196986606681],[98.90087667038645,18.802024093254662],[98.90090514043527,18.802024108370684],[98.90090512456527,18.80205122196452],[98.9008766545119,18.802051206848475],[98.90087663863733,18.802078320442206],[98.90084816857942,18.802078305321796],[98.90084815270025,18.802105418915428],[98.9007912125754,18.80210538866153],[98.90079122846369,18.80207827506794]],[[98.90409381679117,18.801971546694716],[98.90412228683388,18.801971561320023],[98.90412227147917,18.801998674916614],[98.90409380143188,18.801998660291286],[98.90409381679117,18.801971546694716]],[[98.91064209901691,18.80164943293852],[98.91061362902309,18.801649419307825],[98.91061364333794,18.801622305705223],[98.91058517334872,18.80162229207021],[98.9105851876681,18.801595178467558],[98.91061365765277,18.80159519210255],[98.91061367196758,18.801568078499795],[98.91072755188826,18.801568132996255],[98.91072750899849,18.80164947380454],[98.91069903900461,18.80164946018688],[98.91069902470342,18.801676573789454],[98.9106420847066,18.80167654654106],[98.91064209901691,18.80164943293852]],[[98.90042146855338,18.801481578922512],[98.9004784084678,18.80148160928823],[98.90047839252996,18.801508722883284],[98.90042145260642,18.80150869251753],[98.90042146855338,18.801481578922512]],[[98.9057738360663,18.8014572437835],[98.90571689615113,18.801457215033082],[98.90571691125001,18.801430101433667],[98.90568844129702,18.80143008705196],[98.90568845640043,18.801402973452475],[98.90565998645202,18.80140295906646],[98.90566001666788,18.801348731867314],[98.90563154672863,18.801348717477],[98.90563159206592,18.801267376677757],[98.9056885319171,18.801267405453913],[98.90568851681381,18.801294519053787],[98.905716986744,18.801294533435378],[98.90571697164526,18.801321647035188],[98.90574544158004,18.801321661412455],[98.90574542648582,18.80134877501221],[98.90577389642517,18.801348789385163],[98.90577388133549,18.801375902984866],[98.90580235127943,18.801375917353496],[98.9058023361943,18.80140303095314],[98.90583080614282,18.801403045317446],[98.90583077598157,18.80145727251655],[98.90580230602392,18.80145725815219],[98.90580229093871,18.801484371751602],[98.9057738209765,18.801484357382883],[98.9057738360663,18.8014572437835]],[[98.91132550668266,18.801405736341533],[98.9112970367293,18.801405722815247],[98.91129707934485,18.801324382003582],[98.91132554928453,18.801324395529804],[98.91132556348511,18.801297281925745],[98.91141097329063,18.80129732247832],[98.91141095910373,18.801324436082442],[98.91143942904351,18.801324449591306],[98.91143937231392,18.801432904007125],[98.91132549248199,18.801432849945293],[98.91132550668266,18.801405736341533]],[[98.91969577687289,18.801192615898245],[98.9196673069492,18.80119260364867],[98.9196673198138,18.80116549003837],[98.9197242596521,18.801165514533132],[98.91972423394108,18.801219741753737],[98.91969576401281,18.801219729508485],[98.91969577687289,18.801192615898245]],[[98.90130433754061,18.80096688930543],[98.90127586766923,18.8009668742511],[98.90127591509805,18.80088553345901],[98.90138979452905,18.800885593649976],[98.9013897313635,18.800994048039648],[98.90130432173551,18.80099400290266],[98.90130433754061,18.80096688930543]],[[98.92000904851353,18.800975841470542],[98.91998057862608,18.800975829268886],[98.91998060425462,18.800921602046518],[98.92003754401132,18.80092162644543],[98.92003753120619,18.80094874005668],[98.92006600108914,18.800948752249642],[98.92006597548792,18.801002979471964],[98.92000903570379,18.80100295508163],[98.92000904851353,18.800975841470542]],[[98.91497009664545,18.800539796413336],[98.91491315702443,18.800539770469264],[98.91491317064987,18.800512656860327],[98.91488470084396,18.800512643881802],[98.91488471447393,18.800485530272816],[98.9148562446726,18.80048551728996],[98.91485627194159,18.800431290071785],[98.91497015111057,18.800431341976978],[98.91497013749432,18.800458455586185],[98.91502707708808,18.80045848151277],[98.91502706348092,18.80048559512194],[98.91505553328238,18.800485608078745],[98.91505550607714,18.800539835296885],[98.91502703626655,18.800539822340046],[98.91502702265933,18.80056693594898],[98.9149700830291,18.800566910022233],[98.91497009664545,18.800539796413336]],[[98.90033664920621,18.80047833027332],[98.90036511899463,18.800478345470506],[98.90036508708448,18.800532572666175],[98.90033661728694,18.80053255746894],[98.90033664920621,18.80047833027332]],[[98.90156083436936,18.800506093430453],[98.90153236457525,18.800506078415598],[98.9015323803434,18.80047896481677],[98.90156085013295,18.800478979831595],[98.90156083436936,18.800506093430453]],[[98.90156086589651,18.80045186623266],[98.90158933568155,18.800451881243124],[98.90158931992255,18.80047899484208],[98.90156085013295,18.800478979831595],[98.90156086589651,18.80045186623266]],[[98.90603060742366,18.80048128330792],[98.90600213762997,18.80048126897476],[98.90600215268232,18.80045415537228],[98.90603062247146,18.800454169705425],[98.90603063751924,18.800427056102848],[98.90605910730385,18.80042707043162],[98.90605906217412,18.800508411239182],[98.90603059237584,18.80050839691034],[98.90603060742366,18.80048128330792]],[[98.89993810421797,18.800423889861566],[98.89996657399689,18.80042390511949],[98.89996655797805,18.800451018717194],[98.89999502776156,18.800451033970795],[98.89999501174725,18.80047814756844],[98.89993807217115,18.80047811705685],[98.89993810421797,18.800423889861566]],[[98.90628689559504,18.800372957699725],[98.90625842581935,18.800372943405733],[98.90625845584177,18.800318716199676],[98.90628692560833,18.800318730493622],[98.9062869106017,18.800345844096718],[98.90631538037286,18.800345858386347],[98.90631536537076,18.80037297198938],[98.90634383514652,18.800372986274695],[98.90634382014893,18.800400099877674],[98.90628688058834,18.800400071302654],[98.90628689559504,18.800372957699725]],[[98.89996662205323,18.80034256432591],[98.8999950918185,18.80034257957942],[98.89999512384681,18.80028835238327],[98.900023593603,18.80028836763239],[98.90002360961255,18.80026125403417],[98.9000520793642,18.800261269278923],[98.90005203134913,18.800342610073418],[98.90002356158381,18.800342594828596],[98.90002354557417,18.800369708426576],[98.89996660603448,18.800369677923847],[98.89996662205323,18.80034256432591]],[[98.90042215424667,18.800315694262675],[98.90036521472443,18.800315663881612],[98.90036524663417,18.80026143668468],[98.90033677688221,18.800261421487686],[98.90033680880093,18.80020719429049],[98.90036527854377,18.80020720948744],[98.90036531045327,18.800152982289884],[98.90039378018702,18.800152997482442],[98.90039379613717,18.800125883883524],[98.90047920532488,18.800125929435087],[98.90047922126134,18.800098815836012],[98.90059310016044,18.800098876510553],[98.90059308424222,18.80012599010972],[98.90062155397162,18.800126005267522],[98.90062153805793,18.80015311886663],[98.90065000779194,18.800153134020114],[98.9006499600644,18.80023447481703],[98.90062149031675,18.800234459663475],[98.90062147440295,18.800261573262272],[98.90059300465076,18.80026155810435],[98.90059298873238,18.800288671703047],[98.90056451897564,18.80028865654076],[98.9005644871297,18.80034288373786],[98.90042213830088,18.800342807861064],[98.90042215424667,18.800315694262675]],[[98.91508416625877,18.800160257715486],[98.91505569651198,18.800160244763273],[98.9150557237166,18.800106017542927],[98.91502725397895,18.800106004586404],[98.91502728119258,18.80005177736579],[98.91499881146409,18.800051764404962],[98.91499882507543,18.80002465079456],[98.9149703553515,18.800024637829416],[98.91497039619905,18.79994329699777],[98.91494192648884,18.79994328402835],[98.91494198097016,18.799834829585148],[98.91516973850668,18.79983493321833],[98.91516972492286,18.799862046829418],[98.91519819461959,18.799862059764045],[98.9151981810403,18.799889173375067],[98.91525512044295,18.799889199231345],[98.91525509330253,18.79994342645323],[98.915283563013,18.799943439374896],[98.91528354944732,18.79997055298574],[98.91531201916239,18.799970565903084],[98.91531195135643,18.800106133956227],[98.91528348161857,18.800106121038784],[98.91528346805275,18.80013323464916],[98.915226528568,18.800133208801206],[98.91522651499304,18.800160322411454],[98.91519804524614,18.800160309480948],[98.91519803166659,18.800187423091103],[98.915084152661,18.800187371325567],[98.91508416625877,18.800160257715486]],[[98.90907718125113,18.79991340615108],[98.90910565095183,18.79991342001487],[98.90910566550673,18.799886306408368],[98.90919107459528,18.799886347973633],[98.90919106005407,18.7999134615802],[98.90921952975486,18.799913475426624],[98.9092194861447,18.799994816245928],[98.90919101643024,18.799994802399436],[98.90919100188891,18.800021916005697],[98.90916253216992,18.800021902154846],[98.909162517624,18.800049015760997],[98.90907710845345,18.800048974182324],[98.90907718125113,18.79991340615108]],[[98.9070843766573,18.799776856870846],[98.90705590698118,18.799776842698897],[98.9070559218642,18.799749729093566],[98.90702745219265,18.799749714917297],[98.90702746708021,18.799722601311906],[98.90705593674718,18.79972261548815],[98.90705596651308,18.79966838827708],[98.90708443617095,18.799668402448933],[98.90708442129257,18.799695516054538],[98.90711289095503,18.79969553022207],[98.9071128760812,18.799722643827607],[98.90714134574824,18.799722657990824],[98.90714130114024,18.799803998807032],[98.90708436177883,18.799803970476127],[98.9070843766573,18.799776856870846]],[[98.91482818403314,18.799672095997668],[98.91479971436863,18.799672083006733],[98.91479974165445,18.799617855783918],[98.91485668096526,18.79961788176136],[98.91485666733149,18.799644995372848],[98.91488513699149,18.79964500835508],[98.91488510973296,18.799699235577854],[98.91482817039474,18.799699209608974],[98.91482818403314,18.799672095997668]],[[98.90580339209221,18.799505078787956],[98.90577492246285,18.79950506442086],[98.90577493755075,18.799477950815728],[98.90580340717557,18.799477965182803],[98.90580342225887,18.79945085157757],[98.90583189187916,18.799450865940283],[98.90583184664281,18.799532206755803],[98.90580337700885,18.799532192393027],[98.90580339209221,18.799505078787956]],[[98.90964680675938,18.79947986488198],[98.90961833713116,18.799479851101022],[98.90961836607603,18.799425623884645],[98.90964683569514,18.799425637665564],[98.90964685016297,18.799398524057235],[98.90970378939215,18.799398551605996],[98.90970377493343,18.799425665214375],[98.90973224455263,18.799425678982267],[98.90973220118998,18.799507019806967],[98.90964679229147,18.799506978490076],[98.90964680675938,18.79947986488198]],[[98.90159061207106,18.7982556794663],[98.90156214265528,18.798255664457724],[98.90156218993926,18.79817432364133],[98.90159065934135,18.798174338649837],[98.90159069085475,18.798120111438468],[98.90167609903386,18.798120156437818],[98.90167608329085,18.79814727004361],[98.90170455268851,18.798147285034734],[98.901704505473,18.798228625851714],[98.90167603606167,18.79822861086052],[98.90167602031856,18.798255724466],[98.90161908148686,18.79825569447054],[98.90161906573461,18.798282808075896],[98.90159059631424,18.798282793071632],[98.90159061207106,18.7982556794663]],[[98.91867251352645,18.797748743124913],[98.91870098287042,18.79774875552402],[98.9187009958872,18.79772164190437],[98.91881487324505,18.797721691457316],[98.91881486024648,18.797748805077035],[98.91884332959056,18.797748817454437],[98.91884331659655,18.7977759310741],[98.9188148472479,18.79777591869668],[98.9188148342493,18.79780303231625],[98.91878636489614,18.79780301993446],[98.91878635189295,18.79783013355393],[98.91867247446227,18.79783008398331],[98.91867251352645,18.797748743124913]],[[98.90119238829973,18.797658969621104],[98.90116391898461,18.797658954552254],[98.90116395063372,18.797604727338598],[98.90119241993973,18.797604742407398],[98.90119243575968,18.79757762880043],[98.90124937436265,18.79757765892496],[98.90124935855181,18.797604772531972],[98.901306297164,18.79760480263919],[98.90130628136225,18.797631916246168],[98.90133475067296,18.79763193129329],[98.90133473487572,18.797659044900215],[98.90130626556046,18.797659029853076],[98.90130624975868,18.79768614345991],[98.9011923724797,18.79768608322784],[98.90119238829973,18.797658969621104]]]},{"type":"Polygon","coordinates":[[[98.89924477344448,18.817315278119242],[98.89922579169782,18.817315267865535],[98.89922577554476,18.817342381413592],[98.89924475729448,18.817342391667314],[98.89924477344448,18.817315278119242]]]},{"type":"LineString","coordinates":[[98.90143714946767,18.817343562976834],[98.90146562209435,18.817343578019155]]},{"type":"LineString","coordinates":[[98.9061351332305,18.817345986157804],[98.90616360586155,18.817346000483035]]},{"type":"LineString","coordinates":[[98.89924475729448,18.817342391667314],[98.89930170254367,18.817342422416885]]}]}},{"type":"Feature","properties":{"class_id":"R4","feature_id":31738},"geometry":{"type":"Polygon","coordinates":[[[98.97020943943323,18.917253143847393],[98.9698960691023,18.917171753421194],[98.96989614189465,18.91676505397385],[98.97003861813694,18.916602397226853],[98.97032367025109,18.915707704106946],[98.97026681631216,18.915002749159704],[98.97060880933486,18.914297857688897],[98.97075136293584,18.913674274152374],[98.97069454566294,18.91275241271104],[98.97095104761777,18.91215596017051],[98.97109364936517,18.91123412977974],[98.97129317537842,18.910610554473788],[98.97129322163742,18.91033942131611],[98.97117935177262,18.90985136396757],[98.97112238451469,18.909797128483707],[98.9711224450062,18.909444655346885],[98.97106548722873,18.909336193205498],[98.971122477578,18.90925486211383],[98.97115108661748,18.90854992021188],[98.97123658787912,18.908333026890695],[98.97140756209919,18.908061920052628],[98.97157857240148,18.907573906456747],[98.97169254223175,18.907465470556712],[98.97183504061503,18.907113018978258],[98.97197749776821,18.907004587213997],[98.97220547629765,18.906543694894392],[98.97254734665975,18.906435292411413],[98.97254739088724,18.906164159129087],[98.97274680888657,18.906137075158775],[98.9728038104825,18.905974403533545],[98.97303173321632,18.905838870106233],[98.9730887257648,18.905730425048095],[98.9732026804222,18.905703328188075],[98.97334514838327,18.90551355536435],[98.97363002386795,18.90551359601485],[98.97374400790004,18.90529670550388],[98.97468416104549,18.90486302265722],[98.97476964774768,18.90470035428306],[98.97531096026265,18.90434795365061],[98.97556739759175,18.90399551418487],[98.9757953154227,18.90385997733286],[98.97576684376769,18.903751520274994],[98.97613722415365,18.903426208161346],[98.9761657420627,18.90320930511599],[98.97627971744429,18.903019526328826],[98.97625128769647,18.90261282260253],[98.97593800757012,18.90207051547997],[98.97593803857445,18.901853608747146],[98.97576719115371,18.9013384330266],[98.9757672145711,18.901175752964853],[98.97565328299666,18.901067284695127],[98.97551089634366,18.90074190584461],[98.97548244119128,18.900524995325448],[98.97531155674825,18.900280952583266],[98.97496986190446,18.899304826338103],[98.97437174862391,18.898626911057114],[98.97428632674097,18.898382879091102],[98.97405846106994,18.898220167310885],[98.97377369083637,18.897623633567758],[98.97357431712906,18.89743381184561],[98.97334648347287,18.89708130569322],[98.97314715412682,18.896620349941273],[98.9728338732606,18.89621360405136],[98.97257759221004,18.895644185876936],[98.97249221429537,18.895156132770097],[98.97257768051254,18.89510191867519],[98.97260619717214,18.894912129347222],[98.97269167202201,18.894803688474905],[98.97380267900147,18.894397147923335],[98.97417300515497,18.89431585965235],[98.97454335554202,18.89407189045804],[98.97468581620888,18.89385500299073],[98.97468583251022,18.893746549530217],[98.97445800561576,18.8933669312374],[98.97428718372048,18.892770413597855],[98.97400239257114,18.892363673451978],[98.97394545128284,18.8921738718903],[98.97374607537286,18.892038276989073],[98.97371760702731,18.89192981948337],[98.97346128676689,18.891631535985347],[98.97317645635837,18.891495928248432],[98.97289164386318,18.891251866585694],[98.97243597930726,18.89065530536802],[98.97246451752704,18.890329949097563],[98.97240755645065,18.890275713901886],[98.97240758309783,18.890113033651073],[98.9724930600631,18.889977479435466],[98.97266396958226,18.889977504642143],[98.97235064881488,18.88989611818227],[98.97240763195029,18.889814786517185],[98.97243625880694,18.888947162661857],[98.97257870460169,18.888811616825702],[98.97257871784157,18.88873027668774],[98.97274966556719,18.88848628139556],[98.972863612973,18.88843207129836],[98.9729490974239,18.888242290085365],[98.97320549356124,18.888025420153824],[98.97331946197816,18.887835642863955],[98.97351887093045,18.887727217837433],[98.97366131482246,18.88759167115179],[98.97368981627585,18.887483221651678],[98.97408864095334,18.88721214381086],[98.97437353084445,18.88691393605302],[98.97457299940555,18.886398809092118],[98.97471543318838,18.886317488351313],[98.97482940279829,18.886100596710214],[98.97505737324617,18.885449906088546],[98.97545625409907,18.88474501099067],[98.9756272249834,18.88428410579712],[98.97579815988443,18.88406722096913],[98.97588365821227,18.883741871339243],[98.9761400667557,18.883362316870805],[98.97616857739827,18.88317252675004],[98.97628253155894,18.883036974331407],[98.97633952950757,18.8828200744103],[98.97648196697997,18.88268452548531],[98.97668142782733,18.882142282616588],[98.97690933746064,18.88184406364612],[98.97727972590197,18.88108493400313],[98.97750761857189,18.88089516787681],[98.97762153411387,18.881030748634867],[98.97773546774798,18.881030762307713],[98.97776393327052,18.881166332728707],[98.9777640334301,18.880407157426642],[98.97796356543566,18.879268418084123],[98.97796359379318,18.879051510816765],[98.97782121053064,18.878807473209612],[98.9777642838081,18.87850921890068],[98.97765035187841,18.878509205247234],[98.97750799485124,18.87807537350853],[98.97733712291341,18.877885558885048],[98.97728018273983,18.877695758050514],[98.9771377869015,18.877560173539287],[98.97702388887312,18.877316138783513],[98.97645432036161,18.876692459024113],[98.97625498364394,18.876394186110275],[98.97614109919145,18.876068810534832],[98.97608413405192,18.876068803220676],[98.97579935116781,18.87577051879644],[98.97508745245155,18.87465877461606],[98.97483113980236,18.87446894616738],[98.97463180450313,18.87419778487171],[98.97443249451345,18.873763942816183],[98.97426162626671,18.87360123871287],[98.9740907916799,18.87322162705323],[98.97397688006477,18.873113157453922],[98.9739199662486,18.872787788370015],[98.97377758147249,18.872625087796816],[98.97377761520397,18.872408180381452],[98.97346441187892,18.87178452712002],[98.97340752087513,18.871323590684145],[98.97329364103803,18.871025326630388],[98.97335062589596,18.87088976764005],[98.97332217851559,18.870672856104044],[98.97343613077153,18.87051019180712],[98.97349314091016,18.870211952165313],[98.97360707571625,18.87015774149071],[98.97386345607546,18.869859529892597],[98.97409132906583,18.86972399457973],[98.97414830868563,18.86961554876036],[98.97451859659309,18.869425805776018],[98.97497436814633,18.86896493918852],[98.97514526435546,18.86891073521453],[98.97525920968427,18.868775183205184],[98.97545858299304,18.86874809616447],[98.97568645320116,18.86861255887902],[98.9758858611385,18.868341450427398],[98.97639855804728,18.868097495187712],[98.97679733620471,18.867799297477056],[98.97716764651068,18.86739264163957],[98.97736706153891,18.867040191230892],[98.9776234053325,18.86693176845011],[98.97765190072857,18.866823318095662],[98.97773734375413,18.866823328335474],[98.9777657675781,18.867257146838625],[98.9777943164794,18.866741994806972],[98.97842090183535,18.86671495506361],[98.97844937243343,18.866796298697388],[98.97813603921463,18.867121623485836],[98.97807905947815,18.867257184001993],[98.97785118234052,18.867474064568242],[98.97773725786682,18.86747405097567],[98.97770876241522,18.86758250133556],[98.97711058495511,18.868124697561953],[98.97679725787602,18.86836867972634],[98.97651243008019,18.868477097757317],[98.97634151953521,18.86863975674582],[98.97597124312676,18.868775276501207],[98.97577184649775,18.868965044718593],[98.97545852775829,18.869127684292156],[98.97528763540244,18.869154775115426],[98.9750312546178,18.869480102138443],[98.97474641569225,18.869642744321382],[98.97449004542534,18.869886730275834],[98.9742906623494,18.869968043142926],[98.97423368270168,18.870076489001743],[98.97392035203008,18.870293352829062],[98.97374939916082,18.870700030293314],[98.97377776277372,18.87145921037983],[98.97411943190623,18.87219132081228],[98.97411940693775,18.872354001378508],[98.97429026965077,18.872543819059533],[98.97434717585004,18.872923414891318],[98.97446108346898,18.8730589976918],[98.97457496265227,18.873384374394696],[98.97477428878716,18.873709762621186],[98.97503059218867,18.873953818008413],[98.97514447307357,18.874279194333468],[98.9752583902063,18.874360549784345],[98.97531532698102,18.874550351301902],[98.97540076600845,18.874604589461352],[98.97577095047664,18.875201133296684],[98.97616965074677,18.8755807726652],[98.9761981064387,18.875770570238863],[98.97639746509519,18.875906162728544],[98.97642592488947,18.87606884684399],[98.9765683302018,18.876123091669204],[98.97682463986787,18.87636714452871],[98.97688157536318,18.876584058944495],[98.97725180600025,18.876909465572574],[98.97747961698717,18.87728908109622],[98.97762201647127,18.877397551936337],[98.97776436249215,18.87791272385547],[98.97784981469984,18.877885620637343],[98.97793525268412,18.87796697102804],[98.97799218660698,18.87821099847993],[98.97827697050457,18.878563506298217],[98.97830542557945,18.878780416901396],[98.9785047791175,18.87899734732178],[98.97853320002723,18.87948539196006],[98.97839071476774,18.88002764360539],[98.97833374480415,18.88005475038463],[98.97819128297812,18.88040720801103],[98.97816276454564,18.88067833871355],[98.97796333147137,18.881057902846965],[98.97796330665543,18.881247696665277],[98.977849355057,18.881383250142456],[98.97776390822989,18.88135612654455],[98.97773539969334,18.881545916949126],[98.97759294977203,18.88178992045609],[98.97719411788331,18.88225079978747],[98.9771371285843,18.882413473187704],[98.9769662044968,18.882576132492147],[98.97673827900213,18.882982805096756],[98.97662433276632,18.883064131002413],[98.97645337342709,18.8834708103864],[98.97631093526634,18.88360635927729],[98.97622544930823,18.883850368926392],[98.97605451517697,18.884067254153024],[98.97602599653837,18.884311271024004],[98.97585507333747,18.88444681587827],[98.97565560317813,18.885016171111523],[98.97545616721362,18.88534150558829],[98.97545613956757,18.885531299315886],[98.97528518683099,18.88585663734743],[98.97525666677235,18.88610065405193],[98.97514271771236,18.886181979019412],[98.97511421341044,18.886317542145783],[98.97485781019064,18.88661575491364],[98.9748008090452,18.886832654288572],[98.97462986596877,18.887076651515425],[98.97394613902519,18.887727278195253],[98.97377518958204,18.88799838799228],[98.97360426507691,18.888106817336087],[98.97337634968375,18.888350805277557],[98.97331935462974,18.8885134773946],[98.97294899729029,18.888865897826225],[98.9728350277578,18.889055674866633],[98.97274949890489,18.889516589785767],[98.97280641168952,18.88986907202363],[98.97274942434194,18.88997751718657],[98.97289184021517,18.890031764758255],[98.97297724715807,18.890330024326335],[98.97317662906286,18.8904113933245],[98.97317659452293,18.890628300319392],[98.97334748325322,18.89076389176799],[98.97337594687883,18.89089946271676],[98.9740594843151,18.8915773936706],[98.97417340013429,18.891740089761434],[98.97417337519012,18.891902769986164],[98.97431578901585,18.891984129828796],[98.97440122007023,18.89214682183598],[98.97457211132684,18.892282412139835],[98.97462903702137,18.892580666983573],[98.97471448496219,18.89263490536359],[98.97485685919268,18.89298739846564],[98.97485680252547,18.8933669856034],[98.97499920584474,18.89352968500983],[98.97508460224152,18.893936396964175],[98.97508457015199,18.894153303880184],[98.97497059943835,18.894343082120535],[98.9746572367925,18.89447860648284],[98.97460025316153,18.894559938796107],[98.97363168858175,18.89488516428215],[98.97317590794356,18.894939325794212],[98.97306193888458,18.895101989484125],[98.97306188683905,18.895427349810273],[98.97328969186232,18.895942536523624],[98.97343210439605,18.89605101036989],[98.97346056470441,18.89621369458774],[98.97363145932498,18.89634928570115],[98.97363142535922,18.89656619255844],[98.97377381330314,18.896837346274474],[98.97408709760037,18.897244090557052],[98.97411555874179,18.89740677465476],[98.97422948685032,18.89751524390582],[98.97428643439751,18.897677931920377],[98.97440036692173,18.897759287710382],[98.97445730649014,18.897976202374597],[98.9746566859166,18.898138909788003],[98.97471363001499,18.898328711013477],[98.9748845197016,18.898518527650687],[98.97499842892681,18.898762563173555],[98.9751408449458,18.89887103568182],[98.97531170783374,18.899250645363928],[98.97565348296934,18.89968450404051],[98.97576739799901,18.899901425716124],[98.9757673706809,18.900091219147214],[98.97593826721832,18.90025392143637],[98.97596673065388,18.900416605200604],[98.97613762002794,18.90063353399251],[98.97613758159659,18.900904667443704],[98.9762799695987,18.901230045809857],[98.9762799428564,18.901419839214558],[98.97636539200539,18.901501190132812],[98.97633682891015,18.902043453352253],[98.97650770149113,18.902395948471465],[98.97662154790557,18.90312802300615],[98.9765360713515,18.90323646558687],[98.97650755391494,18.90345336868894],[98.97645057572078,18.90348047481426],[98.97633658497203,18.903778707042864],[98.97625111555466,18.903832922812086],[98.97630807863484,18.903914270093704],[98.97599466056957,18.904320929904145],[98.97576674227419,18.90445646699344],[98.97539635097672,18.904836004995612],[98.97485503706928,18.90518840585675],[98.97457014574577,18.905296820412197],[98.9741142871727,18.90567634410208],[98.97365844776242,18.90592030000859],[98.97271819376977,18.906923357478234],[98.9724047925469,18.907140217805996],[98.97211985591731,18.907492648500593],[98.97166392195469,18.90825175259486],[98.97157840296731,18.90857709940151],[98.9715783067972,18.909146479132833],[98.97163525570048,18.909309167758195],[98.97154976362323,18.90947183460278],[98.97154967652024,18.909986987644828],[98.9716920906777,18.910149689308373],[98.97172053344073,18.91042082681178],[98.97183445518512,18.910610637335537],[98.9717204878701,18.910691959968098],[98.97166342425996,18.91120710426005],[98.97152092662733,18.91153244223398],[98.97152086237386,18.91191202860457],[98.97157781215377,18.912074717200323],[98.9715208348362,18.91207470847294],[98.97132137262865,18.912318697586237],[98.97137831773992,18.912508499545865],[98.97149225429132,18.912616970309884],[98.9714922313193,18.912752536856736],[98.97137825316112,18.91288808587613],[98.97123579990725,18.912942290488225],[98.97117878978094,18.913132074813422],[98.97115021724858,18.913620109921407],[98.97132112765983,18.913755702926288],[98.97134959813249,18.913864160547398],[98.97126410808974,18.913999713871956],[98.97123556810737,18.91429795581735],[98.97112158403912,18.91446061795918],[98.971121546802,18.914677524389482],[98.97095053260642,18.91513842387838],[98.97092198718497,18.91546377903922],[98.97075101878728,18.915653545302167],[98.97069395050353,18.916168689015162],[98.97055146576821,18.91638557287076],[98.97055143728595,18.916548252659446],[98.97038046736658,18.916738018557055],[98.97038039097065,18.91717183130345],[98.97020943943323,18.917253143847393]],[[98.97588077723003,18.903859988445912],[98.97602321357571,18.903860006880315],[98.97602321743794,18.90383289354419],[98.97588078111521,18.903832875109813],[98.97588077723003,18.903859988445912]]]}},{"type":"Feature","properties":{"class_id":"R5","feature_id":142463},"geometry":{"type":"Polygon","coordinates":[[[99.06775408225445,18.695074275187256],[99.0676402413653,18.694992974485647],[99.06758328331128,18.694857425368415],[99.06764009063889,18.69461337952153],[99.0674693567373,18.694559213148583],[99.06746924934988,18.694288073876592],[99.06724153689737,18.694044130254778],[99.06681473599045,18.693990054896023],[99.06670098120357,18.69412566504165],[99.06653026926514,18.694125725665977],[99.06647343934625,18.69431554333794],[99.06664423633441,18.69453239418601],[99.06664426815695,18.69461373596769],[99.06650201838546,18.694640900384158],[99.06635972631923,18.69455960898375],[99.06627441232678,18.694668094869982],[99.06590446185001,18.694478427695415],[99.06590443038097,18.69439708591134],[99.0660181964918,18.694288590178576],[99.06596123996421,18.694153040553886],[99.06601805989328,18.693936109102843],[99.06596115597641,18.69393612912085],[99.06587585252528,18.694071728761962],[99.0657051510958,18.69409890256436],[99.06567652140772,18.693637975721646],[99.06553423057262,18.693556683682566],[99.06547727467631,18.693421133898422],[99.06553415756149,18.69336688616524],[99.06564797546407,18.693393960303407],[99.0658470861408,18.69325832084299],[99.0659608095389,18.6930413694066],[99.06593232625009,18.692960037612142],[99.06564782919058,18.693014365259227],[99.06556253638313,18.693177078702405],[99.06544873947172,18.693204232375113],[99.06536332154549,18.693041578542775],[99.06519255881125,18.692906068283232],[99.0651926314399,18.693095865811166],[99.06507888631067,18.69325858892011],[99.06510737960502,18.69336703477425],[99.06519272482089,18.693339891198587],[99.06519282857923,18.693611030510496],[99.06510749359006,18.693665288016575],[99.06516451150425,18.693963521490314],[99.06493688546041,18.69393648649323],[99.06490838184727,18.693800926689356],[99.0645669586083,18.693801044517926],[99.06419698125522,18.693530032152516],[99.0642254024812,18.69344868061844],[99.06453837313846,18.693448573204456],[99.06453834232354,18.693367231409244],[99.06436754918273,18.693150378605058],[99.06433899495772,18.692879249035673],[99.06399748189541,18.692635340417215],[99.06408279632771,18.692526855541733],[99.06399721708863,18.69193037810004],[99.06382651749821,18.69195755019355],[99.06376968527925,18.692147367097213],[99.06337134185378,18.692093274201873],[99.06328602718362,18.692201758759523],[99.0633145594637,18.69241866064375],[99.06317231098457,18.692445822537668],[99.06305844392686,18.692283177213753],[99.06300145032186,18.69203917090696],[99.06291607536656,18.691984971678803],[99.06268844233874,18.691930820001854],[99.06203405495015,18.69193103752884],[99.06200557372132,18.691849705122408],[99.06209090879548,18.691795449016638],[99.06206238805608,18.691605660865317],[99.06197703334169,18.69160568908254],[99.0618917081754,18.69168705907557],[99.06183488372871,18.691903989342173],[99.06155039689989,18.69198542471755],[99.06120898701809,18.692012650361384],[99.06086753827876,18.691931419633107],[99.06027004452763,18.691904498597758],[99.0600709405302,18.692067246104692],[99.06009948782476,18.69233837636728],[99.06001416139323,18.692419745503617],[99.06004265132412,18.692528192146536],[99.05992887303039,18.692609570346992],[99.05992890164319,18.69269091215592],[99.06001425690451,18.69269088486902],[99.06001428555821,18.692772226677107],[99.0598435749539,18.692772281212335],[99.05981515174523,18.692853632094124],[99.05970136362397,18.692907896219054],[99.05975835280022,18.693151903518597],[99.05970145864012,18.693179035571923],[99.05964462141807,18.693368851215624],[99.05964468786775,18.69355864875433],[99.05950249466518,18.693748491468053],[99.05953101292029,18.69393827997234],[99.0599293594681,18.69399238100292],[99.06027077352807,18.693965157681824],[99.0602992063,18.693910920673236],[99.0606975337014,18.693910792207745],[99.06098203386006,18.693856472064393],[99.06106734110658,18.693720874634405],[99.06115269688213,18.69372084682804],[99.06118123644544,18.693964862940746],[99.06112441034286,18.694181792944317],[99.06089684278771,18.69431743663177],[99.06015703268497,18.694154991738614],[99.05998633024306,18.69418216033952],[99.05990100283658,18.69426352941116],[99.05941731855442,18.69426368324388],[99.05930348217058,18.69418237746233],[99.0590475363182,18.694534939356075],[99.05901920637706,18.694887429410755],[99.05879161748105,18.69496884268116],[99.05870620501116,18.694806185832192],[99.05870614894643,18.694643502246663],[99.05887682394453,18.69453499301643],[99.05879141161218,18.694372336198366],[99.05879131803799,18.694101196875483],[99.05890509787126,18.694019819373622],[99.05890504161911,18.69385713577506],[99.05907574391095,18.693829968157615],[99.05907570630124,18.693721512423696],[99.05881957343222,18.693531795352794],[99.05873421774773,18.693531822097274],[99.05864888073184,18.693586076671547],[99.05859204220162,18.693775891991724],[99.05842136778043,18.693884400970028],[99.05833599334916,18.693830199666593],[99.05830749500349,18.69369463884306],[99.05850654671833,18.69336920961783],[99.05856337588901,18.693152280379962],[99.05867714586059,18.69304378907383],[99.05873407753036,18.693125113073187],[99.05867725792494,18.693369156297663],[99.05876266029011,18.693504699252383],[99.05924633299367,18.693477433179446],[99.05930321788773,18.69342318733019],[99.05933161310658,18.69326049472578],[99.0595590951941,18.692880827503092],[99.05961587542376,18.692528328256145],[99.05955895301281,18.69247411845689],[99.05933133926997,18.69247419058242],[99.05916058188616,18.692338674808372],[99.05898989048961,18.69239295644072],[99.05898980599807,18.692148930999913],[99.05904669053176,18.692094685221775],[99.05910361265305,18.69214889517946],[99.05930277429866,18.692148832327536],[99.05950190753539,18.692067427449917],[99.05953040655479,18.69220298811362],[99.0596726744138,18.692230056854886],[99.0597579438537,18.691986004243585],[99.05990015437119,18.69185038918294],[99.06004230733171,18.691552090378043],[99.06004218311747,18.69119960915893],[99.05995674273265,18.690955610988933],[99.05978607200423,18.691064121231154],[99.05961536311065,18.691064175553926],[99.05935935644602,18.691226940392447],[99.05921706120363,18.691118529585324],[99.05907480374546,18.691118574433755],[99.05893251815232,18.69103727735029],[99.05884727609383,18.69136267143508],[99.0587335353905,18.691552504680974],[99.05864814336486,18.691444075622524],[99.058619589205,18.691145831165183],[99.0585342067711,18.69106451599103],[99.05853412293862,18.6908204905137],[99.05861945860866,18.690766235979353],[99.0587617625282,18.690901761187643],[99.0589324806398,18.690928821583835],[99.05893238685962,18.690657682162215],[99.05921682562153,18.690440681033778],[99.0597289314211,18.69038629080686],[99.0598996872939,18.690521806095973],[99.0599566377815,18.690657357631128],[99.0600135310599,18.690630225495603],[99.06004192514288,18.690467532738502],[99.0601557211001,18.690440382340405],[99.06029801636986,18.690548792443337],[99.06026968965395,18.690901282827372],[99.06035510164523,18.691063939033413],[99.0605827134998,18.691063865671058],[99.06052584906328,18.691172339799273],[99.06032668856359,18.691172403946425],[99.06029835221157,18.6914977803721],[99.06049756122921,18.691633285949734],[99.06063982876361,18.691660353960113],[99.06098123803385,18.691633129352798],[99.06103812175992,18.691578882970113],[99.06123735094913,18.69176861563565],[99.06135115734536,18.69176857845246],[99.06149334683799,18.691578734308013],[99.06177784284712,18.691524412956174],[99.06186315814202,18.69141592907475],[99.0618631187632,18.691307473318545],[99.06149321962167,18.69122625309942],[99.06143635571182,18.691334727500227],[99.06118027250035,18.69128058330063],[99.0608673542366,18.691416254798625],[99.0607535287384,18.69136206380858],[99.06075349973409,18.69128072198938],[99.06086728643312,18.691226457220896],[99.06092409249933,18.690955299347582],[99.06103788863985,18.690928148415285],[99.06106630122815,18.690819683393155],[99.06126539306818,18.69062982087366],[99.06126534432254,18.690494251165333],[99.06117995122173,18.69038582325009],[99.06109459711702,18.690385851064075],[99.06106611659682,18.690304518499595],[99.06081005440385,18.69030460166936],[99.06075311302432,18.690196164332765],[99.06086690868577,18.690169013503358],[99.06109456795151,18.69030450923694],[99.06120837337012,18.69030447214316],[99.0614074839942,18.69016883735029],[99.06166353616803,18.690141639423082],[99.06172047810774,18.690250076482382],[99.06191967693657,18.690358466627032],[99.06211893532803,18.690629540205805],[99.06220427965461,18.690602397984417],[99.06240335010939,18.690358306374147],[99.06291541457072,18.690195451685714],[99.06280142935051,18.689707438847286],[99.0626875944093,18.68962613507567],[99.06260226061025,18.689680391461643],[99.06246000436172,18.689680438873445],[99.06243153324361,18.689626220455487],[99.06243150344118,18.689544878623828],[99.06265905343597,18.689382119083557],[99.06265899361489,18.68921943541602],[99.06277274836444,18.689083827650606],[99.06274422732953,18.68889403954904],[99.06240278412135,18.68881281157186],[99.06214673406481,18.688840010505633],[99.06194767486522,18.68911121582453],[99.06180542892436,18.689138376684177],[99.06174844800398,18.688921483852926],[99.06180529124629,18.68875878143952],[99.06174838905382,18.688758800174583],[99.06169144759774,18.68865036310516],[99.0619759189343,18.688541813556213],[99.06206122274097,18.688406215607525],[99.06231732173653,18.688514586527205],[99.06263027337721,18.68848736837621],[99.06268714555559,18.688406007532844],[99.06285784177503,18.688378836475714],[99.0628862027556,18.68813480141493],[99.06305691873683,18.68816185807231],[99.06300009693587,18.68837878876546],[99.06308548014474,18.68846010192827],[99.06319928432721,18.68846006363047],[99.06334150932013,18.688378673820825],[99.06339832059896,18.688134629078036],[99.06362588803427,18.688026096244784],[99.06365428836833,18.687890516855365],[99.06356891528925,18.687836317894792],[99.06331286689074,18.687863518417867],[99.06314213107626,18.687782234094453],[99.06299993655536,18.687944965602274],[99.06265852503776,18.68794507992284],[99.0626015633566,18.68778241522327],[99.06282910084403,18.687592541504213],[99.06299981627285,18.687619598216738],[99.0631421210301,18.68775512014569],[99.06328435553196,18.687700844323846],[99.06328431525706,18.687592388527694],[99.06314204066139,18.687538208552795],[99.06302817692725,18.687375563115744],[99.06288592260393,18.68737561084482],[99.06282905086293,18.687456971756077],[99.06217468065704,18.687457189723347],[99.0620893675349,18.687565673785812],[99.06197556394727,18.68756571140869],[99.0619186128966,18.68743016044336],[99.06208929838544,18.687375876134645],[99.06206077840332,18.687186087891625],[99.06268666681652,18.687104537979113],[99.06297109486314,18.68688753110793],[99.0634832190575,18.686914472501513],[99.06351169005384,18.6869686907759],[99.06376772693056,18.68691437603216],[99.06388155040595,18.686968565225158],[99.06393844182595,18.686941431894265],[99.06393839096427,18.68680586213965],[99.06385298786383,18.686670321446417],[99.06353998921682,18.686561971872337],[99.06351149807148,18.686453525695157],[99.06359682996722,18.686399268882685],[99.0635683489264,18.686317936665045],[99.06348299686303,18.686317965559567],[99.06336924451912,18.686453573788366],[99.06325545174036,18.686480726137745],[99.06328397293173,18.68667051420987],[99.06302791621003,18.68667060039049],[99.0630563468932,18.686616362928014],[99.06299942537188,18.686562154135906],[99.0626011350852,18.68661651534382],[99.06262954596762,18.68650805004015],[99.06288559244246,18.68648085045127],[99.06297089449765,18.68634525206443],[99.06274327897401,18.68631821435254],[99.06271485821786,18.686399565722425],[99.06237344979432,18.686399679515223],[99.06231644925069,18.686128558884974],[99.06217414651034,18.68599303630048],[99.06217411683699,18.68591169443696],[99.06248701401879,18.685748906757492],[99.06262926698541,18.68574885933482],[99.06280005046989,18.685965713920904],[99.06291383296973,18.685911447892796],[99.06331214165178,18.685911313930475],[99.0633974430834,18.685775715343357],[99.06353969606991,18.685775667230455],[99.0635966276164,18.68585698981757],[99.06456392783106,18.68580243158795],[99.06464932077377,18.685910858016463],[99.06470632495223,18.686181977933508],[99.06464948533393,18.6863446812596],[99.06470641759982,18.686426003502923],[99.06484868144233,18.68645306834778],[99.06493407489313,18.68656149463767],[99.06516167034707,18.68653430178709],[99.06519015218396,18.686615633758613],[99.06521856141721,18.686507168067884],[99.06530391357241,18.686507138383657],[99.06533234350303,18.686452900577667],[99.06547460746582,18.686479964947537],[99.06547466996514,18.686642648653528],[99.06527557708829,18.68680540174188],[99.0652186755519,18.686805421527392],[99.06516172218103,18.686669871542346],[99.0651904425881,18.687374824355835],[99.06513358231273,18.687483299910824],[99.06416625233383,18.687483633197488],[99.06422300082993,18.68707690448647],[99.06402383494476,18.687049858593753],[99.06391006220969,18.68713123923979],[99.06391020456304,18.68751083453484],[99.06396712669101,18.687565043043378],[99.0641378320651,18.687564984771363],[99.06422321540613,18.68764629742309],[99.06419481556505,18.687781876900665],[99.06405256090581,18.68778192551521],[99.0637396513603,18.687917601828634],[99.0637396919257,18.688026057620068],[99.06388198744587,18.688134465031997],[99.06399586268495,18.68832422388059],[99.06425192188642,18.688324136371687],[99.06462173376556,18.68818843962019],[99.06487779275983,18.688188351257793],[99.06499150369149,18.6879442863512],[99.06510527644947,18.68786290505641],[99.06519063965601,18.687889989369],[99.06519059816749,18.687781533579102],[99.06536128295583,18.687727246298127],[99.0655035479876,18.68775431063911],[99.06556048113335,18.68783563260842],[99.06584500100878,18.687862646931862],[99.06607252446385,18.687645655344394],[99.06635705465817,18.687699782839964],[99.06655615812946,18.687564142567155],[99.06701142574138,18.6876995502843],[99.06738125549204,18.68761807599],[99.06775111722472,18.687617942807606],[99.06792184425186,18.687672108985954],[99.06803560459846,18.687563611970305],[99.06803552882666,18.68737381434158],[99.06777943872154,18.687292565166896],[99.06769402155699,18.68712991229099],[99.06735263313561,18.687184263043978],[99.06726731275134,18.68726563550543],[99.06706816751436,18.68729282074287],[99.06689750499653,18.687401337471712],[99.06678368027883,18.68734715011452],[99.0665275061293,18.687048987639475],[99.06632837157737,18.687103286040973],[99.06558863988631,18.68707643211155],[99.06561704894158,18.686967966366357],[99.06578773277882,18.686913678695685],[99.06584460292389,18.686832316887813],[99.0657876595132,18.68672388104509],[99.06578753391707,18.686398513635144],[99.06604355869517,18.68631708183627],[99.06621421014204,18.686181451921602],[99.06664095949037,18.686154186898904],[99.0669540232522,18.686425215006395],[99.06726701309724,18.686506444931368],[99.06755152026753,18.686506342727153],[99.06786442416934,18.686370660054145],[99.06837652578211,18.686343360196908],[99.068433503371,18.68653313710227],[99.06823443516961,18.686750121220555],[99.06823448944853,18.686885690964186],[99.06834835781179,18.6870483332361],[99.06829153225327,18.68723815158794],[99.06840541179086,18.687427907765112],[99.06851921527183,18.687427866242817],[99.06860452422232,18.687319379268153],[99.06868987677836,18.687319348042504],[99.06877528404513,18.68745488651191],[99.0687468987971,18.68761758061596],[99.06886075718374,18.687753108615475],[99.06903145174603,18.687725931945245],[99.06903136388142,18.687509020377522],[99.0691167055351,18.68748187501115],[99.06911667254549,18.687400533171882],[99.06903133093249,18.68742767853835],[99.06903130896663,18.687373450645165],[99.06911666154899,18.687373419225295],[99.06911662855961,18.687292077385088],[99.06945802767363,18.687264837371266],[99.06948644535038,18.687183484997135],[99.06965713924063,18.68715630775824],[99.06982774420068,18.68691221878635],[99.07008384585032,18.687020579114662],[99.07014079208975,18.687129013641158],[99.07019768256005,18.687101878415977],[99.0701976043824,18.68691208078661],[99.0700837677998,18.68683078148319],[99.06999829299141,18.6865325599129],[99.06988447899376,18.686505488381655],[99.06977060953243,18.686342847036077],[99.06959990540217,18.686342910428547],[99.0695429487072,18.686207361777143],[99.06940069537777,18.686207414442034],[99.06903089162974,18.68634312061526],[99.06874636286686,18.68628899716181],[99.0687178684576,18.686180551782144],[99.06883163825378,18.686099168221997],[99.06883159445258,18.685990712419525],[99.06874625349889,18.68601785765828],[99.06863244004141,18.6859907853644],[99.06888840803883,18.685773779930877],[99.06914445238289,18.685746571806305],[99.06917284795023,18.68561099156366],[99.06908747426918,18.685556795102624],[99.06908740832533,18.685394111389943],[99.0693149684606,18.685285571648357],[99.06931492435389,18.685177115837607],[99.06911575990047,18.68515007533936],[99.06903044137573,18.685231448614125],[99.0688028373492,18.68523153220036],[99.06843276307977,18.684689388359732],[99.06843262156335,18.684336906941276],[99.06868862011895,18.68420124361769],[99.0689731234329,18.684201139270463],[99.06922914337677,18.684119703121713],[99.06931451638118,18.684173899528776],[99.06934301082973,18.684282344840863],[99.0695706578533,18.684390716424087],[99.06965605326272,18.684499140582794],[99.06988365630713,18.68449905596492],[99.07002587479143,18.68441766107506],[99.070538015053,18.684498811150917],[99.07062333249006,18.684417437187967],[99.07065163675347,18.684064945067227],[99.07070850362575,18.683983581771173],[99.070879205389,18.68398351737804],[99.07093607212538,18.683902154012767],[99.0710214455605,18.683956349643157],[99.071106796428,18.683956317323712],[99.07113522408632,18.683902078631174],[99.07130593710889,18.68392912780549],[99.07133436469924,18.68387488908286],[99.07144821126143,18.683983301612884],[99.07144824535719,18.684064643477658],[99.0712206542296,18.684091843946057],[99.07113533724113,18.684173218181893],[99.07116392340907,18.684498574846007],[99.07130619799285,18.684552748756335],[99.07159055383175,18.6842001590392],[99.07159049689194,18.684064589266555],[99.07170425249552,18.68395609000078],[99.07170416124868,18.683739178358522],[99.07201712548078,18.68376617248238],[99.072187804056,18.683711878989065],[99.07230165104981,18.68382029100178],[99.07258613061344,18.683765953269557],[99.07267140046551,18.68357612255235],[99.07275672799335,18.683521861572146],[99.0727850971663,18.683332052849554],[99.07289886311514,18.683250666811798],[99.07289882832876,18.68316932494257],[99.07235829836762,18.683223762043504],[99.07221611645846,18.683386500573487],[99.07207386549155,18.6833865552569],[99.0719600189328,18.683278143099525],[99.0718177680555,18.68327819758851],[99.07167555138054,18.683359593840162],[99.07144793850168,18.683332566669293],[99.0713341718023,18.68341395182934],[99.0710781200153,18.683414048978708],[99.07093591415541,18.68352255862697],[99.07087908136833,18.68368526386413],[99.07070835740913,18.683631100343323],[99.07065155808398,18.683875147378366],[99.07042397828091,18.683929460836566],[99.07042402309013,18.684037916659154],[99.07033871693572,18.684146404489734],[99.07002575226082,18.684119407569444],[99.06999724627146,18.683983848404612],[99.07013946427222,18.68390245342579],[99.0701678587456,18.683766873009564],[99.06988335616371,18.68376697916562],[99.06982651118292,18.683902570127195],[99.06968425977794,18.683902623000773],[99.06954193093925,18.683712878069862],[99.06942811889755,18.683685806247325],[99.06948490886099,18.683414645614306],[99.0691150452693,18.6833876682266],[99.0690297166432,18.68344192755547],[99.0686314246945,18.68346918759343],[99.06854604135673,18.683387876911304],[99.06840370333339,18.683171017142186],[99.06840363805115,18.683008333385846],[99.06851740588606,18.682926949995036],[99.06877344601637,18.682899742382006],[99.06894410283657,18.682791223913323],[99.06877336944333,18.682709944661998],[99.06871640369926,18.68254728174053],[99.06857419705067,18.682655789611832],[99.06848884682972,18.682655820777374],[99.06843188137509,18.68249315776767],[99.06837498128195,18.682493178505688],[99.0683466616876,18.682818556396334],[99.06826132224234,18.682845701418877],[99.06817585264288,18.682547478875247],[99.06789135208419,18.682547582005025],[99.06774901559737,18.682330721715093],[99.06786276170752,18.682195110791277],[99.06797655088411,18.68216795564695],[99.06803334266102,18.681896795403546],[99.06772037169809,18.68184268065458],[99.06772031784375,18.68170711083672],[99.0676065074277,18.68168003789853],[99.06763493582461,18.681625799720653],[99.06789099574229,18.681652821241332],[99.06774876775954,18.681707100569522],[99.06814706657862,18.68170695637591],[99.06809014508829,18.681652749099474],[99.06823237291616,18.681598469512767],[99.06820396640963,18.681706935707826],[99.0682893596014,18.681815360526507],[99.06863081338106,18.681950805813443],[99.06868775699236,18.682059240847877],[99.06877310691425,18.682059209592836],[99.06882991928238,18.68184227703511],[99.06902910178306,18.68192354578383],[99.06919971344,18.681706571224012],[99.06956956233113,18.68170643449884],[99.06954109029574,18.681652217116408],[99.06971173429129,18.681516583977825],[99.06985400592524,18.681570759015965],[99.06993938897155,18.6816520691197],[99.06991100578179,18.681814763493556],[99.06996791677503,18.681841856252735],[99.06988263365334,18.682004571822194],[99.06988272257334,18.682221483513075],[99.07005345600183,18.68230276175933],[99.07002506167704,18.68243834217887],[99.06979745028319,18.682411312998735],[99.06974049475632,18.68227576434678],[99.06905770550702,18.682303130783822],[99.06897237740422,18.682357390091187],[99.06897244322678,18.682520073856853],[99.0690293652873,18.682574280858873],[99.06897256390323,18.68281832741993],[99.06905791420465,18.68281829603415],[99.06905793617322,18.68287252395359],[99.06914328650163,18.6828724925289],[99.06917170360393,18.682791140166287],[99.06937082117241,18.682709724781763],[99.06982600027148,18.682655328057916],[99.07008200633767,18.682546776781248],[99.07059407363055,18.682465242980378],[99.07073636883742,18.682573645259897],[99.07119154712551,18.68251924522606],[99.07124840189411,18.682410767795933],[99.07133374064132,18.68238362141617],[99.07141913615911,18.682492044795417],[99.07158983642607,18.682491979760897],[99.07176049103677,18.682383458733856],[99.07215881435633,18.682437533939883],[99.07224412998885,18.68235615922831],[99.07250019171175,18.682383174452568],[99.07278465723765,18.682301722460394],[99.07298387697125,18.68246432887594],[99.07315460047585,18.68251849033501],[99.07329681574014,18.682437092960097],[99.07363822786162,18.68246407327877],[99.07369518654687,18.682599620734507],[99.07358144482077,18.682735235172697],[99.07363839183951,18.682843668684626],[99.07378066581941,18.682897840730615],[99.07383763650867,18.68306050209228],[99.07358162037876,18.68314194452431],[99.07346776134267,18.68300641932485],[99.07329706056768,18.683006486069132],[99.07326864540094,18.68308783904804],[99.0730979561707,18.683115019568106],[99.07306954089096,18.683196372516317],[99.07312649937154,18.68333192013479],[99.07301274509155,18.683440420265363],[99.07304126500327,18.68360309292747],[99.07284215974697,18.68371162615112],[99.07289908343304,18.683765831967143],[99.07304133471388,18.68376577665717],[99.07338269109479,18.683657187654646],[99.07380945639977,18.683684134257017],[99.0738095620662,18.68392815984419],[99.07389495993199,18.684036582071073],[99.07415098904775,18.68398225316867],[99.07423637534855,18.684063561285615],[99.07417961633672,18.684388951217514],[99.07406583846274,18.684443224070225],[99.07400890240713,18.684361904661692],[99.07392355134205,18.68436193830169],[99.07386669763277,18.684470416516128],[99.07363912978877,18.684551847821158],[99.0735538371308,18.684687451053005],[99.07344000044462,18.684606153766698],[99.07247269849323,18.684633643771953],[99.07241582072969,18.684687893642472],[99.07196062560756,18.68471518269863],[99.07130634545356,18.684905230145016],[99.0710788210236,18.685095114156443],[99.07099354864155,18.685284944127858],[99.07116436491702,18.685556018981757],[99.07110766742468,18.68604409165162],[99.07085163422862,18.686098416403826],[99.07065246846018,18.68607137754352],[99.0704533475875,18.686152794269642],[99.07022573116534,18.686125765636167],[99.0701404126856,18.686207139407],[99.07014045732024,18.686315595203954],[99.07019738102282,18.68636980182444],[99.07062416388042,18.686423869590197],[99.07107934117477,18.686342355868092],[99.07113619728122,18.686233878511608],[99.07124998862307,18.68620672138704],[99.07190436534492,18.686233585735206],[99.07210345120043,18.686070825626544],[99.07233104482451,18.686043624084817],[99.07238786548604,18.685853804501754],[99.0725016333041,18.685772418720266],[99.07309904920324,18.685663731138934],[99.07324132537059,18.68571790357004],[99.07326983423336,18.68585346220741],[99.07338364832533,18.685880531686895],[99.07355427006814,18.685690667213944],[99.07363962179932,18.685690633739608],[99.0737818159965,18.685555008118257],[99.07415166140431,18.685527748386054],[99.0742369421938,18.68536503094548],[99.07432229376059,18.685364997161212],[99.07446464113988,18.68558185235915],[99.07463539198285,18.685690240337262],[99.07466389007091,18.685798684811594],[99.07423734373747,18.686286905178783],[99.07412351744794,18.686232722272763],[99.07400972655317,18.686259881138255],[99.07383910475188,18.686449746014045],[99.073896076697,18.68661240729217],[99.07369698020509,18.686748055343976],[99.07369702710443,18.686856511126184],[99.0739247156048,18.68704621921137],[99.07429458786396,18.68707318707965],[99.07423775711572,18.68723589326562],[99.07435163142993,18.687398531868435],[99.07435169057715,18.6875341015846],[99.07423788703973,18.68753414664453],[99.0741524753977,18.687398610677402],[99.07401020931329,18.687371552896426],[99.07383958640429,18.687561417754043],[99.0738681548201,18.687832545984556],[99.07409578587301,18.687886684127296],[99.07409583302925,18.68799513989538],[99.07389667629863,18.687995218435262],[99.07383983311746,18.688130810545527],[99.07403902534732,18.688212073889595],[99.07406755883862,18.688401860247726],[99.07426677512676,18.688537351226756],[99.07426683421033,18.688672920926752],[99.07409612776299,18.688672988417522],[99.07395390769067,18.688754386360817],[99.07369784789516,18.688754487112092],[99.07355555734166,18.688673201113673],[99.07341330196641,18.688673256827492],[99.0732426770925,18.688863121122793],[99.07304353096592,18.68889031270057],[99.07307207509247,18.68910721313912],[99.0730151844148,18.689134349230738],[99.07301521926864,18.68921569104809],[99.07307212160045,18.68921566889561],[99.07310061929273,18.68932411356807],[99.07298680294316,18.68929704393456],[99.0729584098088,18.689432624693083],[99.07267389778606,18.689432735111716],[99.07216164983572,18.689134679445534],[99.07193406350345,18.68918899472665],[99.07190566954856,18.689324575330208],[99.0719626177205,18.68943300927076],[99.07227560395177,18.68948711685047],[99.07227564995382,18.689595572604496],[99.07213341676038,18.68964985522724],[99.07210503436232,18.68981254979191],[99.07241803285892,18.689893771066785],[99.07233272505975,18.690002259741828],[99.07219049154564,18.69005654240657],[99.07219053749503,18.690164998154227],[99.07236129150272,18.69027338813812],[99.07241836704601,18.69068007521858],[99.07236149876923,18.690761438979592],[99.07239001931107,18.690924111611853],[99.07230469947449,18.69100548632984],[99.07221934507874,18.691005519205998],[99.07213394476722,18.69089709630525],[99.07199168753083,18.6908971509475],[99.07193481897774,18.690978514578237],[99.07159342423078,18.691032873045977],[99.07150810395815,18.69111424740221],[99.07147970934892,18.691249827915726],[99.07142280633582,18.691249849587532],[99.07142286316571,18.691385419256974],[99.07153669205071,18.691439603762856],[99.07159364070013,18.691548037789403],[99.07170745833646,18.691575108257247],[99.07184968183763,18.69149371202959],[99.0718497847446,18.691737737424546],[99.0714798686006,18.69162942298475],[99.07111002082277,18.691683791412235],[99.07091078077497,18.69149406926343],[99.07082542613185,18.691494101506237],[99.07079701965023,18.69160256797957],[99.07068321338662,18.69160261089257],[99.07054086575073,18.69138575296556],[99.07025629454989,18.69125029005609],[99.06991497659452,18.691494443013138],[99.0699150656042,18.691711354484735],[99.06968754164816,18.691928350639767],[99.06883404778343,18.692064235429132],[99.06869185515379,18.69222697117086],[99.06869188794973,18.692308312969065],[99.06880574944037,18.692443840924316],[99.06877737435305,18.692633648880815],[99.06869204099964,18.692687908018016],[99.06863512657962,18.69266081491425],[99.06863514842604,18.69271504277735],[99.0685497931671,18.69271507398678],[99.06854973861908,18.692579504328187],[99.06866355646811,18.692606576639125],[99.0686634581197,18.692362551250014],[99.06852114512498,18.692227033600904],[99.0682935208836,18.6922000026662],[99.06800902585775,18.69225433389218],[99.06783822943063,18.692037484232397],[99.06820807904303,18.69198312225122],[99.06835029368807,18.691874614739405],[99.06849257355177,18.69192879072346],[99.06866328328185,18.69192872832038],[99.06872016465258,18.691874479617283],[99.06872009903552,18.691711796012758],[99.06906144112583,18.691521873097773],[99.06906137518423,18.691359189488303],[99.06891899691047,18.691060988509776],[99.06900435134008,18.691060957135043],[99.06926034849812,18.69089817916107],[99.0693171300606,18.690599904841175],[99.06914635564499,18.69043728420979],[99.06900409878332,18.690437336585436],[99.06891868983168,18.69030179826864],[99.06877640024993,18.69022050865586],[99.06869106810207,18.69027476780267],[99.06871965067035,18.690600124639744],[99.06860583415403,18.690573052352768],[99.06857735002073,18.690491720941207],[99.06840659818835,18.69038332750877],[99.0684065546469,18.6902748717548],[99.06866260583058,18.690247664278758],[99.06877636741758,18.69013916683972],[99.06883319339148,18.689949348398294],[99.06891851436471,18.68986797524614],[99.06889001923946,18.68975952993623],[99.06877621420222,18.689759571688427],[99.0686054629793,18.689651178426573],[99.06820714559855,18.689651323652335],[99.06786582788848,18.689895472922142],[99.0676097663445,18.689895565370364],[99.06760980937786,18.690004021130523],[99.0676951740523,18.690031104292874],[99.06775211978719,18.690139539511247],[99.06778076525491,18.690627580131174],[99.0679230763223,18.69076309837115],[99.067923130366,18.690898668057734],[99.06780936772846,18.69100716497398],[99.06778097019156,18.69114274493875],[99.06763871273682,18.691142796280978],[99.0675817882456,18.69108858891429],[99.06735419782599,18.691142898641814],[99.06726899322163,18.691522524373237],[99.06732598204447,18.69173941544378],[99.06755360552081,18.691766447556205],[99.06752519690974,18.691874913537866],[99.06738294956637,18.691902078622636],[99.06746835810546,18.692037617616837],[99.06746843326574,18.69222741515354],[99.06752537959551,18.692335850413514],[99.06763919712101,18.692362923347694],[99.06769621902079,18.692661156080828],[99.06786694028848,18.69268820833209],[99.06798079056047,18.692796622852285],[99.06800931809357,18.692986410058946],[99.06809470600167,18.69306772088765],[99.06806631918728,18.69323041479659],[99.0681517940191,18.69352863703446],[99.06820874122094,18.693637072069198],[99.06846488466228,18.693826776285977],[99.06852186488135,18.69401655300496],[99.06860725355132,18.694097863589],[99.06860730814985,18.69423343322551],[99.06846498273451,18.694070801638055],[99.06832272283687,18.69407085350676],[99.06818051719756,18.69420647490569],[99.0679244599871,18.694233681731536],[99.06792466540075,18.694748846339756],[99.06806701253886,18.69496570617603],[99.06806705587587,18.69507416187659],[99.06775408225445,18.695074275187256]],[[99.06758265942754,18.693284817535496],[99.06775337051963,18.693284755956096],[99.06786712390739,18.693149145164558],[99.06772478932766,18.69295939906035],[99.06772471387862,18.692769601539435],[99.0676393693555,18.692796746266538],[99.06761101443153,18.693040781906202],[99.06749723942661,18.693122164682695],[99.06758265942754,18.693284817535496]],[[99.06618840294244,18.69298706137115],[99.06630219958947,18.692959907249932],[99.06627370560413,18.692851461574698],[99.06615990902488,18.69287861567874],[99.06618840294244,18.69298706137115]],[[99.06681429999978,18.69287838374873],[99.06692810712487,18.69287834318006],[99.06695653759375,18.692824105163055],[99.06684273050497,18.692824145748865],[99.06681429999978,18.69287838374873]],[[99.06564769336833,18.692661884133027],[99.06590372761461,18.692580452550033],[99.06587521297934,18.69241777894132],[99.0657044922928,18.69239072487488],[99.06556225465803,18.692445002513853],[99.06553384466649,18.69255346819042],[99.06564769336833,18.692661884133027]],[[99.06516386849766,18.692282457692382],[99.06519229943032,18.692228219937878],[99.06527765445124,18.692228190256852],[99.06530603337337,18.692038382809507],[99.06556205641486,18.691929837754365],[99.06556200424669,18.69179426807612],[99.06550508019565,18.691740060081685],[99.0651920919336,18.691685941226368],[99.06519201931141,18.691496143669937],[99.06453776714088,18.691848851102524],[99.06459471148106,18.691957287262614],[99.06473699022945,18.692011466097995],[99.06479394506249,18.692147016130473],[99.06502156869236,18.692174051313497],[99.06516386849766,18.692282457692382]],[[99.06408253116956,18.691821893217586],[99.06422475853918,18.691740502760393],[99.06428154919789,18.69144222996299],[99.06445222768485,18.691360829580496],[99.06448064843039,18.69127947799042],[99.06476515327938,18.691252266048934],[99.06485052845221,18.69130646443917],[99.06519195706454,18.691333460047083],[99.06519191556697,18.691225004296957],[99.06524881857922,18.691224984515056],[99.06519183257271,18.691008092792934],[99.06496423115081,18.691035285685352],[99.06490731787265,18.691008191442307],[99.06490728688593,18.690926849626553],[99.06504951311378,18.69084545853979],[99.06519177032774,18.69084540916163],[99.06519172883146,18.690736953405864],[99.06533396516113,18.690682676041945],[99.06536236457102,18.6905470964351],[99.0657891354616,18.690546947267638],[99.06593136094945,18.69046555551134],[99.06593132947482,18.690384213692553],[99.06564680537451,18.690357199520275],[99.06519160434434,18.690411586131045],[99.06519158359673,18.69035735825081],[99.06499242406751,18.690357427348093],[99.0647363824171,18.69041174375754],[99.06450883304308,18.690574505797613],[99.06433830894409,18.691062615324025],[99.0642529545055,18.691062644575908],[99.06419601068336,18.69095420830019],[99.06411064609674,18.69092712354808],[99.06408214365202,18.69079156357172],[99.06393988647989,18.690791612108367],[99.06385449153143,18.690683185419324],[99.06345619189561,18.69073754844622],[99.06339934957728,18.69090025132283],[99.06359857047114,18.69106286755022],[99.06359862107487,18.691198437244296],[99.06348484537249,18.691279817605423],[99.06348489588636,18.691415387296665],[99.06357029096867,18.691523814145093],[99.06371255889229,18.69155087982445],[99.06396860258431,18.691496564812727],[99.06396867384363,18.691686362373737],[99.06408253116956,18.691821893217586]],[[99.06909001362375,18.6918201158985],[99.06926070119839,18.691765825084566],[99.06926062404355,18.69157602754565],[99.06914681779394,18.69157606952658],[99.06906151805855,18.691711670638576],[99.06909001362375,18.6918201158985]],[[99.06283050048879,18.69138849365754],[99.06294428659413,18.691334227631653],[99.06294423651065,18.691198657937825],[99.06288731348947,18.691144449142556],[99.06274506600433,18.691171610713265],[99.06274510594424,18.69128006646921],[99.06283050048879,18.69138849365754]],[[99.07079686192013,18.691222972903816],[99.07085376492503,18.69122295142189],[99.07088214874852,18.691060257066166],[99.07085356197179,18.69073490058826],[99.07079655773707,18.690490896642956],[99.07059733067081,18.690328288068642],[99.07056882317062,18.690192729085165],[99.07068249352473,18.689867318988167],[99.07036949589339,18.6897860948148],[99.0703694399068,18.689650525119173],[99.07028404145159,18.68954210135454],[99.07008487174434,18.689515061914665],[99.07002800273747,18.68959642498089],[99.06982884411755,18.689596499209287],[99.06977187504191,18.689433836738214],[99.06988564649882,18.68935245256175],[99.06997100007084,18.68935242075003],[99.07005639823188,18.689460844660303],[99.07088146071877,18.689406306888568],[99.07093829539141,18.689243601743435],[99.07108055125057,18.689243547904507],[99.07119440125078,18.689351960515125],[99.07142201076869,18.68935187400991],[99.0715357472315,18.689189147015373],[99.071734848297,18.6890535012765],[99.07173480264056,18.688945045514917],[99.0716209411747,18.68880951928678],[99.07164934667229,18.688701052659752],[99.07176316241397,18.688728123108366],[99.0717347912265,18.688917931574323],[99.0717916934605,18.688917909810506],[99.07182020171585,18.689053468624042],[99.07196245741353,18.689053414116994],[99.07201929093634,18.688890708642152],[99.07210462132741,18.688836447979444],[99.07184850423779,18.688700976502428],[99.07201917634437,18.68861956923285],[99.07199062218697,18.688375554676036],[99.0718483899188,18.68842983708663],[99.07159231920792,18.68840282102068],[99.07150702300207,18.68853842327866],[99.07068191994142,18.68848450802228],[99.07059649940983,18.688321856499247],[99.0706533902046,18.688294721138266],[99.07065333399694,18.68815915142195],[99.07076709292261,18.688050652760474],[99.0707670366253,18.687915083040973],[99.07065319910058,18.687833784094796],[99.07036868973283,18.687833891009],[99.07036864494906,18.687725435230114],[99.07056775646973,18.687616904656256],[99.0708238033054,18.687589694237346],[99.07085220911033,18.687481227715896],[99.07079528482768,18.687427021302383],[99.07051076492156,18.687400014484087],[99.07045382956515,18.687318694020114],[99.07034001497068,18.6872916227694],[99.07031151937828,18.687183177647167],[99.07014081440832,18.687183241534466],[99.07011243050896,18.6873459358454],[99.07019779424405,18.68737301787984],[99.07016945502467,18.68764416797757],[99.07005567369538,18.687698438391642],[99.06962889889833,18.68767148329562],[99.06951513949777,18.687779981272957],[99.06923058615355,18.687671630679112],[99.0691737503674,18.68783433533782],[99.06883231721092,18.687780233000133],[99.06871854629567,18.687861616549743],[99.06871868843217,18.68821409783383],[99.06866177550481,18.688187004720444],[99.06863335726833,18.688268356962798],[99.06874716131,18.688268315300455],[99.06886099822057,18.688349615401275],[99.06908860641106,18.688349531731067],[99.069202454549,18.68845794556681],[99.06940163392598,18.68851209989413],[99.06948706447133,18.68870186590388],[99.06951574783443,18.689271248141477],[99.06945892284506,18.689461066800142],[99.06962969657623,18.68962368716614],[99.06965832515993,18.69005749963218],[99.06999995250014,18.690572537376088],[99.06997154564408,18.690681003736305],[99.06974395654045,18.690735316361003],[99.06968708696526,18.690816679315184],[99.06974401203287,18.690870886042784],[99.07005698906765,18.690897883373044],[99.07022782069102,18.691196072838885],[99.07034159310277,18.691114688398056],[99.07031304091558,18.69087067364413],[99.07039838404468,18.69084352769966],[99.07042685789841,18.690897744893018],[99.0706544807284,18.690924773247623],[99.07079686192013,18.691222972903816]],[[99.06561864638807,18.691116399761576],[99.06573243141837,18.691062132046305],[99.0657039381169,18.690953686260524],[99.06550477789268,18.69095375590383],[99.06547635769046,18.691035107650208],[99.06561864638807,18.691116399761576]],[[99.06189148164283,18.69106343847863],[99.06206217077602,18.691009154205005],[99.06206209176713,18.690792242682765],[99.06180604851662,18.690846555095273],[99.06177763639514,18.690955020227793],[99.06189148164283,18.69106343847863]],[[99.06186292187313,18.69076519451874],[99.06191982473548,18.690765175747],[99.06191981488212,18.690738061806215],[99.0618629120288,18.690738080577926],[99.06186292187313,18.69076519451874]],[[99.07145095084721,18.690517762505465],[99.07159318498343,18.690463480401938],[99.07153623669933,18.690355046361514],[99.07142244263612,18.69038220365679],[99.07145095084721,18.690517762505465]],[[99.06624433665762,18.690492559207357],[99.06641503438813,18.690465384915374],[99.06647190541258,18.690384022945377],[99.06613046798522,18.690329915719122],[99.06610204818509,18.690411267564453],[99.06624433665762,18.690492559207357]],[[99.06325693125441,18.69046647629745],[99.06342763953747,18.690466418662922],[99.06345606062493,18.690385067219292],[99.0632568909906,18.69035802053317],[99.06325693125441,18.69046647629745]],[[99.07179234460908,18.69046340429731],[99.0720483840536,18.690409078265745],[99.07207677807234,18.690273497656015],[99.07196296124842,18.690246427405754],[99.07182072741197,18.69030070978986],[99.07179234460908,18.69046340429731]],[[99.06362678907537,18.69043923728557],[99.063797466874,18.690357837492122],[99.06374049314992,18.69016805924424],[99.06356978516685,18.690168117162546],[99.0635129027188,18.690222364317243],[99.0635129633586,18.690385047964728],[99.06362678907537,18.69043923728557]],[[99.06473632060911,18.69024906011444],[99.06496391068103,18.69019475355857],[99.06510610519172,18.6900320206013],[99.06516300780565,18.690032000846642],[99.06516303891286,18.69011334266974],[99.0653906390712,18.69008614953733],[99.06544756253162,18.690140357577846],[99.06558981915578,18.690140307899664],[99.06558977740781,18.690031852136617],[99.06553285393865,18.689977644138654],[99.06519143836547,18.68997776308042],[99.06519137612457,18.68981507943127],[99.0651629455917,18.689869317198337],[99.06465083284021,18.689896608309166],[99.06453706877912,18.690005103257157],[99.06453712012649,18.690140672963995],[99.06473632060911,18.69024906011444]],[[99.0712800383744,18.690029776574743],[99.07147917474629,18.689975472928932],[99.07142213578005,18.689650127340368],[99.07130833082205,18.689650170628234],[99.07122302243586,18.689758658803484],[99.07133688422313,18.689894185258336],[99.07127999300488,18.689921320823355],[99.0712800383744,18.690029776574743]],[[99.06439476103114,18.689869582427594],[99.06448010461156,18.689842439170967],[99.06456538652203,18.689652612221536],[99.0645653146064,18.68946281462166],[99.06450840191732,18.689435720251286],[99.06436614587834,18.689435769107725],[99.06428081271139,18.689490026256358],[99.06425241261374,18.689625605716824],[99.06411015641552,18.689625654379658],[99.06425248418152,18.689815403314597],[99.06439476103114,18.689869582427594]],[[99.06618718112031,18.689841844725645],[99.06630098621861,18.68984180454371],[99.06638627666091,18.689679090714364],[99.06667079974193,18.68970610377032],[99.06669922976704,18.689651865775385],[99.06684148597977,18.68965181514943],[99.0671260197662,18.68970594145612],[99.06769501247477,18.689624395187746],[99.06775188260742,18.689543032825284],[99.06769473241692,18.688919432697126],[99.06778005342169,18.68883806005368],[99.06786540673984,18.688838029200646],[99.0680077271958,18.68900066134937],[99.06814998286104,18.689000609733032],[99.06815000454849,18.689054837617817],[99.06803619998011,18.689054878919652],[99.06800781376494,18.68921757288729],[99.0681216726389,18.689353101310672],[99.06812174851527,18.689542898899063],[99.06826400463285,18.68954284719483],[99.06823548826377,18.689380173897735],[99.06846307604627,18.689325863099338],[99.06840606482622,18.689054744436316],[99.0684913964557,18.689000485413757],[99.06851973856386,18.688729335599223],[99.06837742872777,18.688593817778568],[99.06823518425982,18.688620983509836],[99.06812133662588,18.688512569087436],[99.06806436954439,18.68834990607272],[99.06814972261753,18.688349875091124],[99.06817814109863,18.68826852292194],[99.06823505397688,18.688295616181943],[99.0682351082611,18.688431185903266],[99.0683205048567,18.688539610619333],[99.06846272745666,18.688458216935846],[99.06846268388432,18.68834976115977],[99.06829193427566,18.688241367591147],[99.06829185821542,18.688051569977137],[99.06817804346983,18.688024497417636],[99.06806431539624,18.688214336349738],[99.06806428290757,18.688132994515016],[99.06795043570912,18.6880245799819],[99.06797881096861,18.68783477205684],[99.06817798923227,18.68788892769028],[99.06812104398396,18.68778049257365],[99.06797880015289,18.687807658110863],[99.06792186586505,18.68772633687867],[99.0678365131038,18.68772636775562],[99.06777965439895,18.687834844103495],[99.06721065701058,18.687889276678913],[99.06718217399553,18.68780794502876],[99.06703988732411,18.687726654068232],[99.06695458782492,18.68786225427711],[99.06652784483798,18.687916633967863],[99.06641417839626,18.68826915558223],[99.06644269283802,18.688431829181436],[99.06649959491607,18.688431809023065],[99.06644292541985,18.689028335954013],[99.0662722080428,18.689001282384172],[99.06618693889139,18.689218224058727],[99.06587398649667,18.689245448142245],[99.06581712603696,18.689353923883356],[99.06584560866214,18.689435255728565],[99.06598786469651,18.689435205750392],[99.0661016274516,18.689326709920127],[99.06632925806862,18.68938085747808],[99.06641453768698,18.689191029685848],[99.0665283635217,18.689245217252854],[99.0668982181478,18.689217971798097],[99.06695504591227,18.689028153901237],[99.06692647763539,18.688729910673338],[99.06704024998852,18.6886485282133],[99.06721100990802,18.688784036861197],[99.06746706978383,18.68878394496246],[99.06752399346621,18.68883815237981],[99.06752404718642,18.6889737220953],[99.06746718786893,18.68908219833604],[99.06723961078889,18.689163621870357],[99.06718276191705,18.689299211965672],[99.06706898919892,18.689380594507632],[99.06695518441045,18.689380635154457],[99.06681297094934,18.689489141633782],[99.0666137912423,18.68943498456506],[99.0665000287423,18.689543480703833],[99.06632930028567,18.689489313247016],[99.06630092291887,18.689679120895835],[99.06615869826366,18.689760512936527],[99.06618718112031,18.689841844725645]],[[99.06516282116573,18.689543949893277],[99.06519127239117,18.689543940009752],[99.06519124127149,18.68946259818177],[99.06516279005965,18.68946260806525],[99.06516282116573,18.689543949893277]],[[99.0651627589537,18.68938126623652],[99.065191210152,18.689381256353084],[99.06519117903264,18.689299914523694],[99.06516272784795,18.68929992440708],[99.0651627589537,18.68938126623652]],[[99.06362633347558,18.68921910987053],[99.06368323581971,18.68921909056548],[99.06371163630382,18.689083511184144],[99.06365473400498,18.689083530497673],[99.06362633347558,18.68921910987053]],[[99.06374010773737,18.689137729410053],[99.06376855889579,18.689137719742472],[99.0637969694497,18.6890292542921],[99.06374006716909,18.68902927363145],[99.06374010773737,18.689137729410053]],[[99.0657600980875,18.68902857651668],[99.06615839297902,18.688974208603298],[99.06618677038995,18.688784400961662],[99.06581690611377,18.688784531068322],[99.06573158419519,18.688865902822375],[99.0657600980875,18.68902857651668]],[[99.07219000909619,18.688917756980565],[99.07224691132954,18.68891773507869],[99.07224689983401,18.68889062113832],[99.07218999760971,18.688890643040168],[99.07219000909619,18.688917756980565]],[[99.06288646290852,18.688839764032224],[99.06297181623589,18.688839735405317],[99.06297179619656,18.68878550751364],[99.06288643289028,18.688758422194464],[99.06288646290852,18.688839764032224]],[[99.07338483921488,18.688646154016936],[99.07347019242656,18.688646120614575],[99.07355549882394,18.688537631411503],[99.07349849147005,18.688293628240658],[99.07341313843497,18.688293661655283],[99.07329941602639,18.688483503736222],[99.07329946267738,18.688591959499366],[99.07338483921488,18.688646154016936]],[[99.07312876794306,18.688619140050427],[99.07318567007553,18.688619117864196],[99.07318565843083,18.688592003923535],[99.07312874467182,18.68856491216896],[99.07312876794306,18.688619140050427]],[[99.07233210355379,18.688538107022023],[99.07244590776652,18.688538063115686],[99.07244585013204,18.688402493408205],[99.07233201148372,18.688321195488562],[99.07221820741555,18.688321239325333],[99.07218980234278,18.688429706041433],[99.07233210355379,18.688538107022023]],[[99.07216125945541,18.688212805448817],[99.07233196544918,18.688212739719958],[99.07236035888269,18.68807715903761],[99.07218965302486,18.68807722479184],[99.07216125945541,18.688212805448817]],[[99.0730430428483,18.687751527154767],[99.07321373672805,18.68772434668211],[99.07324212937962,18.68758876586196],[99.07318520430344,18.687534560176797],[99.07309985164794,18.68753459344761],[99.07301453384258,18.687615968510805],[99.0730430428483,18.687751527154767]],[[99.07116524802163,18.687670906896127],[99.07127902897675,18.687616635810294],[99.071335885378,18.68750815840702],[99.07130740046081,18.68742682738598],[99.0711651461189,18.687426881391843],[99.07116524802163,18.687670906896127]],[[99.07233168924849,18.687562005082015],[99.07250238305441,18.68753482525619],[99.07255921556008,18.687372119594965],[99.07250227923784,18.68729079975555],[99.07224623312753,18.68731801246332],[99.07233168924849,18.687562005082015]],[[99.07187638351685,18.687345268449135],[99.07190483437121,18.68734525754879],[99.07190480005109,18.68726391571324],[99.07184789836953,18.687263937509503],[99.07187638351685,18.687345268449135]],[[99.07338423206865,18.68723622900926],[99.07346956119632,18.68718196772057],[99.07352633417212,18.686883692037735],[99.07329866965401,18.686748211355646],[99.07309952600674,18.686775402990463],[99.0731281163781,18.68710075925107],[99.07327038209878,18.687127817702873],[99.07338423206865,18.68723622900926]],[[99.06470670584592,18.687185194122772],[99.06484894968784,18.687158031064232],[99.0649057480791,18.68688687189072],[99.06470658231018,18.68685982672178],[99.06462125053929,18.686914084035884],[99.06462133278782,18.687130995636913],[99.06470670584592,18.687185194122772]],[[99.0641375667549,18.686860022075553],[99.06433670172868,18.686805725996347],[99.06427973883179,18.68664306179012],[99.06410903438163,18.686643120188474],[99.06405215327872,18.686697367522978],[99.06405218384978,18.686778709376743],[99.0641375667549,18.686860022075553]],[[99.07179081393993,18.686830136152565],[99.0721037379773,18.686748674317787],[99.07213208545008,18.686504637860253],[99.07187596041524,18.686342052427403],[99.07173371839276,18.686369220809304],[99.07167687402571,18.686504812291812],[99.07170542741065,18.686748826947543],[99.07179081393993,18.686830136152565]],[[99.07139248046376,18.686776060224844],[99.07150627212587,18.686748902945368],[99.07164846890656,18.68661327894709],[99.07164841191279,18.686477709209438],[99.07139234416698,18.686450692855015],[99.07127857536514,18.6865320779614],[99.07127863206489,18.68666764769936],[99.07139248046376,18.686776060224844]],[[99.06644196343382,18.68656096678533],[99.0664988648872,18.686560946629115],[99.06652729444585,18.68650670864354],[99.06644194229297,18.686506738884226],[99.06644196343382,18.68656096678533]],[[99.06299929507738,18.686209672749168],[99.0630846370512,18.686182530121492],[99.0630561462596,18.68607408386975],[99.06297080433544,18.686101226484645],[99.06299929507738,18.686209672749168]],[[99.06948596999433,18.68601758520571],[99.06959976145846,18.685990429080828],[99.06959970609635,18.685854859328185],[99.06954279381908,18.685827766473114],[99.06940056288786,18.685882047038536],[99.06948596999433,18.68601758520571]],[[99.06880262939359,18.68471636707958],[99.06894487051288,18.684689200917656],[99.06891636528563,18.684553641594377],[99.06905858427993,18.68447224743637],[99.06905852935309,18.684336677660262],[99.06897314537623,18.68425536718203],[99.06880247616748,18.684336771709354],[99.06877411333454,18.68455369377983],[99.06871721255398,18.684553714623817],[99.06871725627877,18.684662170443136],[99.06880262939359,18.68471636707958]],[[99.07258637308566,18.684335346307094],[99.0728424262481,18.684335247095248],[99.07292773089881,18.684226758133804],[99.07289924577714,18.6841454273267],[99.07270008197519,18.684118390627344],[99.072586303807,18.68417266258561],[99.07252943777041,18.68425402644624],[99.07258637308566,18.684335346307094]],[[99.0706513220812,18.68330575428877],[99.07076512280437,18.683305711413436],[99.07079352794267,18.683197244853652],[99.0706512658913,18.683170184500444],[99.0706513220812,18.68330575428877]],[[99.07141945423625,18.683251235626955],[99.071817710938,18.683142627803242],[99.0718745426491,18.682979922276047],[99.07159001861697,18.6829258030991],[99.071390947287,18.683115676664492],[99.07113491857803,18.683170001805134],[99.0711633913747,18.683224218934498],[99.07141945423625,18.683251235626955]]]}},{"type":"Feature","properties":{"class_id":"R6","feature_id":115084},"geometry":{"type":"Polygon","coordinates":[[[99.07331624279149,18.727554611315313],[99.07331620771681,18.727473269830824],[99.07357220844364,18.72720203111537],[99.0740273988391,18.72690359959099],[99.0740273398166,18.72676803044255],[99.07385653627446,18.72663252869642],[99.0732304730277,18.726632774513785],[99.07311667832295,18.72671416047517],[99.0729174762829,18.726714238130246],[99.07286064274312,18.72690405709184],[99.07274684767943,18.726985442827413],[99.07257609122675,18.726958395235485],[99.07257604493427,18.726849939913983],[99.07277515429669,18.726632951975688],[99.07288878639459,18.726171972576164],[99.07283173234767,18.725846628721385],[99.07294549171672,18.725683901426418],[99.07317311480892,18.725602471130134],[99.0733723155454,18.725602393207634],[99.07357158666711,18.725764998073082],[99.07379922133238,18.725710680850455],[99.07368519253518,18.725249790488306],[99.07342891392481,18.724870297368785],[99.07328662829732,18.72487035309023],[99.07320133862123,18.725060183320437],[99.07277460889848,18.72535860183028],[99.07260386565265,18.7253586680883],[99.07240456129621,18.72511472067493],[99.07157939474952,18.725331948532606],[99.07149409153544,18.725494664148297],[99.07123802188971,18.72560321706719],[99.0710104544747,18.725820214188253],[99.07101048844306,18.725901555691227],[99.07083980112363,18.726037189513573],[99.07083983501079,18.72611853101497],[99.07072605077731,18.726227029364587],[99.07049842566734,18.726308456688468],[99.07029930255926,18.72649832838963],[99.06987253069369,18.726715398774136],[99.06984415121913,18.726905206213626],[99.0696448600959,18.726688369729715],[99.06970177496,18.726688348558625],[99.06987243041748,18.726471374278283],[99.0700716210128,18.726444186029454],[99.07035612760855,18.72628139635445],[99.07072591544662,18.725901663357742],[99.07089663663542,18.725847371141008],[99.0711241815509,18.725576146488237],[99.07118100524305,18.72535921418599],[99.07146547477444,18.725115081308363],[99.0715508462773,18.72511504871805],[99.0716930749595,18.724979425133032],[99.07183537213704,18.725006484458063],[99.07203451475394,18.724870838778624],[99.07231906295561,18.724816501456854],[99.07260355309373,18.724626594519396],[99.07280263661308,18.72435537883432],[99.07294489855079,18.72430109580678],[99.07277407514707,18.724111365350026],[99.07280234643054,18.723677532869637],[99.07265995754051,18.7234335635517],[99.0726883912486,18.72337932483124],[99.07317215814501,18.723379136496806],[99.0733997897489,18.723324819756275],[99.07331439577138,18.72327062550547],[99.0733427123152,18.722945248275884],[99.07308651952128,18.722755551476396],[99.07297272733479,18.722836937375355],[99.07302978061992,18.72316228129412],[99.07294447987665,18.723324997599548],[99.07260299746913,18.723325130255784],[99.07263130380376,18.722972639289278],[99.07257411250683,18.722321929121918],[99.072830153139,18.722159146670478],[99.0730009048094,18.722186194060914],[99.07302944298222,18.722375979874478],[99.07314335143963,18.7225657323679],[99.07348482060316,18.72253848488948],[99.07357023772373,18.722646906752225],[99.07359878834427,18.72286380630877],[99.0736557019234,18.72286378394063],[99.07374114282932,18.723026433402673],[99.07391191907982,18.723107707638032],[99.07399734855647,18.723243243137663],[99.07396891528917,18.723297482056083],[99.07354209753247,18.723378991633425],[99.07408276635857,18.723351664756215],[99.07402584081484,18.723324573414867],[99.07402580540929,18.72324323189499],[99.07413960918045,18.723188959200893],[99.07413952644147,18.722999162317823],[99.0739971362087,18.722755194003252],[99.07396859689138,18.7225654083487],[99.07419626263466,18.722592432166252],[99.0746233755195,18.72318876712074],[99.07462341121074,18.72327010863998],[99.07450961941991,18.72335149546667],[99.07479423582265,18.723459837423157],[99.07479425967165,18.723514065100957],[99.0749365800012,18.72359534975414],[99.0749366277904,18.723703805107505],[99.07507893637661,18.72375797581219],[99.07527829096937,18.72411037575545],[99.07561988344261,18.72435426274303],[99.07581908270579,18.72435418222366],[99.07590441751208,18.72427280614307],[99.07621742046936,18.724218451370962],[99.07687177246892,18.723865704058145],[99.0770140572441,18.7238656456165],[99.07712792195439,18.723946940294017],[99.07718497125813,18.724245169044316],[99.0773557750353,18.724380667788992],[99.07758343136209,18.724380573639802],[99.07769719758544,18.724244957288093],[99.07789634703258,18.7241364192206],[99.07806700190363,18.72394655129629],[99.07823749423792,18.72340420334035],[99.07832285238166,18.723377053829847],[99.07829424572148,18.723051699675807],[99.078094960843,18.722861985953326],[99.07778194859267,18.72288923002054],[99.07738376324556,18.72335033026112],[99.07746917090365,18.723431636489163],[99.07749780076418,18.723811218434186],[99.07738399765707,18.723865493162446],[99.0770993174793,18.72362158596932],[99.07704236680213,18.72354026787293],[99.0770422931048,18.723377584847565],[99.07709919455945,18.723350447594854],[99.0769569102156,18.723350506099614],[99.0768715028424,18.72326919963629],[99.07652966675509,18.722483038102897],[99.07607416512552,18.722049402079247],[99.07578939321317,18.721588582083257],[99.07578930864082,18.721398785174987],[99.07598845598801,18.721290249110325],[99.07601680345252,18.72104621296283],[99.0761021001166,18.72088349523324],[99.0761874573416,18.720856346691715],[99.07627286317286,18.72093765349331],[99.07635834211891,18.721181643323867],[99.07655763529546,18.721398472785612],[99.07652931295021,18.721696736689346],[99.07684233546539,18.7216966085616],[99.07749709652059,18.722265729640522],[99.0780094661183,18.722590883131474],[99.07852188774567,18.723024490554767],[99.07869274153659,18.723268443447502],[99.07869276662838,18.723322671121434],[99.07860740857164,18.72334982080033],[99.0787497180194,18.723403988715358],[99.0787497682398,18.723512444061203],[99.07894899167603,18.72356658788936],[99.07906286971091,18.72367499522637],[99.07900601884829,18.723810588415564],[99.07877836329229,18.723810684290832],[99.07843695498893,18.723973510597435],[99.07818100428328,18.724326097513327],[99.07818110400436,18.724543008185393],[99.07832343929357,18.724651404080955],[99.07838046593915,18.72489540477134],[99.07846584982906,18.72492248286233],[99.07849435702177,18.725030926268783],[99.07863669291935,18.725139321918462],[99.07863688099609,18.725546029384727],[99.07883623248712,18.72587131161073],[99.07883629534054,18.726006880756877],[99.07869399623192,18.725979826760014],[99.07849464488429,18.72565454438586],[99.0783807783773,18.725573250560462],[99.07835223368522,18.72538346564996],[99.07801046110339,18.724759990036503],[99.07789663268736,18.724760037406096],[99.07772582809896,18.724624539163006],[99.07764046923349,18.724651688400485],[99.07755514743721,18.724760179099842],[99.07761212351927,18.724895724693642],[99.07758375298434,18.72508553331159],[99.07746993670148,18.725112694255213],[99.07738452819554,18.725031388045156],[99.07735592303898,18.7247060337997],[99.077242045395,18.72459762543548],[99.0769574746208,18.72459774256144],[99.0767867811272,18.72470626796661],[99.07658758145607,18.7247063495165],[99.07621771212104,18.724869183409755],[99.07607551141209,18.725059038086293],[99.07596170701416,18.725113311947887],[99.07596180390885,18.72533022261309],[99.07607566910205,18.725411517915816],[99.07613268064493,18.725628405449612],[99.07636047258235,18.72592656492512],[99.07641743592299,18.726034997036983],[99.07638902732684,18.726143463966118],[99.07610447823053,18.726197807466047],[99.07590536153405,18.726387685107195],[99.07536475547523,18.726577700247944],[99.07525098583277,18.72671331516151],[99.07505180773894,18.726767622745125],[99.07488113473093,18.72693037405855],[99.07456812634935,18.726984726601067],[99.07436899515362,18.72714748877376],[99.07411290123606,18.72720181794906],[99.0738853235889,18.727391704692636],[99.07331624279149,18.727554611315313]],[[99.07527898712557,18.72568297815762],[99.07536435890621,18.725682943828268],[99.07542121329692,18.72554735175865],[99.0752504698718,18.725547420429788],[99.07522204861664,18.725628773357514],[99.07527898712557,18.72568297815762]],[[99.07559193261514,18.725493055266835],[99.0756203898434,18.725493043780613],[99.07562037778581,18.72546592994799],[99.07559192056209,18.725465941434198],[99.07559193261514,18.725493055266835]],[[99.07579113321245,18.725492974772475],[99.07590495002177,18.725465814848143],[99.07590490161014,18.7253573595176],[99.07573412215088,18.72527608712989],[99.07573420668044,18.72546588395993],[99.07579113321245,18.725492974772475]],[[99.07579078276136,18.72470667359775],[99.07590461114732,18.72470662750794],[99.07596145267189,18.724543921427827],[99.07581911897135,18.724435523730552],[99.07573374781785,18.724435558264958],[99.07567685784718,18.724489808937324],[99.07567693024298,18.7246524919486],[99.0757623015055,18.724652457439703],[99.07579078276136,18.72470667359775]]]}}]}