R1_percent,R2_percent,R3_percent,R4_percent,R5_percent,R6_percent,R7_percent,agriculture_ratio,bare_ratio,built_ag_mix,built_green_mix,builtup_agriculture_adjacency,builtup_ratio,builtup_vegetation_adjacency,centroid_lat,centroid_lon,class_1_patch_count,class_1_ratio,class_2_patch_count,class_2_ratio,class_3_patch_count,class_3_ratio,class_4_patch_count,class_4_ratio,class_5_patch_count,class_5_ratio,class_6_patch_count,class_6_ratio,class_7_patch_count,class_7_ratio,col,crs,dataset_role,developed_ratio,dominance_score,dominant_class,dominant_class_name,edge_density_4n,entropy,fragmentation_index,grass_ratio,height,landcover_entropy,natural_green_ratio,open_land_ratio,prediction_path,row,second_dominant_class,second_dominant_class_name,source_height,source_width,tile_id,tree_ratio,valid_adjacencies_4n,valid_pixel_count,vegetation_ratio,water_green_mix,water_ratio,water_vegetation_adjacency,width
0.7274738364672849,0.051824292443708765,96.47826860453424,0.11718478067495339,2.5993363396579596,0.025912146221854383,0.0,0.0005182429244370877,0.00025912146221854384,1.5080326738490937e-05,0.028830546150696613,1.5500421417707294e-05,0.007274738364672849,0.0022533737635991977,18.910747192639825,98.89753662976882,36,0.007274738364672849,9,0.0005182429244370877,9,0.9647826860453423,15,0.0011718478067495339,48,0.025993363396579598,6,0.00025912146221854384,0,0.0,0,EPSG:32647,TEST40,0.007274738364672849,0.9647826860453423,3,Tree / Woody Cover,0.007203820853879465,0.0921156644868103,0.4873079384817684,0.025993363396579598,512,0.0921156644868103,0.990776049441922,0.02625248485879814,D:\499_4\FINAL_INFERENCE\A7_RGBN_REVISED7_FULL_AOI\tiles_geotiff\tile_r00_c00_prediction.tif,0,5,Grassland / Herbaceous Cover,512,512,tile_r00_c00,0.9647826860453423,516115,258566,0.9912942923663591,0.004644154962073936,0.0011718478067495339,0.000592891119227304,512
15.932684075342465,0.9241988747553815,64.93968627690802,0.718948752446184,17.352235200587085,0.13224681996086105,0.0,0.009241988747553815,0.0013224681996086105,0.005889987477705797,0.5244524747415276,0.00019531212601078812,0.15932684075342465,0.03050890297774399,18.910754665789376,98.91212268984894,308,0.15932684075342465,97,0.009241988747553815,135,0.6493968627690802,28,0.00718948752446184,293,0.17352235200587085,16,0.0013224681996086105,0,0.0,1,EPSG:32647,TEST40,0.15932684075342465,0.6493968627690802,3,Tree / Woody Cover,0.05992061136525091,0.4956317347609451,0.6415282389330191,0.17352235200587085,512,0.4956317347609451,0.822919214774951,0.17484482020547945,D:\499_4\FINAL_INFERENCE\A7_RGBN_REVISED7_FULL_AOI\tiles_geotiff\tile_r00_c01_prediction.tif,0,5,Grassland / Herbaceous Cover,512,512,tile_r00_c01,0.6493968627690802,522241,261632,0.8321612035225048,0.023665469713057774,0.00718948752446184,0.0014322889240791128,512
17.97007729394658,0.583913675671539,67.27672763449912,1.2684625392209383,12.738960740797427,0.1618581158643912,0.0,0.00583913675671539,0.001618581158643912,0.004197189553924004,0.5751552419329689,0.00013610475849073242,0.17970077293946582,0.029007566274391026,18.91076099358688,98.92670875625319,182,0.17970077293946582,72,0.00583913675671539,151,0.6727672763449912,32,0.012684625392209383,263,0.12738960740797428,16,0.001618581158643912,0,0.0,2,EPSG:32647,TEST40,0.17970077293946582,0.6727672763449912,3,Tree / Woody Cover,0.05198434986974199,0.4796846057068189,0.649989409631854,0.12738960740797428,512,0.4796846057068189,0.8001568837529656,0.1290081885666182,D:\499_4\FINAL_INFERENCE\A7_RGBN_REVISED7_FULL_AOI\tiles_geotiff\tile_r00_c02_prediction.tif,0,1,Built-up & Impervious,512,512,tile_r00_c02,0.6727672763449912,521657,261340,0.805996020509681,0.04059876130161599,0.012684625392209383,0.0020377374405020922,512
45.32360600490196,0.6035539215686275,39.61741727941177,0.056295955882352935,12.971430759803921,1.4276960784313726,0.0,0.006035539215686276,0.014276960784313725,0.01094209605755599,0.9534064915124291,0.0002858688686883415,0.4532360600490196,0.03923885974774471,18.910766176030375,98.94129482793188,166,0.4532360600490196,52,0.006035539215686276,232,0.3961741727941177,8,0.0005629595588235294,243,0.1297143075980392,25,0.014276960784313725,0,0.0,3,EPSG:32647,TEST40,0.4532360600490196,0.4532360600490196,1,Built-up & Impervious,0.05812539091128856,0.5581619243836378,0.49972833648407206,0.1297143075980392,512,0.5581619243836378,0.5258884803921569,0.14399126838235293,D:\499_4\FINAL_INFERENCE\A7_RGBN_REVISED7_FULL_AOI\tiles_geotiff\tile_r00_c03_prediction.tif,0,3,Tree / Woody Cover,512,512,tile_r00_c03,0.3961741727941177,521218,261120,0.5319240196078432,0.0011842157876477796,0.0005629595588235294,0.00018418396908779052,512
37.920113357843135,6.84359681372549,25.795419730392155,7.134267769607844,21.469439338235293,0.8371629901960784,0.0,0.0684359681372549,0.008371629901960784,0.10380398678073786,0.7169155254899332,0.0017017831310507311,0.3792011335784313,0.03630918348944204,18.910770213118266,98.95588090383535,164,0.3792011335784313,262,0.0684359681372549,444,0.25795419730392155,36,0.07134267769607844,249,0.21469439338235294,31,0.008371629901960784,0,0.0,4,EPSG:32647,UNLABELED_DEPLOYMENT,0.3792011335784313,0.3792011335784313,1,Built-up & Impervious,0.07145954284004007,0.7500260541826491,0.5498304136528162,0.21469439338235294,512,0.7500260541826491,0.4726485906862745,0.2230660232843137,D:\499_4\FINAL_INFERENCE\A7_RGBN_REVISED7_FULL_AOI\tiles_geotiff\tile_r00_c04_prediction.tif,0,3,Tree / Woody Cover,512,512,tile_r00_c04,0.25795419730392155,521218,261120,0.5410845588235293,0.13488006427534632,0.07134267769607844,0.004255417119132494,512
38.3743106617647,14.065563725490197,23.249080882352942,4.309512867647059,18.499157475490197,1.502374387254902,0.0,0.14065563725490196,0.01502374387254902,0.21590252481392372,0.6408239473301096,0.003039035489948544,0.38374310661764705,0.03453641278697205,18.910773104849273,98.97046698291386,209,0.38374310661764705,229,0.14065563725490196,329,0.23249080882352943,19,0.04309512867647059,199,0.18499157475490197,46,0.01502374387254902,0,0.0,5,EPSG:32647,UNLABELED_DEPLOYMENT,0.38374310661764705,0.38374310661764705,1,Built-up & Impervious,0.06384660545107805,0.7674313313188523,0.549006716595923,0.18499157475490197,512,0.7674313313188523,0.41748238357843137,0.20001531862745098,D:\499_4\FINAL_INFERENCE\A7_RGBN_REVISED7_FULL_AOI\tiles_geotiff\tile_r00_c05_prediction.tif,0,3,Tree / Woody Cover,512,512,tile_r00_c05,0.23249080882352943,521218,261120,0.5581380208333333,0.07196582816188861,0.04309512867647059,0.001989570582750404,512
22.30813419117647,58.77336090686275,10.957414215686274,0.8892463235294117,6.878446691176471,0.19339767156862747,0.0,0.5877336090686275,0.0019339767156862748,0.5244496087906958,0.159153911410181,0.013134619295573061,0.2230813419117647,0.014909308581054376,18.91077485122252,98.98505306411774,219,0.2230813419117647,185,0.5877336090686275,258,0.10957414215686274,45,0.008892463235294117,224,0.06878446691176471,11,0.0019339767156862748,0,0.0,6,EPSG:32647,UNLABELED_DEPLOYMENT,0.2230813419117647,0.5877336090686275,2,Agricultural Land / Cropland,0.04909462067695283,0.5794333747920687,0.5618542288119268,0.06878446691176471,512,0.5794333747920687,0.17835860906862744,0.07071844362745099,D:\499_4\FINAL_INFERENCE\A7_RGBN_REVISED7_FULL_AOI\tiles_geotiff\tile_r00_c06_prediction.tif,0,1,Built-up & Impervious,512,512,tile_r00_c06,0.10957414215686274,521218,261120,0.7660922181372549,0.006344189495363862,0.008892463235294117,0.00015540522391782326,512
38.509497549019606,17.411534926470587,23.716681985294116,1.2392769607843137,16.87078737745098,2.252221200980392,0.0,0.17411534926470587,0.022522212009803918,0.2682037846302353,0.6252012207782163,0.005193604211673426,0.38509497549019606,0.028592642617868147,18.910775452237463,98.99963914639727,224,0.38509497549019606,199,0.17411534926470587,228,0.23716681985294116,34,0.012392769607843137,259,0.1687078737745098,55,0.022522212009803918,0,0.0,7,EPSG:32647,UNLABELED_DEPLOYMENT,0.38509497549019606,0.38509497549019606,1,Built-up & Impervious,0.05989624303074721,0.7467964903862158,0.6208809604593649,0.1687078737745098,512,0.7467964903862158,0.405874693627451,0.19123008578431372,D:\499_4\FINAL_INFERENCE\A7_RGBN_REVISED7_FULL_AOI\tiles_geotiff\tile_r00_c07_prediction.tif,0,3,Tree / Woody Cover,512,512,tile_r00_c07,0.23716681985294116,521218,261120,0.5799900428921568,0.020119646271115676,0.012392769607843137,0.0011396383087307039,512
30.490196078431374,3.6833639705882355,35.77856924019608,1.1538756127450982,27.7313112745098,1.1626838235294117,0.0,0.036833639705882354,0.011626838235294116,0.04492259587658593,0.7745714839244521,0.001864862687013879,0.30490196078431375,0.03599453587558373,18.910774907893906,99.0142252287028,213,0.30490196078431375,144,0.036833639705882354,254,0.3577856924019608,19,0.011538756127450983,220,0.277313112745098,37,0.011626838235294116,0,0.0,8,EPSG:32647,UNLABELED_DEPLOYMENT,0.30490196078431375,0.3577856924019608,3,Tree / Woody Cover,0.06563472481763868,0.6734399180689985,0.762384348993657,0.277313112745098,512,0.6734399180689985,0.6350988051470587,0.2889399509803921,D:\499_4\FINAL_INFERENCE\A7_RGBN_REVISED7_FULL_AOI\tiles_geotiff\tile_r00_c08_prediction.tif,0,1,Built-up & Impervious,512,512,tile_r00_c08,0.3577856924019608,521218,261120,0.6719324448529411,0.02931300091770969,0.011538756127450983,0.0008384207759517131,512
21.20825674019608,1.2442555147058822,42.997089460784316,2.9549632352941178,31.27565870098039,0.3197763480392157,0.0,0.012442555147058823,0.0031977634803921568,0.010555396162514868,0.6300782047258529,0.000635050976750611,0.2120825674019608,0.029007056548315677,18.91077321819202,99.02881130998459,260,0.2120825674019608,84,0.012442555147058823,205,0.42997089460784316,19,0.02954963235294118,197,0.3127565870098039,26,0.0031977634803921568,0,0.0,9,EPSG:32647,UNLABELED_DEPLOYMENT,0.2120825674019608,0.42997089460784316,3,Tree / Woody Cover,0.0608747203665261,0.6333020501077696,0.701765668495705,0.3127565870098039,512,0.6333020501077696,0.742727481617647,0.31595435049019605,D:\499_4\FINAL_INFERENCE\A7_RGBN_REVISED7_FULL_AOI\tiles_geotiff\tile_r00_c09_prediction.tif,0,5,Grassland / Herbaceous Cover,512,512,tile_r00_c09,0.42997089460784316,521218,261120,0.7551700367647058,0.0877892960809094,0.02954963235294118,0.0016058539804841736,512
13.775658700980392,1.7807904411764706,43.9663756127451,5.09765625,35.13748468137255,0.2420343137254902,0.0,0.017807904411764705,0.002420343137254902,0.009812624534246143,0.43588311253671963,0.000354937857096263,0.13775658700980392,0.021607081873611426,18.910770383132334,99.04339738919295,173,0.13775658700980392,186,0.017807904411764705,183,0.43966375612745096,26,0.0509765625,229,0.3513748468137255,23,0.002420343137254902,0,0.0,10,EPSG:32647,UNLABELED_DEPLOYMENT,0.13775658700980392,0.43966375612745096,3,Tree / Woody Cover,0.06362980557079763,0.637184358534631,0.6582357852705226,0.3513748468137255,512,0.637184358534631,0.7910386029411764,0.3537951899509804,D:\499_4\FINAL_INFERENCE\A7_RGBN_REVISED7_FULL_AOI\tiles_geotiff\tile_r00_c10_prediction.tif,0,5,Grassland / Herbaceous Cover,512,512,tile_r00_c10,0.43966375612745096,521218,261120,0.8088465073529412,0.16129771513097427,0.0509765625,0.003334497273693541,512
12.694546568627452,1.6980698529411764,50.19224877450981,0.6085324754901961,34.11305147058823,0.6935508578431372,0.0,0.016980698529411763,0.006935508578431372,0.008622490729977653,0.42808702397740656,0.0002762759536316858,0.12694546568627452,0.023067123545234432,18.910766402715733,99.05798346527818,267,0.12694546568627452,94,0.016980698529411763,192,0.5019224877450981,15,0.006085324754901961,238,0.3411305147058823,72,0.006935508578431372,0,0.0,11,EPSG:32647,UNLABELED_DEPLOYMENT,0.12694546568627452,0.5019224877450981,3,Tree / Woody Cover,0.061095357412829183,0.5702263120918879,0.6479849624085722,0.3411305147058823,512,0.5702263120918879,0.8430530024509804,0.3480660232843137,D:\499_4\FINAL_INFERENCE\A7_RGBN_REVISED7_FULL_AOI\tiles_geotiff\tile_r00_c11_prediction.tif,0,5,Grassland / Herbaceous Cover,512,512,tile_r00_c11,0.5019224877450981,521218,261120,0.8600337009803921,0.020521005222037498,0.006085324754901961,0.0005602262393086962,512
12.77964441246929,9.955455888318268,42.101456485301206,6.008862900571725,26.320442073520745,2.834138239818762,0.0,0.09955455888318268,0.02834138239818762,0.05089087448669242,0.3497630134431158,0.002639928681665245,0.1277964441246929,0.020628636611995668,18.910761276943436,99.07256953719062,307,0.1277964441246929,216,0.09955455888318268,201,0.4210145648530121,21,0.06008862900571725,268,0.26320442073520744,58,0.02834138239818762,0,0.0,12,EPSG:32647,UNLABELED_DEPLOYMENT,0.1277964441246929,0.4210145648530121,3,Tree / Woody Cover,0.0678808677064062,0.7595927100897072,0.7118704587433795,0.26320442073520744,512,0.7595927100897072,0.6842189855882195,0.29154580313339507,D:\499_4\FINAL_INFERENCE\A7_RGBN_REVISED7_FULL_AOI\tiles_geotiff\tile_r00_c12_prediction.tif,0,5,Grassland / Herbaceous Cover,512,512,tile_r00_c12,0.4210145648530121,521605,261314,0.7837735444714022,0.1644551231347149,0.06008862900571725,0.0009777513635797204,512
16.955494740704502,14.430574241682976,47.19606164383562,1.9443340264187865,19.378363502935418,0.09517184442270059,0.0,0.14430574241682975,0.0009517184442270059,0.09787101026408061,0.4515209261766007,0.005166197215461827,0.16955494740704502,0.030210190314433373,18.91075500581705,99.08715560388052,331,0.16955494740704502,281,0.14430574241682975,306,0.4719606164383562,21,0.019443340264187866,330,0.19378363502935417,8,0.0009517184442270059,0,0.0,13,EPSG:32647,UNLABELED_DEPLOYMENT,0.16955494740704502,0.4719606164383562,3,Tree / Woody Cover,0.0757160008501822,0.6864907259153081,0.7520214562620916,0.19378363502935417,512,0.6864907259153081,0.6657442514677103,0.19473535347358117,D:\499_4\FINAL_INFERENCE\A7_RGBN_REVISED7_FULL_AOI\tiles_geotiff\tile_r00_c13_prediction.tif,0,5,Grassland / Herbaceous Cover,512,512,tile_r00_c13,0.4719606164383562,522241,261632,0.8100499938845401,0.05177716804085498,0.019443340264187866,0.0013652700573107053,512
11.61287610078278,3.1379953522504898,59.7239634295499,1.75513698630137,23.483365949119374,0.2866621819960861,0.0,0.031379953522504896,0.002866621819960861,0.01457646049220686,0.3865105627006037,0.0011986803027720918,0.11612876100782779,0.022288560262407584,18.910747589338516,99.10174166429823,230,0.11612876100782779,84,0.031379953522504896,137,0.597239634295499,19,0.0175513698630137,255,0.23483365949119375,18,0.002866621819960861,0,0.0,14,EPSG:32647,UNLABELED_DEPLOYMENT,0.11612876100782779,0.597239634295499,3,Tree / Woody Cover,0.05928297471856863,0.5624500502686202,0.6195590309870419,0.23483365949119375,512,0.5624500502686202,0.8320732937866927,0.23770028131115462,D:\499_4\FINAL_INFERENCE\A7_RGBN_REVISED7_FULL_AOI\tiles_geotiff\tile_r00_c14_prediction.tif,0,5,Grassland / Herbaceous Cover,512,512,tile_r00_c14,0.597239634295499,522241,261632,0.8634532473091976,0.05841610452954521,0.0175513698630137,0.0015088819146715788,512
7.548770792563602,23.833093811154598,50.68531372309197,1.1623195939334636,15.820694716242661,0.9498073630136987,0.0,0.238330938111546,0.009498073630136987,0.07196422498322887,0.20081544561473505,0.0020335439002299705,0.07548770792563601,0.01641770753349507,18.910739027510132,99.11632771739406,254,0.07548770792563601,82,0.238330938111546,87,0.5068531372309197,20,0.011623195939334635,211,0.15820694716242661,32,0.009498073630136987,0,0.0,15,EPSG:32647,UNLABELED_DEPLOYMENT,0.07548770792563601,0.5068531372309197,3,Tree / Woody Cover,0.04389927255807185,0.652124203756225,0.5752588445928725,0.15820694716242661,512,0.652124203756225,0.6650600843933463,0.1677050207925636,D:\499_4\FINAL_INFERENCE\A7_RGBN_REVISED7_FULL_AOI\tiles_geotiff\tile_r00_c15_prediction.tif,0,2,Agricultural Land / Cropland,512,512,tile_r00_c15,0.5068531372309197,522241,261632,0.9033910225048922,0.03092049468933717,0.011623195939334635,0.0012063396018313383,512
4.356815277046838,0.6183745583038869,80.41500639049696,0.22742650928501618,14.382377264867301,0.0,0.0,0.006183745583038869,0.0,0.0010776574890221861,0.16520587573350448,0.00012288263762855414,0.04356815277046838,0.012883771929824562,18.910733267719216,99.12518760109448,43,0.04356815277046838,3,0.006183745583038869,6,0.8041500639049696,5,0.0022742650928501617,43,0.14382377264867302,0,0.0,0,0.0,16,EPSG:32647,UNLABELED_DEPLOYMENT,0.04356815277046838,0.8041500639049696,3,Tree / Woody Cover,0.03488921657592257,0.3268326292495757,0.3491999066543042,0.14382377264867302,512,0.3268326292495757,0.9479738365536425,0.14382377264867302,D:\499_4\FINAL_INFERENCE\A7_RGBN_REVISED7_FULL_AOI\tiles_geotiff\tile_r00_c16_prediction.tif,0,5,Grassland / Herbaceous Cover,512,110,tile_r00_c16,0.8041500639049696,105792,53204,0.9541575821366814,0.008623775221636775,0.0022742650928501617,0.0003875529340592861,110
0.053629026035155944,0.0042440236430698955,99.50383505409202,0.0007716406623763445,0.4375202555673874,0.0,0.0,4.244023643069895e-05,0.0,9.104114177920513e-08,0.0021439030183561985,0.0,0.0005362902603515595,0.00023388105312192547,18.896865185577095,98.89754507997115,6,0.0005362902603515595,7,4.244023643069895e-05,3,0.9950383505409203,1,7.716406623763446e-06,41,0.004375202555673874,0,0.0,0,0.0,0,EPSG:32647,TEST40,0.0005362902603515595,0.9950383505409203,3,Tree / Woody Cover,0.0018497865110552287,0.017098102792882614,0.46720405980189506,0.004375202555673874,512,0.017098102792882614,0.9994135530965942,0.004375202555673874,D:\499_4\FINAL_INFERENCE\A7_RGBN_REVISED7_FULL_AOI\tiles_geotiff\tile_r01_c00_prediction.tif,1,5,Grassland / Herbaceous Cover,512,512,tile_r01_c00,0.9950383505409203,517357,259188,0.9994559933330249,3.0847525443974075e-05,7.716406623763446e-06,7.731605061881834e-06,512
6.2747955322265625,0.2346038818359375,82.26852416992188,0.2826690673828125,10.809326171875,0.1300811767578125,0.0,0.002346038818359375,0.001300811767578125,0.0005888365558348596,0.23361779178958386,0.00015861974070450097,0.06274795532226562,0.01437897504892368,18.896872652836468,98.91212993713611,196,0.06274795532226562,37,0.002346038818359375,49,0.8226852416992188,23,0.002826690673828125,195,0.10809326171875,28,0.001300811767578125,0,0.0,1,EPSG:32647,TEST40,0.06274795532226562,0.8226852416992188,3,Tree / Woody Cover,0.03305406066536203,0.31564575918645094,0.6197357732863612,0.10809326171875,512,0.31564575918645094,0.9307785034179688,0.10939407348632812,D:\499_4\FINAL_INFERENCE\A7_RGBN_REVISED7_FULL_AOI\tiles_geotiff\tile_r01_c01_prediction.tif,1,5,Grassland / Herbaceous Cover,512,512,tile_r01_c01,0.8226852416992188,523264,262144,0.9331245422363281,0.010524091660045087,0.002826690673828125,0.0006612340998043052,512
3.3611297607421875,0.0560760498046875,92.62123107910156,1.251983642578125,2.452850341796875,0.2567291259765625,0.0,0.000560760498046875,0.002567291259765625,7.539155194535851e-05,0.12782252981560305,1.7199730919765165e-05,0.033611297607421875,0.006082971501956947,18.896878975646537,98.92671480062282,55,0.033611297607421875,8,0.000560760498046875,29,0.9262123107910156,4,0.01251983642578125,60,0.02452850341796875,4,0.002567291259765625,0,0.0,2,EPSG:32647,TEST40,0.033611297607421875,0.9262123107910156,3,Tree / Woody Cover,0.01188501406555773,0.18003868855439592,0.2878067670706219,0.02452850341796875,512,0.18003868855439592,0.9507408142089844,0.027095794677734375,D:\499_4\FINAL_INFERENCE\A7_RGBN_REVISED7_FULL_AOI\tiles_geotiff\tile_r01_c02_prediction.tif,1,1,Built-up & Impervious,512,512,tile_r01_c02,0.9262123107910156,523264,262144,0.9513015747070312,0.047612477908842266,0.01251983642578125,0.00081029843444227,512
23.035049438476562,1.2355804443359375,55.95893859863281,3.2337188720703125,15.327072143554688,1.2096405029296875,0.0,0.012355804443359375,0.012096405029296875,0.011384662648197263,0.6568307126872241,0.0008217649217221135,0.23035049438476562,0.02408153436888454,18.896884154005345,98.94129966938196,165,0.23035049438476562,95,0.012355804443359375,154,0.5595893859863281,31,0.032337188720703125,143,0.15327072143554688,32,0.012096405029296875,0,0.0,3,EPSG:32647,TEST40,0.23035049438476562,0.5595893859863281,3,Tree / Woody Cover,0.045315557729941294,0.6008418542781578,0.44687547961272905,0.15327072143554688,512,0.6008418542781578,0.712860107421875,0.16536712646484375,D:\499_4\FINAL_INFERENCE\A7_RGBN_REVISED7_FULL_AOI\tiles_geotiff\tile_r01_c03_prediction.tif,1,1,Built-up & Impervious,512,512,tile_r01_c03,0.5595893859863281,523264,262144,0.7252159118652344,0.0922075673006475,0.032337188720703125,0.001754372553816047,512
48.95515441894531,3.3748626708984375,27.65960693359375,3.9180755615234375,15.941619873046875,0.1506805419921875,0.0,0.033748626708984375,0.001506805419921875,0.06608676927862689,0.8538019164698198,0.0006516786937377691,0.4895515441894531,0.03396564640410959,18.89688818791128,98.95588454236426,153,0.4895515441894531,85,0.033748626708984375,258,0.2765960693359375,26,0.039180755615234375,177,0.15941619873046875,21,0.001506805419921875,0,0.0,4,EPSG:32647,UNLABELED_DEPLOYMENT,0.4895515441894531,0.4895515441894531,1,Built-up & Impervious,0.05502958353718199,0.6418403616340508,0.5872272755340019,0.15941619873046875,512,0.6418403616340508,0.43601226806640625,0.16092300415039062,D:\499_4\FINAL_INFERENCE\A7_RGBN_REVISED7_FULL_AOI\tiles_geotiff\tile_r01_c04_prediction.tif,1,3,Tree / Woody Cover,512,512,tile_r01_c04,0.2765960693359375,523264,262144,0.4697608947753906,0.06833316048141569,0.039180755615234375,0.003287059686888454,512
22.114944458007812,6.636810302734375,39.57977294921875,3.3123016357421875,28.030776977539062,0.3253936767578125,0.0,0.06636810302734375,0.003253936767578125,0.05870907648932189,0.5980814225622453,0.0023697407045009783,0.22114944458007812,0.03196856653620352,18.89689107736309,98.97046941852042,254,0.22114944458007812,197,0.06636810302734375,269,0.3957977294921875,43,0.033123016357421875,238,0.2803077697753906,17,0.003253936767578125,0,0.0,5,EPSG:32647,TRAIN14,0.22114944458007812,0.3957977294921875,3,Tree / Woody Cover,0.06861737096379648,0.7033151118780526,0.6084779783879743,0.2803077697753906,512,0.7033151118780526,0.6761054992675781,0.28356170654296875,D:\499_4\FINAL_INFERENCE\A7_RGBN_REVISED7_FULL_AOI\tiles_geotiff\tile_r01_c05_prediction.tif,1,5,Grassland / Herbaceous Cover,512,512,tile_r01_c05,0.3957977294921875,523264,262144,0.7424736022949219,0.0895786140463315,0.033123016357421875,0.0019569471624266144,512
26.03759765625,40.091705322265625,15.7440185546875,0.87890625,16.83807373046875,0.409698486328125,0.0,0.40091705322265625,0.00409698486328125,0.41755667701363564,0.33934376388788223,0.007630947284735812,0.2603759765625,0.022409338307240706,18.89689282235988,98.98505429680114,201,0.2603759765625,221,0.40091705322265625,258,0.157440185546875,6,0.0087890625,299,0.1683807373046875,51,0.00409698486328125,0,0.0,6,EPSG:32647,UNLABELED_DEPLOYMENT,0.2603759765625,0.40091705322265625,2,Agricultural Land / Cropland,0.059088720034246575,0.7050565770612469,0.5482131827327436,0.1683807373046875,512,0.7050565770612469,0.3258209228515625,0.17247772216796875,D:\499_4\FINAL_INFERENCE\A7_RGBN_REVISED7_FULL_AOI\tiles_geotiff\tile_r01_c06_prediction.tif,1,1,Built-up & Impervious,512,512,tile_r01_c06,0.157440185546875,523264,262144,0.7267379760742188,0.011454641819000244,0.0087890625,3.631054305283757e-05,512
48.548126220703125,23.781585693359375,18.475723266601562,2.0938873291015625,6.940460205078125,0.16021728515625,0.0,0.23781585693359375,0.0016021728515625,0.46182056958787143,0.4935632332926616,0.007162732387475538,0.48548126220703125,0.025249204990215265,18.896893422901112,98.99963917615712,147,0.48548126220703125,120,0.23781585693359375,261,0.18475723266601562,44,0.020938873291015625,173,0.06940460205078125,8,0.0016021728515625,0,0.0,7,EPSG:32647,UNLABELED_DEPLOYMENT,0.48548126220703125,0.48548126220703125,1,Built-up & Impervious,0.0518896771037182,0.6582038320596647,0.6349880582843789,0.06940460205078125,512,0.6582038320596647,0.2541618347167969,0.07100677490234375,D:\499_4\FINAL_INFERENCE\A7_RGBN_REVISED7_FULL_AOI\tiles_geotiff\tile_r01_c07_prediction.tif,1,2,Agricultural Land / Cropland,512,512,tile_r01_c07,0.18475723266601562,523264,262144,0.4919776916503906,0.021287449810188264,0.020938873291015625,0.0016473520058708415,512
51.55448913574219,7.06329345703125,22.618865966796875,4.193115234375,13.389968872070312,1.180267333984375,0.0,0.0706329345703125,0.01180267333984375,0.14565779431723058,0.7425668337964453,0.003191505626223092,0.5155448913574219,0.030562010763209392,18.8968928789866,99.01422405553905,158,0.5155448913574219,154,0.0706329345703125,284,0.22618865966796875,64,0.04193115234375,261,0.13389968872070312,50,0.01180267333984375,0,0.0,8,EPSG:32647,UNLABELED_DEPLOYMENT,0.5155448913574219,0.5155448913574219,1,Built-up & Impervious,0.059654400073385516,0.6781311023857055,0.6484952194658123,0.13389968872070312,512,0.6781311023857055,0.3600883483886719,0.14570236206054688,D:\499_4\FINAL_INFERENCE\A7_RGBN_REVISED7_FULL_AOI\tiles_geotiff\tile_r01_c08_prediction.tif,1,3,Tree / Woody Cover,512,512,tile_r01_c08,0.22618865966796875,523264,262144,0.4307212829589844,0.0603956775739789,0.04193115234375,0.0011734038649706458,512
38.26103210449219,2.8491973876953125,34.344482421875,3.0429840087890625,19.9432373046875,1.5590667724609375,0.0,0.028491973876953125,0.015590667724609375,0.04360529308905825,0.8308416749350727,0.0017409949853228962,0.3826103210449219,0.03548877813111546,18.896891190616504,99.02880893389764,177,0.3826103210449219,140,0.028491973876953125,287,0.34344482421875,17,0.030429840087890625,285,0.199432373046875,49,0.015590667724609375,0,0.0,9,EPSG:32647,VAL4,0.3826103210449219,0.3826103210449219,1,Built-up & Impervious,0.06605461105675146,0.6828177386681124,0.6504658871899437,0.199432373046875,512,0.6828177386681124,0.542877197265625,0.21502304077148438,D:\499_4\FINAL_INFERENCE\A7_RGBN_REVISED7_FULL_AOI\tiles_geotiff\tile_r01_c09_prediction.tif,1,3,Tree / Woody Cover,512,512,tile_r01_c09,0.34344482421875,523264,262144,0.5713691711425781,0.06607866520062089,0.030429840087890625,0.0018613931017612525,512
33.41560363769531,13.872146606445312,31.239700317382812,0.936126708984375,19.969558715820312,0.566864013671875,0.0,0.13872146606445312,0.00566864013671875,0.18541846104199067,0.6844753209734336,0.004319043542074364,0.3341560363769531,0.03366178449119374,18.896888357791354,99.04339381018359,185,0.3341560363769531,212,0.13872146606445312,422,0.3123970031738281,19,0.00936126708984375,287,0.19969558715820312,30,0.00566864013671875,0,0.0,10,EPSG:32647,UNLABELED_DEPLOYMENT,0.3341560363769531,0.3341560363769531,1,Built-up & Impervious,0.07393973214285714,0.7186968387134041,0.6379530373152306,0.19969558715820312,512,0.7186968387134041,0.5120925903320312,0.20536422729492188,D:\499_4\FINAL_INFERENCE\A7_RGBN_REVISED7_FULL_AOI\tiles_geotiff\tile_r01_c10_prediction.tif,1,3,Tree / Woody Cover,512,512,tile_r01_c10,0.3123970031738281,523264,262144,0.6508140563964844,0.019175342051312327,0.00936126708984375,0.0008466089774951076,512
32.96966552734375,15.533447265625,28.515243530273438,0.6359100341796875,21.3134765625,1.032257080078125,0.0,0.15533447265625,0.01032257080078125,0.20485302433371544,0.6571344940457493,0.008592221135029355,0.3296966552734375,0.030380458047945206,18.896884380512027,99.05797868334761,238,0.3296966552734375,193,0.15533447265625,342,0.2851524353027344,18,0.006359100341796875,292,0.213134765625,34,0.01032257080078125,0,0.0,11,EPSG:32647,UNLABELED_DEPLOYMENT,0.3296966552734375,0.3296966552734375,1,Built-up & Impervious,0.07131199547455969,0.7306187275362813,0.714399891987847,0.213134765625,512,0.7306187275362813,0.4982872009277344,0.22345733642578125,D:\499_4\FINAL_INFERENCE\A7_RGBN_REVISED7_FULL_AOI\tiles_geotiff\tile_r01_c11_prediction.tif,1,3,Tree / Woody Cover,512,512,tile_r01_c11,0.2851524353027344,523264,262144,0.6536216735839844,0.012674633238930255,0.006359100341796875,0.0005198140900195694,512
17.81768798828125,26.060104370117188,36.66343688964844,0.731658935546875,17.914581298828125,0.812530517578125,0.0,0.2606010437011719,0.00812530517578125,0.1857323234435171,0.3889816396404058,0.006514875856164383,0.1781768798828125,0.02226600721624266,18.896879258779762,99.0725635523404,223,0.1781768798828125,243,0.2606010437011719,246,0.3666343688964844,12,0.00731658935546875,268,0.17914581298828125,38,0.00812530517578125,0,0.0,12,EPSG:32647,UNLABELED_DEPLOYMENT,0.1781768798828125,0.3666343688964844,3,Tree / Woody Cover,0.0664578491927593,0.7239862435916877,0.749159444679527,0.17914581298828125,512,0.7239862435916877,0.5457801818847656,0.1872711181640625,D:\499_4\FINAL_INFERENCE\A7_RGBN_REVISED7_FULL_AOI\tiles_geotiff\tile_r01_c12_prediction.tif,1,2,Agricultural Land / Cropland,512,512,tile_r01_c12,0.3666343688964844,523264,262144,0.8063812255859375,0.015972997876815498,0.00731658935546875,0.000500703277886497,512
22.173309326171875,17.5201416015625,38.14735412597656,1.35345458984375,20.214462280273438,0.591278076171875,0.0,0.175201416015625,0.00591278076171875,0.15539180766791105,0.5176298432052135,0.005173296844422701,0.22173309326171875,0.02809862707925636,18.896872992596144,99.08714841611264,242,0.22173309326171875,208,0.175201416015625,319,0.3814735412597656,17,0.0135345458984375,312,0.20214462280273438,49,0.00591278076171875,0,0.0,13,EPSG:32647,UNLABELED_DEPLOYMENT,0.22173309326171875,0.3814735412597656,3,Tree / Woody Cover,0.07019783512720157,0.7289878180545835,0.646461348950071,0.20214462280273438,512,0.7289878180545835,0.5836181640625,0.20805740356445312,D:\499_4\FINAL_INFERENCE\A7_RGBN_REVISED7_FULL_AOI\tiles_geotiff\tile_r01_c13_prediction.tif,1,1,Built-up & Impervious,512,512,tile_r01_c13,0.3814735412597656,523264,262144,0.758819580078125,0.03159602731466293,0.0135345458984375,0.0015422425391389432,512
13.048171997070312,31.797409057617188,36.59820556640625,1.6071319580078125,16.303634643554688,0.64544677734375,0.0,0.3179740905761719,0.0064544677734375,0.1659592249779962,0.2761089240084402,0.004452819227005871,0.13048171997070312,0.018170560176125245,18.89686558196312,99.10173327361508,219,0.13048171997070312,194,0.3179740905761719,193,0.3659820556640625,4,0.016071319580078125,265,0.16303634643554688,29,0.0064544677734375,0,0.0,14,EPSG:32647,UNLABELED_DEPLOYMENT,0.13048171997070312,0.3659820556640625,3,Tree / Woody Cover,0.0566941352739726,0.7156454777172203,0.5530433271703675,0.16303634643554688,512,0.7156454777172203,0.5290184020996094,0.16949081420898438,D:\499_4\FINAL_INFERENCE\A7_RGBN_REVISED7_FULL_AOI\tiles_geotiff\tile_r01_c14_prediction.tif,1,2,Agricultural Land / Cropland,512,512,tile_r01_c14,0.3659820556640625,523264,262144,0.8469924926757812,0.03400809521554038,0.016071319580078125,0.0004319043542074364,512
6.744384765625,55.947113037109375,29.217147827148438,0.150299072265625,7.7533721923828125,0.18768310546875,0.0,0.5594711303710938,0.0018768310546875,0.15093154273927212,0.09973736479878426,0.0033367477984344424,0.06744384765625,0.011025027519569472,18.896857026882987,99.11631812379841,150,0.06744384765625,128,0.5594711303710938,145,0.2921714782714844,7,0.00150299072265625,257,0.07753372192382812,5,0.0018768310546875,0,0.0,15,EPSG:32647,UNLABELED_DEPLOYMENT,0.06744384765625,0.5594711303710938,2,Agricultural Land / Cropland,0.036971777152641876,0.5581356954757843,0.4607132107181046,0.07753372192382812,512,0.5581356954757843,0.3697052001953125,0.07941055297851562,D:\499_4\FINAL_INFERENCE\A7_RGBN_REVISED7_FULL_AOI\tiles_geotiff\tile_r01_c15_prediction.tif,1,3,Tree / Woody Cover,512,512,tile_r01_c15,0.2921714782714844,523264,262144,0.9291763305664062,0.0022226539440453053,0.00150299072265625,8.408757338551859e-05,512
5.111964770917267,57.790686779724545,28.649864143164994,0.832005996439614,7.471188981542209,0.1442893282113745,0.0,0.5779068677972454,0.001442893282113745,0.11816958196202645,0.07385982042477372,0.0035622402533148625,0.051119647709172676,0.009904535730777568,18.896851271631817,99.125177276825,48,0.051119647709172676,27,0.5779068677972454,27,0.28649864143164994,12,0.00832005996439614,32,0.0747118898154221,4,0.001442893282113745,0,0.0,16,EPSG:32647,UNLABELED_DEPLOYMENT,0.051119647709172676,0.5779068677972454,2,Agricultural Land / Cropland,0.042473589475370596,0.5499349392283341,0.5035788061111587,0.0747118898154221,512,0.5499349392283341,0.36121053124707203,0.07615478309753584,D:\499_4\FINAL_INFERENCE\A7_RGBN_REVISED7_FULL_AOI\tiles_geotiff\tile_r01_c16_prediction.tif,1,3,Tree / Woody Cover,512,110,tile_r01_c16,0.28649864143164994,106113,53365,0.9391173990443175,0.0120211731189881,0.00832005996439614,0.0009989350974904112,110
0.0,0.003467085798816568,98.53380793885601,0.3459381163708087,1.1075412968441813,0.009245562130177515,0.0,3.467085798816568e-05,9.245562130177515e-05,0.0,0.0,0.0,0.0,0.0,18.88298315779871,98.89755352280244,0,0.0,5,3.467085798816568e-05,8,0.9853380793885601,26,0.0034593811637080867,61,0.011075412968441813,1,9.245562130177515e-05,0,0.0,0,EPSG:32647,TEST40,0.0,0.9853380793885601,3,Tree / Woody Cover,0.0050062819768059,0.04380716603236661,0.45745438734697225,0.011075412968441813,512,0.04380716603236661,0.9964134923570019,0.011167868589743588,D:\499_4\FINAL_INFERENCE\A7_RGBN_REVISED7_FULL_AOI\tiles_geotiff\tile_r02_c00_prediction.tif,2,5,Grassland / Herbaceous Cover,512,512,tile_r02_c00,0.9853380793885601,518149,259584,0.9964481632149901,0.013787896266897616,0.0034593811637080867,0.0013162237117122682,512
0.005340576171875,0.0,99.11155700683594,0.3055572509765625,0.577545166015625,0.0,0.0,0.0,0.0,0.0,0.00021295889746397734,0.0,5.340576171875e-05,3.057729941291585e-05,18.882990619168833,98.91213717810156,1,5.340576171875e-05,0,0.0,2,0.9911155700683594,18,0.003055572509765625,26,0.00577545166015625,0,0.0,0,0.0,1,EPSG:32647,TEST40,5.340576171875e-05,0.9911155700683594,3,Tree / Woody Cover,0.0030023085861056753,0.02920581057195091,0.3613124503398568,0.00577545166015625,512,0.02920581057195091,0.9968910217285156,0.00577545166015625,D:\499_4\FINAL_INFERENCE\A7_RGBN_REVISED7_FULL_AOI\tiles_geotiff\tile_r02_c01_prediction.tif,2,5,Grassland / Herbaceous Cover,512,512,tile_r02_c01,0.9911155700683594,523264,262144,0.9968910217285156,0.012184291204903275,0.003055572509765625,0.0011695817025440312,512
0.0,0.0,97.27554321289062,2.5569915771484375,0.1674652099609375,0.0,0.0,0.0,0.0,0.0,0.0,0.0,0.0,0.0,18.882996936992264,98.92672083971999,0,0.0,0,0.0,6,0.9727554321289062,4,0.025569915771484375,5,0.001674652099609375,0,0.0,0,0.0,2,EPSG:32647,TEST40,0.0,0.9727554321289062,3,Tree / Woody Cover,0.002169077177103718,0.06748647598040347,0.17876656646608732,0.001674652099609375,512,0.06748647598040347,0.9744300842285156,0.001674652099609375,D:\499_4\FINAL_INFERENCE\A7_RGBN_REVISED7_FULL_AOI\tiles_geotiff\tile_r02_c02_prediction.tif,2,4,Water,512,512,tile_r02_c02,0.9727554321289062,523264,262144,0.9744300842285156,0.09966438071569428,0.025569915771484375,0.0017677501223091977,512
7.84759521484375,0.1285552978515625,79.95376586914062,8.089447021484375,3.90472412109375,0.0759124755859375,0.0,0.001285552978515625,0.000759124755859375,0.00040353997610509396,0.2632349939085543,0.00016817514677103717,0.0784759521484375,0.010875963184931507,18.883002111267025,98.9413045066089,87,0.0784759521484375,31,0.001285552978515625,66,0.7995376586914062,6,0.08089447021484375,98,0.0390472412109375,5,0.000759124755859375,0,0.0,3,EPSG:32647,TEST40,0.0784759521484375,0.7995376586914062,3,Tree / Woody Cover,0.019535072162426614,0.3713687765969589,0.4601904499403316,0.0390472412109375,512,0.3713687765969589,0.8385848999023438,0.039806365966796875,D:\499_4\FINAL_INFERENCE\A7_RGBN_REVISED7_FULL_AOI\tiles_geotiff\tile_r02_c03_prediction.tif,2,4,Water,512,512,tile_r02_c03,0.7995376586914062,523264,262144,0.8398704528808594,0.2713475248310715,0.08089447021484375,0.002660225048923679,512
39.481353759765625,0.9002685546875,34.30213928222656,3.4839630126953125,20.68328857421875,1.14898681640625,0.0,0.009002685546875,0.0114898681640625,0.014217528514564037,0.8683596515329555,0.0009517184442270058,0.39481353759765625,0.03782794153620352,18.88300614199152,98.95588817771933,175,0.39481353759765625,80,0.009002685546875,306,0.3430213928222656,10,0.034839630126953125,262,0.2068328857421875,81,0.0114898681640625,0,0.0,4,EPSG:32647,UNLABELED_DEPLOYMENT,0.39481353759765625,0.39481353759765625,1,Built-up & Impervious,0.05871032595401174,0.6529343249859482,0.5536933835467082,0.2068328857421875,512,0.6529343249859482,0.5498542785644531,0.21832275390625,D:\499_4\FINAL_INFERENCE\A7_RGBN_REVISED7_FULL_AOI\tiles_geotiff\tile_r02_c04_prediction.tif,2,3,Tree / Woody Cover,512,512,tile_r02_c04,0.3430213928222656,523264,262144,0.5588569641113281,0.07662687875563279,0.034839630126953125,0.0007892765410958904,512
40.813446044921875,6.9019317626953125,36.7706298828125,2.1266937255859375,12.803268432617188,0.5840301513671875,0.0,0.06901931762695312,0.005840301513671875,0.11267664784099907,0.8093126496532932,0.0024729390900195694,0.40813446044921875,0.033543297455968686,18.88300902916449,98.97047185200243,222,0.40813446044921875,223,0.06901931762695312,230,0.367706298828125,12,0.021266937255859375,219,0.12803268432617188,19,0.005840301513671875,0,0.0,5,EPSG:32647,UNLABELED_DEPLOYMENT,0.40813446044921875,0.40813446044921875,1,Built-up & Impervious,0.06057171905577299,0.6645944162877707,0.5617182833907555,0.12803268432617188,512,0.6645944162877707,0.4957389831542969,0.13387298583984375,D:\499_4\FINAL_INFERENCE\A7_RGBN_REVISED7_FULL_AOI\tiles_geotiff\tile_r02_c05_prediction.tif,2,3,Tree / Woody Cover,512,512,tile_r02_c05,0.367706298828125,523264,262144,0.56475830078125,0.04217139940010384,0.021266937255859375,0.0011332711594911938,512
21.460723876953125,49.68605041503906,16.531753540039062,0.86517333984375,11.034774780273438,0.4215240478515625,0.0,0.4968605041503906,0.004215240478515625,0.4265194433974102,0.236639061011374,0.008015074608610567,0.21460723876953125,0.020073997064579255,18.88301077278505,98.98505552840929,243,0.21460723876953125,179,0.4968605041503906,213,0.16531753540039062,8,0.0086517333984375,232,0.11034774780273438,8,0.004215240478515625,0,0.0,6,EPSG:32647,UNLABELED_DEPLOYMENT,0.21460723876953125,0.4968605041503906,2,Agricultural Land / Cropland,0.05010854941291585,0.6591863723728887,0.5316610873359954,0.11034774780273438,512,0.6591863723728887,0.275665283203125,0.11456298828125,D:\499_4\FINAL_INFERENCE\A7_RGBN_REVISED7_FULL_AOI\tiles_geotiff\tile_r02_c06_prediction.tif,2,1,Built-up & Impervious,512,512,tile_r02_c06,0.16531753540039062,523264,262144,0.7725257873535156,0.009539930149912834,0.0086517333984375,0.0005905240949119374,512
33.956146240234375,38.297271728515625,15.492630004882812,1.8383026123046875,9.972000122070312,0.4436492919921875,0.0,0.38297271728515625,0.004436492919921875,0.520171103766188,0.34587228181771934,0.009241988747553815,0.33956146240234375,0.018327268835616438,18.88301137285265,98.99963920589097,156,0.33956146240234375,251,0.38297271728515625,247,0.15492630004882812,30,0.018383026123046875,227,0.09972000122070312,27,0.004436492919921875,0,0.0,7,EPSG:32647,UNLABELED_DEPLOYMENT,0.33956146240234375,0.38297271728515625,2,Agricultural Land / Cropland,0.05252606714774951,0.6940897505932164,0.7163462008063067,0.09972000122070312,512,0.6940897505932164,0.25464630126953125,0.104156494140625,D:\499_4\FINAL_INFERENCE\A7_RGBN_REVISED7_FULL_AOI\tiles_geotiff\tile_r02_c07_prediction.tif,2,1,Built-up & Impervious,512,512,tile_r02_c07,0.15492630004882812,523264,262144,0.6376190185546875,0.01872467843350023,0.018383026123046875,0.00114282656555773,512
62.221527099609375,0.6496429443359375,22.999191284179688,0.115966796875,13.409042358398438,0.6046295166015625,0.0,0.006496429443359375,0.006046295166015625,0.016168710426427424,0.9061503584962338,0.00028475110078277885,0.6222152709960938,0.03576779598825832,18.883010829367105,99.01422288339863,83,0.6222152709960938,21,0.006496429443359375,293,0.22999191284179688,7,0.00115966796875,183,0.13409042358398438,31,0.006046295166015625,0,0.0,8,EPSG:32647,UNLABELED_DEPLOYMENT,0.6222152709960938,0.6222152709960938,1,Built-up & Impervious,0.050037839408023484,0.5005925572150244,0.6388423939861521,0.13409042358398438,512,0.5005925572150244,0.36408233642578125,0.14013671875,D:\499_4\FINAL_INFERENCE\A7_RGBN_REVISED7_FULL_AOI\tiles_geotiff\tile_r02_c08_prediction.tif,2,3,Tree / Woody Cover,512,512,tile_r02_c08,0.22999191284179688,523264,262144,0.3705787658691406,0.0016888584941625595,0.00115966796875,0.0001547975782778865,512
48.4130859375,7.936859130859375,21.121978759765625,0.839996337890625,21.035003662109375,0.653076171875,0.0,0.07936859130859375,0.00653076171875,0.1536991372704506,0.8163798451423645,0.0025780485567514677,0.484130859375,0.02904079011741683,18.883009142328586,99.02880655988334,145,0.484130859375,87,0.07936859130859375,241,0.21121978759765625,9,0.00839996337890625,182,0.21035003662109375,52,0.00653076171875,0,0.0,9,EPSG:32647,UNLABELED_DEPLOYMENT,0.484130859375,0.484130859375,1,Built-up & Impervious,0.0518113227739726,0.6586300810135601,0.5524932566611221,0.21035003662109375,512,0.6586300810135601,0.42156982421875,0.21688079833984375,D:\499_4\FINAL_INFERENCE\A7_RGBN_REVISED7_FULL_AOI\tiles_geotiff\tile_r02_c09_prediction.tif,2,3,Tree / Woody Cover,512,512,tile_r02_c09,0.21121978759765625,523264,262144,0.5009384155273438,0.01416468434035778,0.00839996337890625,0.0004663038160469667,512
32.704925537109375,23.786544799804688,27.674102783203125,2.2876739501953125,13.246917724609375,0.299835205078125,0.0,0.23786544799804688,0.00299835205078125,0.3111748705850914,0.5353275714442134,0.005626223091976516,0.32704925537109375,0.029681002323874755,18.883006311737613,99.04339023429618,174,0.32704925537109375,184,0.23786544799804688,293,0.27674102783203125,30,0.022876739501953125,276,0.13246917724609375,16,0.00299835205078125,0,0.0,10,EPSG:32647,UNLABELED_DEPLOYMENT,0.32704925537109375,0.32704925537109375,1,Built-up & Impervious,0.06287839408023484,0.7370569630089145,0.6130566826882572,0.13246917724609375,512,0.7370569630089145,0.409210205078125,0.135467529296875,D:\499_4\FINAL_INFERENCE\A7_RGBN_REVISED7_FULL_AOI\tiles_geotiff\tile_r02_c10_prediction.tif,2,3,Tree / Woody Cover,512,512,tile_r02_c10,0.27674102783203125,523264,262144,0.6470756530761719,0.037445581052452326,0.022876739501953125,0.0019493028375733854,512
28.912353515625,48.87542724609375,12.345504760742188,0.89874267578125,8.122634887695312,0.8453369140625,0.0,0.4887542724609375,0.008453369140625,0.565241452306509,0.23671283572912216,0.014485995596868884,0.28912353515625,0.02012750733855186,18.883002337595073,99.05797390558826,204,0.28912353515625,209,0.4887542724609375,293,0.12345504760742188,30,0.0089874267578125,252,0.08122634887695312,26,0.008453369140625,0,0.0,11,EPSG:32647,UNLABELED_DEPLOYMENT,0.28912353515625,0.4887542724609375,2,Agricultural Land / Cropland,0.05861477189334638,0.6441927884706016,0.6017966248875063,0.08122634887695312,512,0.6441927884706016,0.204681396484375,0.08967971801757812,D:\499_4\FINAL_INFERENCE\A7_RGBN_REVISED7_FULL_AOI\tiles_geotiff\tile_r02_c11_prediction.tif,2,1,Built-up & Impervious,512,512,tile_r02_c11,0.12345504760742188,523264,262144,0.6934356689453125,0.007358236238360405,0.0089874267578125,0.0004968811154598826,512
20.291900634765625,48.729705810546875,20.873641967773438,1.62811279296875,7.962799072265625,0.5138397216796875,0.0,0.48729705810546875,0.005138397216796875,0.3955273393075913,0.23405847849790007,0.00877568493150685,0.20291900634765625,0.01881650562622309,18.88299721990219,99.0725575727107,197,0.20291900634765625,146,0.48729705810546875,244,0.20873641967773438,13,0.0162811279296875,211,0.07962799072265625,13,0.005138397216796875,0,0.0,12,EPSG:32647,UNLABELED_DEPLOYMENT,0.20291900634765625,0.48729705810546875,2,Agricultural Land / Cropland,0.049122431506849314,0.6663174574186409,0.5290246305429555,0.07962799072265625,512,0.6663174574186409,0.2883644104003906,0.08476638793945312,D:\499_4\FINAL_INFERENCE\A7_RGBN_REVISED7_FULL_AOI\tiles_geotiff\tile_r02_c12_prediction.tif,2,3,Tree / Woody Cover,512,512,tile_r02_c12,0.20873641967773438,523264,262144,0.7756614685058594,0.018779591424390674,0.0162811279296875,0.0009115857387475538,512
14.964675903320312,47.46818542480469,26.577377319335938,0.492095947265625,10.284805297851562,0.212860107421875,0.0,0.4746818542480469,0.00212860107421875,0.28413840424036607,0.22065224638208747,0.01025103962818004,0.14964675903320312,0.015066964285714286,18.882990958660553,99.08714123461459,212,0.14964675903320312,247,0.4746818542480469,234,0.2657737731933594,14,0.00492095947265625,283,0.10284805297851562,19,0.00212860107421875,0,0.0,13,EPSG:32647,UNLABELED_DEPLOYMENT,0.14964675903320312,0.4746818542480469,2,Agricultural Land / Cropland,0.05580548250978474,0.649205562251605,0.6401564435835265,0.10284805297851562,512,0.649205562251605,0.368621826171875,0.10497665405273438,D:\499_4\FINAL_INFERENCE\A7_RGBN_REVISED7_FULL_AOI\tiles_geotiff\tile_r02_c13_prediction.tif,2,3,Tree / Woody Cover,512,512,tile_r02_c13,0.2657737731933594,523264,262144,0.8433036804199219,0.007255892269313335,0.00492095947265625,0.0005179030088062623,512
14.688873291015625,56.3018798828125,20.088577270507812,1.0467529296875,7.7297210693359375,0.144195556640625,0.0,0.563018798828125,0.00144195556640625,0.3308044718578458,0.16344778379425406,0.007409261863992172,0.14688873291015625,0.014313998287671234,18.88298355387211,99.10172489025103,206,0.14688873291015625,225,0.563018798828125,295,0.20088577270507812,16,0.010467529296875,204,0.07729721069335938,8,0.00144195556640625,0,0.0,14,EPSG:32647,UNLABELED_DEPLOYMENT,0.14688873291015625,0.563018798828125,2,Agricultural Land / Cropland,0.049753088307240706,0.607756394187531,0.582601442245323,0.07729721069335938,512,0.607756394187531,0.2781829833984375,0.07873916625976562,D:\499_4\FINAL_INFERENCE\A7_RGBN_REVISED7_FULL_AOI\tiles_geotiff\tile_r02_c14_prediction.tif,2,3,Tree / Woody Cover,512,512,tile_r02_c14,0.20088577270507812,523264,262144,0.8412017822265625,0.011647554114460945,0.010467529296875,0.0006058127446183953,512
11.59515380859375,65.48423767089844,14.262771606445312,0.4596710205078125,8.163833618164062,0.034332275390625,0.0,0.6548423767089844,0.00034332275390625,0.30371992313303053,0.10401597479358315,0.005779109589041096,0.1159515380859375,0.014375152886497065,18.88297500553915,99.11630853857116,174,0.1159515380859375,138,0.6548423767089844,257,0.14262771606445312,8,0.004596710205078125,171,0.08163833618164062,5,0.00034332275390625,0,0.0,15,EPSG:32647,UNLABELED_DEPLOYMENT,0.1159515380859375,0.6548423767089844,2,Agricultural Land / Cropland,0.04236867049902153,0.5328370503369118,0.5296269712034176,0.08163833618164062,512,0.5328370503369118,0.22426605224609375,0.08198165893554688,D:\499_4\FINAL_INFERENCE\A7_RGBN_REVISED7_FULL_AOI\tiles_geotiff\tile_r02_c15_prediction.tif,2,3,Tree / Woody Cover,512,512,tile_r02_c15,0.14262771606445312,523264,262144,0.8791084289550781,0.004123544204048812,0.004596710205078125,0.00024270731409001956,512
39.39360119047619,23.305431547619047,32.075892857142854,1.1662946428571428,3.764880952380952,0.29389880952380953,0.0,0.2330543154761905,0.002938988095238095,0.36723395038353884,0.5647588599241778,0.004499406003573333,0.3939360119047619,0.04234680037042927,18.882969254827003,99.12516696156126,34,0.3939360119047619,38,0.2330543154761905,65,0.3207589285714285,22,0.011662946428571429,44,0.03764880952380952,2,0.002938988095238095,0,0.0,16,EPSG:32647,UNLABELED_DEPLOYMENT,0.3939360119047619,0.3939360119047619,1,Built-up & Impervious,0.06898777396331253,0.6493917857108205,0.4943991063830002,0.03764880952380952,512,0.6493917857108205,0.358407738095238,0.040587797619047614,D:\499_4\FINAL_INFERENCE\A7_RGBN_REVISED7_FULL_AOI\tiles_geotiff\tile_r02_c16_prediction.tif,2,3,Tree / Woody Cover,512,110,tile_r02_c16,0.3207589285714285,106903,53760,0.5914620535714286,0.01672036099596088,0.011662946428571429,0.0011318672067201108,110
0.005393244575936883,0.04199026134122288,93.38942307692307,2.4304271449704142,4.132766272189349,0.0,0.0,0.00041990261341222877,0.0,9.058549968828899e-08,0.0002103844074962361,0.0,5.3932445759368834e-05,3.4739042244605316e-05,18.869101109317562,98.89756195826551,1,5.3932445759368834e-05,30,0.00041990261341222877,24,0.9338942307692306,73,0.02430427144970414,98,0.0413276627218935,0,0.0,0,0.0,0,EPSG:32647,TEST40,5.3932445759368834e-05,0.9338942307692306,3,Tree / Woody Cover,0.01586802251861916,0.14886946595114672,0.48664401878184005,0.0413276627218935,512,0.14886946595114672,0.9752218934911241,0.0413276627218935,D:\499_4\FINAL_INFERENCE\A7_RGBN_REVISED7_FULL_AOI\tiles_geotiff\tile_r03_c00_prediction.tif,3,5,Grassland / Herbaceous Cover,512,512,tile_r03_c00,0.9338942307692306,518149,259584,0.9756417961045363,0.09480823049241095,0.02430427144970414,0.006137230796546939,512
0.13275146484375,0.0011444091796875,96.28219604492188,0.691986083984375,2.8919219970703125,0.0,0.0,1.1444091796875e-05,0.0,6.076879799365997e-08,0.005266203777864575,0.0,0.0013275146484375,0.0004930589530332681,18.869108564799387,98.91214441274765,8,0.0013275146484375,2,1.1444091796875e-05,3,0.9628219604492188,42,0.00691986083984375,80,0.028919219970703125,0,0.0,0,0.0,1,EPSG:32647,TEST40,0.0013275146484375,0.9628219604492188,3,Tree / Woody Cover,0.008947682240704502,0.09367617501404558,0.45104946499570586,0.028919219970703125,512,0.09367617501404558,0.9917411804199219,0.028919219970703125,D:\499_4\FINAL_INFERENCE\A7_RGBN_REVISED7_FULL_AOI\tiles_geotiff\tile_r03_c01_prediction.tif,3,5,Grassland / Herbaceous Cover,512,512,tile_r03_c01,0.9628219604492188,523264,262144,0.9917526245117188,0.02745084383059293,0.00691986083984375,0.0025551155821917806,512
0.1087188720703125,0.0331878662109375,98.93455505371094,0.0946044921875,0.824737548828125,0.0041961669921875,0.0,0.000331878662109375,4.1961669921875e-05,1.4432589523494244e-06,0.004338287108112127,2.1021893346379647e-05,0.001087188720703125,0.000515991927592955,18.86911487763696,98.92672687354673,15,0.001087188720703125,1,0.000331878662109375,1,0.9893455505371094,7,0.000946044921875,32,0.00824737548828125,2,4.1961669921875e-05,0,0.0,2,EPSG:32647,TEST40,0.001087188720703125,0.9893455505371094,3,Tree / Woody Cover,0.0029564426369863015,0.034562452885551,0.41783750742513687,0.00824737548828125,512,0.034562452885551,0.9975929260253906,0.008289337158203125,D:\499_4\FINAL_INFERENCE\A7_RGBN_REVISED7_FULL_AOI\tiles_geotiff\tile_r03_c02_prediction.tif,3,5,Grassland / Herbaceous Cover,512,512,tile_r03_c02,0.9893455505371094,523264,262144,0.9979248046875,0.0037750708870589733,0.000946044921875,0.00034972786203522503,512
7.621002197265625,0.8922576904296875,64.54124450683594,20.046615600585938,6.5082550048828125,0.390625,0.0,0.008922576904296875,0.00390625,0.00271995912771672,0.21658735675737262,0.0010147841242661448,0.07621002197265625,0.014975232387475538,18.869120047828332,98.94130933961428,148,0.07621002197265625,69,0.008922576904296875,84,0.6454124450683594,9,0.20046615600585938,128,0.06508255004882812,28,0.00390625,0,0.0,3,EPSG:32647,TEST40,0.07621002197265625,0.6454124450683594,3,Tree / Woody Cover,0.02957971501956947,0.5357594088562684,0.5631609291599882,0.06508255004882812,512,0.5357594088562684,0.7104949951171875,0.06898880004882812,D:\499_4\FINAL_INFERENCE\A7_RGBN_REVISED7_FULL_AOI\tiles_geotiff\tile_r03_c03_prediction.tif,3,4,Water,512,512,tile_r03_c03,0.6454124450683594,523264,262144,0.7194175720214844,0.5697208021301776,0.20046615600585938,0.003271771037181996,512
17.731857299804688,1.64642333984375,53.93524169921875,3.95965576171875,18.101882934570312,4.62493896484375,0.0,0.0164642333984375,0.0462493896484375,0.011677657486870885,0.5109408057178371,0.0006153681506849315,0.17731857299804688,0.02155508500489237,18.86912407537189,98.95589180990176,203,0.17731857299804688,54,0.0164642333984375,108,0.5393524169921875,12,0.0395965576171875,263,0.18101882934570312,218,0.0462493896484375,0,0.0,4,EPSG:32647,UNLABELED_DEPLOYMENT,0.17731857299804688,0.5393524169921875,3,Tree / Woody Cover,0.04539964530332681,0.6612489585461206,0.5275940722294065,0.18101882934570312,512,0.6612489585461206,0.7203712463378906,0.22726821899414062,D:\499_4\FINAL_INFERENCE\A7_RGBN_REVISED7_FULL_AOI\tiles_geotiff\tile_r03_c04_prediction.tif,3,5,Grassland / Herbaceous Cover,512,512,tile_r03_c04,0.5393524169921875,523264,262144,0.7368354797363281,0.11409688624553382,0.0395965576171875,0.0011562041340508807,512
43.32008361816406,5.698394775390625,30.001068115234375,1.8413543701171875,19.00634765625,0.13275146484375,0.0,0.05698394775390625,0.0013275146484375,0.09874197526369244,0.8492021396523342,0.0012345584637964775,0.4332008361816406,0.031207956213307242,18.86912696026639,98.9704742833607,172,0.4332008361816406,179,0.05698394775390625,236,0.30001068115234375,6,0.018413543701171875,171,0.1900634765625,15,0.0013275146484375,0,0.0,5,EPSG:32647,UNLABELED_DEPLOYMENT,0.4332008361816406,0.4332008361816406,1,Built-up & Impervious,0.05725790423189824,0.6602457738690983,0.5586211792906767,0.1900634765625,512,0.6602457738690983,0.49007415771484375,0.1913909912109375,D:\499_4\FINAL_INFERENCE\A7_RGBN_REVISED7_FULL_AOI\tiles_geotiff\tile_r03_c05_prediction.tif,3,3,Tree / Woody Cover,512,512,tile_r03_c05,0.30001068115234375,523264,262144,0.54705810546875,0.03609600767958909,0.018413543701171875,0.0009593627690802348,512
43.36433410644531,27.779388427734375,16.193008422851562,1.070404052734375,10.945510864257812,0.6473541259765625,0.0,0.27779388427734375,0.006473541259765625,0.4818538724211976,0.4707375270081684,0.005691199853228962,0.4336433410644531,0.02489183280332681,18.869128702510928,98.98505675894258,149,0.4336433410644531,167,0.27779388427734375,237,0.16193008422851562,7,0.01070404052734375,197,0.10945510864257812,37,0.006473541259765625,0,0.0,6,EPSG:32647,UNLABELED_DEPLOYMENT,0.4336433410644531,0.4336433410644531,1,Built-up & Impervious,0.04930016205968689,0.6867145014515956,0.44977595141157173,0.10945510864257812,512,0.6867145014515956,0.27138519287109375,0.11592864990234375,D:\499_4\FINAL_INFERENCE\A7_RGBN_REVISED7_FULL_AOI\tiles_geotiff\tile_r03_c06_prediction.tif,3,2,Agricultural Land / Cropland,512,512,tile_r03_c06,0.16193008422851562,523264,262144,0.5491790771484375,0.01161967241205275,0.01070404052734375,0.00020448568982387474,512
26.540756225585938,62.082672119140625,6.2381744384765625,1.6452789306640625,3.4931182861328125,0.0,0.0,0.6208267211914062,0.0,0.6590884266188368,0.10331034718547016,0.004406953277886497,0.2654075622558594,0.014786035347358121,18.86912930210497,98.9996392355989,77,0.2654075622558594,63,0.6208267211914062,214,0.062381744384765625,7,0.016452789306640625,127,0.034931182861328125,0,0.0,0,0.0,7,EPSG:32647,UNLABELED_DEPLOYMENT,0.2654075622558594,0.6208267211914062,2,Agricultural Land / Cropland,0.029537671232876712,0.516897196429947,0.5534074708326278,0.034931182861328125,512,0.516897196429947,0.09731292724609375,0.034931182861328125,D:\499_4\FINAL_INFERENCE\A7_RGBN_REVISED7_FULL_AOI\tiles_geotiff\tile_r03_c07_prediction.tif,3,1,Built-up & Impervious,512,512,tile_r03_c07,0.062381744384765625,523264,262144,0.7181396484375,0.0064042763551697135,0.016452789306640625,0.0004376375978473581,512
57.492828369140625,12.132644653320312,19.197463989257812,2.0481109619140625,7.8948974609375,1.2340545654296875,0.0,0.12132644653320312,0.012340545654296875,0.27901602268684655,0.6230465947883204,0.002879999388454012,0.5749282836914062,0.028203736545988258,18.869128759048326,99.01422171228117,91,0.5749282836914062,114,0.12132644653320312,300,0.19197463989257812,23,0.020481109619140625,194,0.078948974609375,29,0.012340545654296875,0,0.0,8,EPSG:32647,UNLABELED_DEPLOYMENT,0.5749282836914062,0.5749282836914062,1,Built-up & Impervious,0.051822789261252444,0.6296748948080902,0.6573349304042801,0.078948974609375,512,0.6296748948080902,0.2709236145019531,0.09128952026367188,D:\499_4\FINAL_INFERENCE\A7_RGBN_REVISED7_FULL_AOI\tiles_geotiff\tile_r03_c08_prediction.tif,3,3,Tree / Woody Cover,512,512,tile_r03_c08,0.19197463989257812,523264,262144,0.39225006103515625,0.022195264988113195,0.020481109619140625,0.001301446306262231,512
36.49139404296875,37.595367431640625,8.422088623046875,6.1553955078125,10.11810302734375,1.2176513671875,0.0,0.37595367431640625,0.012176513671875,0.5487629468552768,0.27062297565862536,0.01255007032778865,0.3649139404296875,0.01650983060176125,18.869127073341172,99.02880418794088,203,0.3649139404296875,249,0.37595367431640625,295,0.08422088623046875,48,0.061553955078125,189,0.1011810302734375,37,0.012176513671875,0,0.0,9,EPSG:32647,UNLABELED_DEPLOYMENT,0.3649139404296875,0.37595367431640625,2,Agricultural Land / Cropland,0.05697315313111546,0.7200319020171955,0.7111773991089514,0.1011810302734375,512,0.7200319020171955,0.18540191650390625,0.1133575439453125,D:\499_4\FINAL_INFERENCE\A7_RGBN_REVISED7_FULL_AOI\tiles_geotiff\tile_r03_c09_prediction.tif,3,1,Built-up & Impervious,512,512,tile_r03_c09,0.08422088623046875,523264,262144,0.5613555908203125,0.04564888495951891,0.061553955078125,0.0032182607632093934,512
42.237091064453125,21.573638916015625,16.875076293945312,4.5413970947265625,13.985824584960938,0.7869720458984375,0.0,0.21573638916015625,0.007869720458984375,0.3644831005949527,0.5213898723013699,0.006656295865949119,0.42237091064453125,0.03256864603718199,18.869124244984025,99.04338666152951,156,0.42237091064453125,215,0.21573638916015625,380,0.16875076293945312,59,0.045413970947265625,229,0.13985824584960938,53,0.007869720458984375,0,0.0,10,EPSG:32647,UNLABELED_DEPLOYMENT,0.42237091064453125,0.42237091064453125,1,Built-up & Impervious,0.06871483610567515,0.7445514045579936,0.6847424119217349,0.13985824584960938,512,0.7445514045579936,0.3086090087890625,0.14772796630859375,D:\499_4\FINAL_INFERENCE\A7_RGBN_REVISED7_FULL_AOI\tiles_geotiff\tile_r03_c10_prediction.tif,3,2,Agricultural Land / Cropland,512,512,tile_r03_c10,0.16875076293945312,523264,262144,0.5243453979492188,0.056060642236843705,0.045413970947265625,0.0030023085861056753,512
27.001953125,49.283599853515625,11.615371704101562,3.0914306640625,8.290863037109375,0.7167816162109375,0.0,0.49283599853515625,0.007167816162109375,0.5323013812303543,0.2150028869509697,0.010394370719178082,0.27001953125,0.020209683830724072,18.869120273977764,99.05796913199858,148,0.27001953125,131,0.49283599853515625,318,0.11615371704101562,35,0.030914306640625,186,0.08290863037109375,14,0.007167816162109375,0,0.0,11,EPSG:32647,UNLABELED_DEPLOYMENT,0.27001953125,0.49283599853515625,2,Agricultural Land / Cropland,0.053223611790606654,0.6689009406057853,0.6604663225538706,0.08290863037109375,512,0.6689009406057853,0.19906234741210938,0.09007644653320312,D:\499_4\FINAL_INFERENCE\A7_RGBN_REVISED7_FULL_AOI\tiles_geotiff\tile_r03_c11_prediction.tif,3,1,Built-up & Impervious,512,512,tile_r03_c11,0.11615371704101562,523264,262144,0.6918983459472656,0.024615497794002295,0.030914306640625,0.0004242600293542074,512
16.358184814453125,64.50767517089844,10.938644409179688,1.174163818359375,6.59332275390625,0.428009033203125,0.0,0.6450767517089844,0.00428009033203125,0.4220913889585063,0.11471646360587329,0.01247362707925636,0.16358184814453125,0.011971012720156556,18.869115160323624,99.07255159829957,210,0.16358184814453125,250,0.6450767517089844,220,0.10938644409179688,49,0.01174163818359375,229,0.0659332275390625,13,0.00428009033203125,0,0.0,12,EPSG:32647,UNLABELED_DEPLOYMENT,0.16358184814453125,0.6450767517089844,2,Agricultural Land / Cropland,0.04884914689334638,0.5528597601179109,0.6074505909906348,0.0659332275390625,512,0.5528597601179109,0.17531967163085938,0.07021331787109375,D:\499_4\FINAL_INFERENCE\A7_RGBN_REVISED7_FULL_AOI\tiles_geotiff\tile_r03_c12_prediction.tif,3,1,Built-up & Impervious,512,512,tile_r03_c12,0.10938644409179688,523264,262144,0.8203964233398438,0.008234160603024065,0.01174163818359375,5.924351761252446e-05,512
15.342330932617188,57.77130126953125,13.126754760742188,1.4202117919921875,11.952590942382812,0.386810302734375,0.0,0.5777130126953125,0.00386810302734375,0.35453856899403036,0.15391024854034185,0.008150761374755382,0.15342330932617188,0.01318072712818004,18.869108904023186,99.08713405938398,170,0.15342330932617188,138,0.5777130126953125,181,0.13126754760742188,18,0.014202117919921875,203,0.11952590942382812,25,0.00386810302734375,0,0.0,13,EPSG:32647,UNLABELED_DEPLOYMENT,0.15342330932617188,0.5777130126953125,2,Agricultural Land / Cropland,0.04638385212818004,0.6202381519179581,0.6285387290310435,0.11952590942382812,512,0.6202381519179581,0.25079345703125,0.12339401245117188,D:\499_4\FINAL_INFERENCE\A7_RGBN_REVISED7_FULL_AOI\tiles_geotiff\tile_r03_c13_prediction.tif,3,1,Built-up & Impervious,512,512,tile_r03_c13,0.13126754760742188,523264,262144,0.8285064697265625,0.01424719300121069,0.014202117919921875,0.000714744373776908,512
24.881744384765625,40.926361083984375,20.320510864257812,0.17547607421875,13.32550048828125,0.3704071044921875,0.0,0.40926361083984375,0.003704071044921875,0.40732770203612745,0.3348685816163197,0.006816826687866927,0.24881744384765625,0.019550360812133072,18.86910150507839,99.10171651420333,134,0.24881744384765625,157,0.40926361083984375,265,0.20320510864257812,21,0.0017547607421875,187,0.1332550048828125,25,0.003704071044921875,0,0.0,14,EPSG:32647,UNLABELED_DEPLOYMENT,0.24881744384765625,0.40926361083984375,2,Agricultural Land / Cropland,0.052367447407045006,0.6865729236698279,0.59042603566641,0.1332550048828125,512,0.6865729236698279,0.3364601135253906,0.13695907592773438,D:\499_4\FINAL_INFERENCE\A7_RGBN_REVISED7_FULL_AOI\tiles_geotiff\tile_r03_c14_prediction.tif,3,1,Built-up & Impervious,512,512,tile_r03_c14,0.20320510864257812,523264,262144,0.7457237243652344,0.00236162799410522,0.0017547607421875,0.00027519569471624265,512
25.978851318359375,38.57994079589844,20.804214477539062,0.62255859375,13.831710815429688,0.1827239990234375,0.0,0.3857994079589844,0.001827239990234375,0.4009050183231011,0.3599206213839352,0.005719866071428571,0.25978851318359375,0.025165117416829745,18.869092963491543,99.11629896170913,140,0.25978851318359375,173,0.3857994079589844,257,0.20804214477539062,21,0.0062255859375,246,0.13831710815429688,15,0.001827239990234375,0,0.0,15,EPSG:32647,UNLABELED_DEPLOYMENT,0.25978851318359375,0.3857994079589844,2,Agricultural Land / Cropland,0.05542326626712329,0.6994184724224244,0.6325767985787248,0.13831710815429688,512,0.6994184724224244,0.3463592529296875,0.14014434814453125,D:\499_4\FINAL_INFERENCE\A7_RGBN_REVISED7_FULL_AOI\tiles_geotiff\tile_r03_c15_prediction.tif,3,1,Built-up & Impervious,512,512,tile_r03_c15,0.20804214477539062,523264,262144,0.7321586608886719,0.008625157177448273,0.0062255859375,0.0006899003180039139,512
56.1923363095238,8.536086309523808,26.318824404761905,0.6547619047619048,7.721354166666666,0.5766369047619048,0.0,0.08536086309523809,0.005766369047619048,0.1918650530687535,0.7651188649287839,0.004957765450922799,0.561923363095238,0.042851931189957254,18.869087217317688,99.12515665529988,40,0.561923363095238,22,0.08536086309523809,90,0.26318824404761904,28,0.006547619047619048,50,0.07721354166666666,4,0.005766369047619048,0,0.0,16,EPSG:32647,UNLABELED_DEPLOYMENT,0.561923363095238,0.561923363095238,1,Built-up & Impervious,0.06621890873034433,0.5887672535054279,0.5189916435808589,0.07721354166666666,512,0.5887672535054279,0.3404017857142857,0.0829799107142857,D:\499_4\FINAL_INFERENCE\A7_RGBN_REVISED7_FULL_AOI\tiles_geotiff\tile_r03_c16_prediction.tif,3,3,Tree / Woody Cover,512,110,tile_r03_c16,0.26318824404761904,106903,53760,0.4257626488095238,0.008915284863945577,0.006547619047619048,0.0006735077593706444,110
0.0015407133502811803,0.06586549572452045,94.8948463138433,4.412988213542871,0.6247592635390186,0.0,0.0,0.0006586549572452045,0.0,4.059193943426266e-08,5.8867332610666254e-05,0.0,1.5407133502811802e-05,1.5437458994249548e-05,18.85521904014657,98.89757038636313,1,1.5407133502811802e-05,4,0.0006586549572452045,6,0.9489484631384331,62,0.044129882135428705,27,0.0062475926353901855,0,0.0,0,0.0,0,EPSG:32647,UNLABELED_DEPLOYMENT,1.5407133502811802e-05,0.9489484631384331,3,Tree / Woody Cover,0.008509899270580063,0.11518710511325204,0.31215173381300354,0.0062475926353901855,512,0.11518710511325204,0.9551960557738233,0.0062475926353901855,D:\499_4\FINAL_INFERENCE\A7_RGBN_REVISED7_FULL_AOI\tiles_geotiff\tile_r04_c00_prediction.tif,4,4,Water,512,512,tile_r04_c00,0.9489484631384331,518220,259620,0.9558547107310684,0.16861075743010082,0.044129882135428705,0.006674771332638648,512
0.0003814697265625,0.029754638671875,95.58334350585938,1.64794921875,2.7385711669921875,0.0,0.0,0.00029754638671875,0.0,4.540197551250458e-09,1.5002733562141657e-05,0.0,3.814697265625e-06,7.644324853228962e-06,18.855226489741028,98.9121516410768,1,3.814697265625e-06,23,0.00029754638671875,19,0.9558334350585938,65,0.0164794921875,96,0.027385711669921875,0,0.0,0,0.0,1,EPSG:32647,UNLABELED_DEPLOYMENT,3.814697265625e-06,0.9558334350585938,3,Tree / Woody Cover,0.011493242416829745,0.10885678981481134,0.4875081754423167,0.027385711669921875,512,0.10885678981481134,0.9832191467285156,0.027385711669921875,D:\499_4\FINAL_INFERENCE\A7_RGBN_REVISED7_FULL_AOI\tiles_geotiff\tile_r04_c01_prediction.tif,4,5,Grassland / Herbaceous Cover,512,512,tile_r04_c01,0.9558334350585938,523264,262144,0.9835166931152344,0.06481180898845196,0.0164794921875,0.004689793297455969,512
0.0,0.002288818359375,98.3428955078125,1.161956787109375,0.49285888671875,0.0,0.0,2.288818359375e-05,0.0,0.0,0.0,0.0,0.0,0.0,18.855232797593548,98.92673290210502,0,0.0,4,2.288818359375e-05,9,0.983428955078125,36,0.01161956787109375,27,0.0049285888671875,0,0.0,0,0.0,2,EPSG:32647,UNLABELED_DEPLOYMENT,0.0,0.983428955078125,3,Tree / Woody Cover,0.004057225415851272,0.04862896251395871,0.4399818192493644,0.0049285888671875,512,0.04862896251395871,0.9883575439453125,0.0049285888671875,D:\499_4\FINAL_INFERENCE\A7_RGBN_REVISED7_FULL_AOI\tiles_geotiff\tile_r04_c02_prediction.tif,4,4,Water,512,512,tile_r04_c02,0.983428955078125,523264,262144,0.9883804321289062,0.04593715025112033,0.01161956787109375,0.0025207161203522504,512
0.971221923828125,0.1323699951171875,97.06916809082031,0.1430511474609375,1.6841888427734375,0.0,0.0,0.001323699951171875,0.0,5.142425652593374e-05,0.03836457012221217,3.631054305283757e-05,0.00971221923828125,0.002794000733855186,18.855237963702173,98.9413141683997,34,0.00971221923828125,18,0.001323699951171875,8,0.9706916809082031,6,0.001430511474609375,49,0.016841888427734375,0,0.0,0,0.0,3,EPSG:32647,UNLABELED_DEPLOYMENT,0.00971221923828125,0.9706916809082031,3,Tree / Woody Cover,0.0068091823630136985,0.0826384465662646,0.5147640063388786,0.016841888427734375,512,0.0826384465662646,0.9875335693359375,0.016841888427734375,D:\499_4\FINAL_INFERENCE\A7_RGBN_REVISED7_FULL_AOI\tiles_geotiff\tile_r04_c03_prediction.tif,4,5,Grassland / Herbaceous Cover,512,512,tile_r04_c03,0.9706916809082031,523264,262144,0.9888572692871094,0.005650712409988046,0.001430511474609375,0.00039368272994129156,512
44.283294677734375,2.50091552734375,41.78276062011719,1.753997802734375,9.282684326171875,0.3963470458984375,0.0,0.0250091552734375,0.003963470458984375,0.0442995117045939,0.9045384585624561,0.0006172792318982388,0.44283294677734375,0.033354100415851275,18.8552419880653,98.95589543891273,163,0.44283294677734375,52,0.0250091552734375,220,0.4178276062011719,22,0.01753997802734375,196,0.09282684326171875,24,0.003963470458984375,0,0.0,4,EPSG:32647,UNLABELED_DEPLOYMENT,0.44283294677734375,0.44283294677734375,1,Built-up & Impervious,0.04826626712328767,0.5812626417175784,0.5148802297369235,0.09282684326171875,512,0.5812626417175784,0.5106544494628906,0.09679031372070312,D:\499_4\FINAL_INFERENCE\A7_RGBN_REVISED7_FULL_AOI\tiles_geotiff\tile_r04_c04_prediction.tif,4,3,Tree / Woody Cover,512,512,tile_r04_c04,0.4178276062011719,523264,262144,0.5356636047363281,0.035827471292577684,0.01753997802734375,0.0020276571673189824,512
66.07131958007812,3.270721435546875,17.921066284179688,2.0702362060546875,10.160446166992188,0.5062103271484375,0.0,0.03270721435546875,0.005062103271484375,0.08644035249017179,0.742153033381328,0.0013702452299412917,0.6607131958007812,0.035859527886497065,18.855244870681684,98.97047671259601,149,0.6607131958007812,63,0.03270721435546875,340,0.17921066284179688,27,0.020702362060546875,164,0.10160446166992188,9,0.005062103271484375,0,0.0,5,EPSG:32647,UNLABELED_DEPLOYMENT,0.6607131958007812,0.6607131958007812,1,Built-up & Impervious,0.05028245780332681,0.5309350878474631,0.5081178167737711,0.10160446166992188,512,0.5309350878474631,0.28081512451171875,0.10666656494140625,D:\499_4\FINAL_INFERENCE\A7_RGBN_REVISED7_FULL_AOI\tiles_geotiff\tile_r04_c05_prediction.tif,4,3,Tree / Woody Cover,512,512,tile_r04_c05,0.17921066284179688,523264,262144,0.3135223388671875,0.023254145518876612,0.020702362060546875,0.0005255473336594912,512
35.08110046386719,15.89202880859375,25.082015991210938,4.1019439697265625,18.624496459960938,1.218414306640625,0.0,0.1589202880859375,0.01218414306640625,0.22300394368357956,0.6133090216899291,0.0037132307974559685,0.3508110046386719,0.03221509601272016,18.85524661155043,98.98505798840144,250,0.3508110046386719,212,0.1589202880859375,300,0.2508201599121094,5,0.041019439697265625,201,0.18624496459960938,18,0.01218414306640625,0,0.0,6,EPSG:32647,UNLABELED_DEPLOYMENT,0.3508110046386719,0.3508110046386719,1,Built-up & Impervious,0.06062905149217221,0.7731109558795227,0.4358347689353434,0.18624496459960938,512,0.7731109558795227,0.43706512451171875,0.19842910766601562,D:\499_4\FINAL_INFERENCE\A7_RGBN_REVISED7_FULL_AOI\tiles_geotiff\tile_r04_c06_prediction.tif,4,3,Tree / Woody Cover,512,512,tile_r04_c06,0.2508201599121094,523264,262144,0.5959854125976562,0.07171266607474536,0.041019439697265625,0.0012364695450097847,512
41.60194396972656,27.859878540039062,14.937591552734375,1.9256591796875,10.41259765625,3.2623291015625,0.0,0.2785987854003906,0.032623291015625,0.463610042410437,0.42184686043765396,0.0066161631604696675,0.4160194396972656,0.023716517857142856,18.85524721067099,98.99963926528089,188,0.4160194396972656,162,0.2785987854003906,235,0.14937591552734375,22,0.019256591796875,181,0.1041259765625,33,0.032623291015625,0,0.0,7,EPSG:32647,UNLABELED_DEPLOYMENT,0.4160194396972656,0.4160194396972656,1,Built-up & Impervious,0.05179221196183953,0.7339399764956774,0.4770132961005755,0.1041259765625,512,0.7339399764956774,0.25350189208984375,0.136749267578125,D:\499_4\FINAL_INFERENCE\A7_RGBN_REVISED7_FULL_AOI\tiles_geotiff\tile_r04_c07_prediction.tif,4,2,Agricultural Land / Cropland,512,512,tile_r04_c07,0.14937591552734375,523264,262144,0.5321006774902344,0.019526329822838306,0.019256591796875,0.0008504311399217221,512
45.45135498046875,18.553924560546875,16.190338134765625,4.575347900390625,14.14947509765625,1.079559326171875,0.0,0.18553924560546875,0.01079559326171875,0.33732040459290147,0.5515942485071719,0.004099269202544031,0.4545135498046875,0.02522436093444227,18.85524666804318,99.01422054218628,141,0.4545135498046875,160,0.18553924560546875,272,0.16190338134765625,39,0.04575347900390625,188,0.1414947509765625,33,0.01079559326171875,0,0.0,8,EPSG:32647,UNLABELED_DEPLOYMENT,0.4545135498046875,0.4545135498046875,1,Built-up & Impervious,0.054765854329745595,0.736122793086156,0.6578139298333182,0.1414947509765625,512,0.736122793086156,0.30339813232421875,0.15229034423828125,D:\499_4\FINAL_INFERENCE\A7_RGBN_REVISED7_FULL_AOI\tiles_geotiff\tile_r04_c08_prediction.tif,4,2,Agricultural Land / Cropland,512,512,tile_r04_c08,0.16190338134765625,523264,262144,0.4889373779296875,0.05552608030848205,0.04575347900390625,0.0011523819716242661,512
54.27055358886719,20.98236083984375,12.420272827148438,1.9977569580078125,9.8052978515625,0.5237579345703125,0.0,0.2098236083984375,0.005237579345703125,0.4554897353518754,0.4824776098248549,0.006459454500978474,0.5427055358886719,0.026114924779843444,18.855244983667184,99.02880181806948,193,0.5427055358886719,175,0.2098236083984375,369,0.12420272827148438,30,0.019977569580078125,191,0.098052978515625,19,0.005237579345703125,0,0.0,9,EPSG:32647,UNLABELED_DEPLOYMENT,0.5427055358886719,0.5427055358886719,1,Built-up & Impervious,0.050576764310176124,0.6432902585731727,0.5825272424080719,0.098052978515625,512,0.6432902585731727,0.22225570678710938,0.10329055786132812,D:\499_4\FINAL_INFERENCE\A7_RGBN_REVISED7_FULL_AOI\tiles_geotiff\tile_r04_c09_prediction.tif,4,2,Agricultural Land / Cropland,512,512,tile_r04_c09,0.12420272827148438,523264,262144,0.4320793151855469,0.017760515387635678,0.019977569580078125,0.0016645517367906066,512
30.852127075195312,31.372451782226562,20.981216430664062,4.155731201171875,12.010574340820312,0.627899169921875,0.0,0.3137245178222656,0.00627899169921875,0.3871627476182766,0.4071467685280368,0.008198538405088062,0.3085212707519531,0.02681246942270059,18.855242157543504,99.0433830918824,150,0.3085212707519531,249,0.3137245178222656,325,0.20981216430664062,81,0.04155731201171875,190,0.12010574340820312,10,0.00627899169921875,0,0.0,10,EPSG:32647,UNLABELED_DEPLOYMENT,0.3085212707519531,0.3137245178222656,2,Agricultural Land / Cropland,0.06390273361056752,0.7568135893428393,0.6941027910693428,0.12010574340820312,512,0.7568135893428393,0.32991790771484375,0.12638473510742188,D:\499_4\FINAL_INFERENCE\A7_RGBN_REVISED7_FULL_AOI\tiles_geotiff\tile_r04_c10_prediction.tif,4,1,Built-up & Impervious,512,512,tile_r04_c10,0.20981216430664062,523264,262144,0.6436424255371094,0.05484200571663678,0.04155731201171875,0.0011466487279843444,512
25.031661987304688,46.253204345703125,15.430831909179688,3.55377197265625,9.210968017578125,0.519561767578125,0.0,0.46253204345703125,0.00519561767578125,0.46311783080454916,0.2467300826101564,0.007801033512720157,0.2503166198730469,0.019806445694716242,18.85523818967302,99.05796436257695,192,0.2503166198730469,219,0.46253204345703125,301,0.15430831909179688,55,0.0355377197265625,186,0.09210968017578125,19,0.00519561767578125,0,0.0,11,EPSG:32647,UNLABELED_DEPLOYMENT,0.2503166198730469,0.46253204345703125,2,Agricultural Land / Cropland,0.05566597358121331,0.6975052446673412,0.6029038192733275,0.09210968017578125,512,0.6975052446673412,0.24641799926757812,0.0973052978515625,D:\499_4\FINAL_INFERENCE\A7_RGBN_REVISED7_FULL_AOI\tiles_geotiff\tile_r04_c11_prediction.tif,4,1,Built-up & Impervious,512,512,tile_r04_c11,0.15430831909179688,523264,262144,0.7089500427246094,0.0350285351742059,0.0355377197265625,0.00016626406555772993,512
32.469940185546875,34.636688232421875,18.9605712890625,0.7274627685546875,12.853240966796875,0.3520965576171875,0.0,0.34636688232421875,0.003520965576171875,0.44986047805286944,0.4131970324087888,0.007235353473581213,0.32469940185546875,0.02487081090998043,18.85523308005698,99.072545629105,168,0.32469940185546875,206,0.34636688232421875,301,0.189605712890625,31,0.007274627685546875,259,0.12853240966796875,15,0.003520965576171875,0,0.0,12,EPSG:32647,UNLABELED_DEPLOYMENT,0.32469940185546875,0.34636688232421875,2,Agricultural Land / Cropland,0.06132850721624266,0.70257874621462,0.6481570980786677,0.12853240966796875,512,0.70257874621462,0.31813812255859375,0.13205337524414062,D:\499_4\FINAL_INFERENCE\A7_RGBN_REVISED7_FULL_AOI\tiles_geotiff\tile_r04_c12_prediction.tif,4,1,Built-up & Impervious,512,512,tile_r04_c12,0.189605712890625,523264,262144,0.6645050048828125,0.009257345576770604,0.007274627685546875,0.00027901785714285713,512
38.26637268066406,26.996994018554688,19.106292724609375,1.551055908203125,13.30413818359375,0.775146484375,0.0,0.2699699401855469,0.00775146484375,0.4132308137486689,0.4960918511496857,0.006935313723091976,0.3826637268066406,0.02892230308219178,18.855226828696953,99.08712689041845,172,0.3826637268066406,168,0.2699699401855469,360,0.19106292724609375,10,0.01551055908203125,242,0.1330413818359375,29,0.00775146484375,0,0.0,13,EPSG:32647,UNLABELED_DEPLOYMENT,0.3826637268066406,0.3826637268066406,1,Built-up & Impervious,0.0604933647260274,0.723560700117078,0.6476193281897589,0.1330413818359375,512,0.723560700117078,0.32410430908203125,0.1407928466796875,D:\499_4\FINAL_INFERENCE\A7_RGBN_REVISED7_FULL_AOI\tiles_geotiff\tile_r04_c13_prediction.tif,4,2,Agricultural Land / Cropland,512,512,tile_r04_c13,0.19106292724609375,523264,262144,0.5940742492675781,0.020108156139031053,0.01551055908203125,0.000301950831702544,512
26.617050170898438,33.455657958984375,22.048568725585938,1.941680908203125,15.123367309570312,0.8136749267578125,0.0,0.33455657958984375,0.008136749267578125,0.3561963705578819,0.3957629145588726,0.004074425146771038,0.2661705017089844,0.022092098825831703,18.855219435594883,99.1017081454692,209,0.2661705017089844,154,0.33455657958984375,177,0.22048568725585938,38,0.01941680908203125,198,0.15123367309570312,21,0.008136749267578125,0,0.0,14,EPSG:32647,UNLABELED_DEPLOYMENT,0.2661705017089844,0.33455657958984375,2,Agricultural Land / Cropland,0.049053632583170255,0.7468690356994591,0.46773098167331145,0.15123367309570312,512,0.7468690356994591,0.3717193603515625,0.15937042236328125,D:\499_4\FINAL_INFERENCE\A7_RGBN_REVISED7_FULL_AOI\tiles_geotiff\tile_r04_c14_prediction.tif,4,1,Built-up & Impervious,512,512,tile_r04_c14,0.22048568725585938,523264,262144,0.7062759399414062,0.028870415408164263,0.01941680908203125,0.0030596410225048926,512
15.485000610351562,68.9056396484375,7.3028564453125,0.2674102783203125,7.627105712890625,0.4119873046875,0.0,0.689056396484375,0.004119873046875,0.4268015488050878,0.09247618925292045,0.010702054794520547,0.15485000610351562,0.012219453277886497,18.85521090075306,99.11628939320916,262,0.15485000610351562,196,0.689056396484375,181,0.073028564453125,31,0.002674102783203125,147,0.07627105712890625,16,0.004119873046875,0,0.0,15,EPSG:32647,UNLABELED_DEPLOYMENT,0.15485000610351562,0.689056396484375,2,Agricultural Land / Cropland,0.03765594422700587,0.49916255620199174,0.6145081109765984,0.07627105712890625,512,0.49916255620199174,0.14929962158203125,0.08039093017578125,D:\499_4\FINAL_INFERENCE\A7_RGBN_REVISED7_FULL_AOI\tiles_geotiff\tile_r04_c15_prediction.tif,4,1,Built-up & Impervious,512,512,tile_r04_c15,0.073028564453125,523264,262144,0.8383560180664062,0.0015969701344147325,0.002674102783203125,8.217649217221135e-05,512
17.600992335320473,54.515495982523056,7.348094938349317,1.5588551116377236,17.502869626393156,1.4736920057762801,0.0,0.5451549598252305,0.014736920057762802,0.3838107307778329,0.17496065473174116,0.011861093008099805,0.17600992335320473,0.01971883437296341,18.855205159116792,99.12514635803743,62,0.17600992335320473,34,0.5451549598252305,60,0.07348094938349317,24,0.015588551116377237,51,0.17502869626393155,25,0.014736920057762802,0,0.0,16,EPSG:32647,UNLABELED_DEPLOYMENT,0.17600992335320473,0.5451549598252305,2,Agricultural Land / Cropland,0.06378363280886323,0.6477190891241239,0.6413110909239985,0.17502869626393155,512,0.6477190891241239,0.24850964564742473,0.18976561632169436,D:\499_4\FINAL_INFERENCE\A7_RGBN_REVISED7_FULL_AOI\tiles_geotiff\tile_r04_c16_prediction.tif,4,1,Built-up & Impervious,512,110,tile_r04_c16,0.07348094938349317,107410,54014,0.7936646054726553,0.015495621256350697,0.015588551116377237,0.0008937715296527325,110
0.8081631397637795,0.03191129429133858,92.2124907726378,5.2223025344488185,1.6520823080708662,0.07304995078740158,0.0,0.0003191129429133858,0.0007304995078740158,1.0315812715365663e-05,0.030343155237396904,9.823334078108989e-05,0.008081631397637795,0.002168838072931514,18.841336950298643,98.8975788070981,36,0.008081631397637795,10,0.0003191129429133858,28,0.9221249077263781,41,0.05222302534448819,65,0.016520823080708662,7,0.0007304995078740158,0,0.0,0,EPSG:32647,UNLABELED_DEPLOYMENT,0.008081631397637795,0.9221249077263781,3,Tree / Woody Cover,0.012217530991655944,0.17652689750695144,0.3738081128730957,0.016520823080708662,512,0.17652689750695144,0.9386457308070868,0.01725132258858268,D:\499_4\FINAL_INFERENCE\A7_RGBN_REVISED7_FULL_AOI\tiles_geotiff\tile_r05_c00_prediction.tif,5,4,Water,512,512,tile_r05_c00,0.9221249077263781,519172,260096,0.9389648437500002,0.19607567915773652,0.05222302534448819,0.0059517847649719164,512
0.1811981201171875,0.008392333984375,97.5250244140625,0.556182861328125,1.71966552734375,0.0095367431640625,0.0,8.392333984375e-05,9.5367431640625e-05,6.082700565457344e-07,0.007193180499598384,0.0,0.001811981201171875,0.0006879892367906066,18.84134439400667,98.91215886309139,13,0.001811981201171875,1,8.392333984375e-05,6,0.975250244140625,25,0.00556182861328125,36,0.0171966552734375,2,9.5367431640625e-05,0,0.0,1,EPSG:32647,UNLABELED_DEPLOYMENT,0.001811981201171875,0.975250244140625,3,Tree / Woody Cover,0.005461870107632094,0.07004326032246454,0.3564869002395274,0.0171966552734375,512,0.07004326032246454,0.9924468994140625,0.017292022705078125,D:\499_4\FINAL_INFERENCE\A7_RGBN_REVISED7_FULL_AOI\tiles_geotiff\tile_r05_c01_prediction.tif,5,5,Grassland / Herbaceous Cover,512,512,tile_r05_c01,0.975250244140625,523264,262144,0.9925308227539062,0.022079278249293566,0.00556182861328125,0.0016970401174168297,512
0.0095367431640625,0.063323974609375,98.8037109375,0.595855712890625,0.5275726318359375,0.0,0.0,0.00063323974609375,0.0,2.4156179279088974e-07,0.0003789187758229673,0.0,9.5367431640625e-05,6.497676125244618e-05,18.841350696874922,98.92673892539686,3,9.5367431640625e-05,23,0.00063323974609375,7,0.988037109375,25,0.00595855712890625,41,0.005275726318359375,0,0.0,0,0.0,2,EPSG:32647,UNLABELED_DEPLOYMENT,9.5367431640625e-05,0.988037109375,3,Tree / Woody Cover,0.0039119832436399216,0.03886719381615049,0.5279332418818631,0.005275726318359375,512,0.03886719381615049,0.9933128356933594,0.005275726318359375,D:\499_4\FINAL_INFERENCE\A7_RGBN_REVISED7_FULL_AOI\tiles_geotiff\tile_r05_c02_prediction.tif,5,4,Water,512,512,tile_r05_c02,0.988037109375,523264,262144,0.9939460754394531,0.023674845113418996,0.00595855712890625,0.0016893957925636007,512
0.04730224609375,0.0,99.2889404296875,0.080108642578125,0.583648681640625,0.0,0.0,0.0,0.0,0.0,0.0018896791152656078,0.0,0.0004730224609375,0.0003707497553816047,18.841355858901455,98.94131899296679,18,0.0004730224609375,0,0.0,1,0.992889404296875,8,0.00080108642578125,24,0.00583648681640625,0,0.0,0,0.0,3,EPSG:32647,UNLABELED_DEPLOYMENT,0.0004730224609375,0.992889404296875,3,Tree / Woody Cover,0.002262720156555773,0.02386491226088571,0.5624732688774434,0.00583648681640625,512,0.02386491226088571,0.9987258911132812,0.00583648681640625,D:\499_4\FINAL_INFERENCE\A7_RGBN_REVISED7_FULL_AOI\tiles_geotiff\tile_r05_c03_prediction.tif,5,5,Grassland / Herbaceous Cover,512,512,tile_r05_c03,0.992889404296875,523264,262144,0.9987258911132812,0.0032002630177885294,0.00080108642578125,0.00035546110567514675,512
35.31761169433594,0.0644683837890625,50.92353820800781,10.198974609375,3.4358978271484375,0.05950927734375,0.0,0.000644683837890625,0.0005950927734375,0.0009107477380894125,0.7679381815250963,9.555406066536203e-05,0.3531761169433594,0.02678762536692759,18.84135988008466,98.95589906475345,121,0.3531761169433594,24,0.000644683837890625,165,0.5092353820800781,26,0.10198974609375,97,0.034358978271484375,7,0.0005950927734375,0,0.0,4,EPSG:32647,UNLABELED_DEPLOYMENT,0.3531761169433594,0.5092353820800781,3,Tree / Woody Cover,0.035402779476516634,0.5493797103708796,0.4954653160375883,0.034358978271484375,512,0.5493797103708796,0.5435943603515625,0.034954071044921875,D:\499_4\FINAL_INFERENCE\A7_RGBN_REVISED7_FULL_AOI\tiles_geotiff\tile_r05_c04_prediction.tif,5,1,Built-up & Impervious,512,512,tile_r05_c04,0.5092353820800781,523264,262144,0.5442390441894531,0.2217642031610012,0.10198974609375,0.0031628394080234832,512
72.56355285644531,0.084686279296875,19.604110717773438,0.10986328125,6.533050537109375,1.104736328125,0.0,0.00084686279296875,0.01104736328125,0.0024580549215897918,0.7586421128944494,6.11545988258317e-05,0.7256355285644531,0.03712466364970646,18.841362760423294,98.97047913970917,87,0.7256355285644531,5,0.00084686279296875,290,0.19604110717773438,5,0.0010986328125,190,0.06533050537109375,23,0.01104736328125,0,0.0,5,EPSG:32647,UNLABELED_DEPLOYMENT,0.7256355285644531,0.7256355285644531,1,Built-up & Impervious,0.0450288955479452,0.407852401554188,0.5379347443243921,0.06533050537109375,512,0.407852401554188,0.2613716125488281,0.07637786865234375,D:\499_4\FINAL_INFERENCE\A7_RGBN_REVISED7_FULL_AOI\tiles_geotiff\tile_r05_c05_prediction.tif,5,3,Tree / Woody Cover,512,512,tile_r05_c05,0.19604110717773438,523264,262144,0.2622184753417969,0.0011486057192087173,0.0010986328125,7.644324853228962e-05,512
73.49472045898438,0.800323486328125,15.16876220703125,3.3222198486328125,7.0892333984375,0.1247406005859375,0.0,0.00800323486328125,0.001247406005859375,0.02352782036177814,0.6543380660004914,0.0005370138209393347,0.7349472045898438,0.03232784980430528,18.84136449991646,98.98505921678624,67,0.7349472045898438,71,0.00800323486328125,324,0.1516876220703125,7,0.033222198486328125,155,0.070892333984375,15,0.001247406005859375,0,0.0,6,EPSG:32647,TRAIN14,0.7349472045898438,0.7349472045898438,1,Built-up & Impervious,0.043060481898238745,0.44201098271899064,0.5605159435585182,0.070892333984375,512,0.44201098271899064,0.2225799560546875,0.07213973999023438,D:\499_4\FINAL_INFERENCE\A7_RGBN_REVISED7_FULL_AOI\tiles_geotiff\tile_r05_c06_prediction.tif,5,3,Tree / Woody Cover,512,512,tile_r05_c06,0.1516876220703125,523264,262144,0.23058319091796875,0.02957838191650808,0.033222198486328125,0.0012460249510763209,512
63.21754455566406,0.64544677734375,26.857376098632812,0.4680633544921875,8.239364624023438,0.57220458984375,0.0,0.0064544677734375,0.0057220458984375,0.01632142416201532,0.8874919081572443,0.00025608488258317024,0.6321754455566406,0.030938493762230918,18.841365098563607,98.99963929493694,80,0.6321754455566406,51,0.0064544677734375,237,0.2685737609863281,14,0.004680633544921875,152,0.08239364624023438,23,0.0057220458984375,0,0.0,7,EPSG:32647,UNLABELED_DEPLOYMENT,0.6321754455566406,0.6321754455566406,1,Built-up & Impervious,0.04285408512720157,0.4809378144399745,0.5840545623643959,0.08239364624023438,512,0.4809378144399745,0.3509674072265625,0.08811569213867188,D:\499_4\FINAL_INFERENCE\A7_RGBN_REVISED7_FULL_AOI\tiles_geotiff\tile_r05_c07_prediction.tif,5,3,Tree / Woody Cover,512,512,tile_r05_c07,0.2685737609863281,523264,262144,0.357421875,0.006570999277755618,0.004680633544921875,0.0004854146281800391,512
63.436126708984375,5.4874420166015625,23.0316162109375,0.62103271484375,7.2174072265625,0.2063751220703125,0.0,0.054874420166015625,0.002063751220703125,0.13924082682933658,0.7675523534417152,0.0010358060176125245,0.6343612670898438,0.025684931506849314,18.84136455636457,99.01421937311356,77,0.6343612670898438,34,0.054874420166015625,191,0.230316162109375,7,0.0062103271484375,123,0.072174072265625,9,0.002063751220703125,0,0.0,8,EPSG:32647,UNLABELED_DEPLOYMENT,0.6343612670898438,0.6343612670898438,1,Built-up & Impervious,0.03800376100782779,0.5242893974566761,0.531339458969765,0.072174072265625,512,0.5242893974566761,0.302490234375,0.07423782348632812,D:\499_4\FINAL_INFERENCE\A7_RGBN_REVISED7_FULL_AOI\tiles_geotiff\tile_r05_c08_prediction.tif,5,3,Tree / Woody Cover,512,512,tile_r05_c08,0.230316162109375,523264,262144,0.3573646545410156,0.007514253258705139,0.0062103271484375,0.00023888515166340507,512
63.236236572265625,5.1258087158203125,13.845443725585938,0.6351470947265625,16.144180297851562,1.01318359375,0.0,0.051258087158203125,0.0101318359375,0.12965474103111774,0.7585723837837577,0.0027443126223091977,0.6323623657226562,0.028861148483365948,18.841362873319508,99.02879945026837,94,0.6323623657226562,124,0.051258087158203125,350,0.13845443725585938,9,0.006351470947265625,163,0.16144180297851562,29,0.0101318359375,0,0.0,9,EPSG:32647,UNLABELED_DEPLOYMENT,0.6323623657226562,0.6323623657226562,1,Built-up & Impervious,0.04905745474559687,0.5595882475588683,0.6203460659336797,0.16144180297851562,512,0.5595882475588683,0.299896240234375,0.17157363891601562,D:\499_4\FINAL_INFERENCE\A7_RGBN_REVISED7_FULL_AOI\tiles_geotiff\tile_r05_c09_prediction.tif,5,5,Grassland / Herbaceous Cover,512,512,tile_r05_c09,0.13845443725585938,523264,262144,0.3511543273925781,0.007619129028171301,0.006351470947265625,0.0003860384050880626,512
57.997894287109375,10.539627075195312,18.15185546875,0.1781463623046875,10.988616943359375,2.14385986328125,0.0,0.10539627075195312,0.0214385986328125,0.2445104707730934,0.6760344153735787,0.0036711870107632096,0.5799789428710938,0.029631314212328768,18.84136004942894,99.0433795253537,106,0.5799789428710938,75,0.10539627075195312,298,0.1815185546875,5,0.001781463623046875,217,0.10988616943359375,69,0.0214385986328125,0,0.0,10,EPSG:32647,TRAIN14,0.5799789428710938,0.5799789428710938,1,Built-up & Impervious,0.05110995596868884,0.616245228041244,0.6332898209261376,0.10988616943359375,512,0.616245228041244,0.29140472412109375,0.13132476806640625,D:\499_4\FINAL_INFERENCE\A7_RGBN_REVISED7_FULL_AOI\tiles_geotiff\tile_r05_c10_prediction.tif,5,3,Tree / Woody Cover,512,512,tile_r05_c10,0.1815185546875,523264,262144,0.3968009948730469,0.002076507662422955,0.001781463623046875,0.0001739083904109589,512
57.15217590332031,16.666412353515625,11.96441650390625,3.18145751953125,9.993362426757812,1.04217529296875,0.0,0.16666412353515625,0.0104217529296875,0.3810086922021583,0.5019739375566132,0.005391160102739726,0.5715217590332031,0.025262582558708415,18.84135608469375,99.05795959732183,132,0.5715217590332031,132,0.16666412353515625,348,0.1196441650390625,39,0.0318145751953125,190,0.09993362426757812,42,0.0104217529296875,0,0.0,11,EPSG:32647,UNLABELED_DEPLOYMENT,0.5715217590332031,0.5715217590332031,1,Built-up & Impervious,0.05201580846379648,0.6474210315041997,0.6281261892844848,0.09993362426757812,512,0.6474210315041997,0.21957778930664062,0.11035537719726562,D:\499_4\FINAL_INFERENCE\A7_RGBN_REVISED7_FULL_AOI\tiles_geotiff\tile_r05_c11_prediction.tif,5,2,Agricultural Land / Cropland,512,512,tile_r05_c11,0.1196441650390625,523264,262144,0.3862419128417969,0.027943096356466413,0.0318145751953125,0.0008083873532289628,512
44.643402099609375,10.253143310546875,28.183746337890625,2.26593017578125,13.106918334960938,1.5468597412109375,0.0,0.10253143310546875,0.015468597412109375,0.18309407983906567,0.7373422983800992,0.002992753180039139,0.44643402099609375,0.037489680161448144,18.84135097911516,99.07253966512502,162,0.44643402099609375,162,0.10253143310546875,293,0.28183746337890625,40,0.0226593017578125,254,0.13106918334960938,29,0.015468597412109375,0,0.0,12,EPSG:32647,UNLABELED_DEPLOYMENT,0.44643402099609375,0.44643402099609375,1,Built-up & Impervious,0.06818355552837574,0.7025617673540827,0.602319572927933,0.13106918334960938,512,0.7025617673540827,0.4129066467285156,0.14653778076171875,D:\499_4\FINAL_INFERENCE\A7_RGBN_REVISED7_FULL_AOI\tiles_geotiff\tile_r05_c12_prediction.tif,5,3,Tree / Woody Cover,512,512,tile_r05_c12,0.28183746337890625,523264,262144,0.5154380798339844,0.037424705224111676,0.0226593017578125,0.0016377965998043054,512
38.15460205078125,35.62049865722656,16.284942626953125,0.71868896484375,8.76922607421875,0.4520416259765625,0.0,0.3562049865722656,0.004520416259765625,0.543634380446747,0.38237273460254073,0.008682041952054794,0.3815460205078125,0.02624296722113503,18.84134473269476,99.0871197277156,135,0.3815460205078125,189,0.3562049865722656,307,0.16284942626953125,19,0.0071868896484375,260,0.0876922607421875,23,0.004520416259765625,0,0.0,13,EPSG:32647,UNLABELED_DEPLOYMENT,0.3815460205078125,0.3815460205078125,1,Built-up & Impervious,0.057095462328767124,0.6702233631785479,0.6326924830113901,0.0876922607421875,512,0.6702233631785479,0.25054168701171875,0.09221267700195312,D:\499_4\FINAL_INFERENCE\A7_RGBN_REVISED7_FULL_AOI\tiles_geotiff\tile_r05_c13_prediction.tif,5,2,Agricultural Land / Cropland,512,512,tile_r05_c13,0.16284942626953125,523264,262144,0.6067466735839844,0.007202461827546358,0.0071868896484375,0.0004185267857142857,512
30.32073974609375,34.14573669433594,14.868545532226562,1.213836669921875,17.120361328125,2.330780029296875,0.0,0.3414573669433594,0.02330780029296875,0.4141295982990414,0.38797092786990106,0.013276281188845402,0.3032073974609375,0.028413955479452056,18.841337345434486,99.10169978404586,362,0.3032073974609375,362,0.3414573669433594,310,0.14868545532226562,11,0.01213836669921875,324,0.17120361328125,72,0.02330780029296875,0,0.0,14,EPSG:32647,TRAIN14,0.3032073974609375,0.3414573669433594,2,Agricultural Land / Cropland,0.07054947407045009,0.747946517281666,0.7847053099303877,0.17120361328125,512,0.747946517281666,0.3198890686035156,0.19451141357421875,D:\499_4\FINAL_INFERENCE\A7_RGBN_REVISED7_FULL_AOI\tiles_geotiff\tile_r05_c14_prediction.tif,5,1,Built-up & Impervious,512,512,tile_r05_c14,0.14868545532226562,523264,262144,0.661346435546875,0.015531723271124065,0.01213836669921875,0.0007529659980430528,512
23.516082763671875,46.038055419921875,7.3680877685546875,1.201629638671875,18.26019287109375,3.6159515380859375,0.0,0.46038055419921875,0.036159515380859375,0.43305388861335814,0.2410707074450329,0.012607402764187868,0.23516082763671875,0.022013744496086105,18.84132881733662,99.11627983306808,300,0.23516082763671875,276,0.46038055419921875,265,0.07368087768554688,45,0.01201629638671875,258,0.1826019287109375,85,0.036159515380859375,0,0.0,15,EPSG:32647,UNLABELED_DEPLOYMENT,0.23516082763671875,0.46038055419921875,2,Agricultural Land / Cropland,0.061823477250489235,0.7057614083512126,0.602043438835508,0.1826019287109375,512,0.7057614083512126,0.2562828063964844,0.21876144409179688,D:\499_4\FINAL_INFERENCE\A7_RGBN_REVISED7_FULL_AOI\tiles_geotiff\tile_r05_c15_prediction.tif,5,1,Built-up & Impervious,512,512,tile_r05_c15,0.07368087768554688,523264,262144,0.7166633605957031,0.012318280641920865,0.01201629638671875,0.00020830785225048923,512
25.16583136792453,47.505159198113205,14.779260023584905,0.5767246462264151,11.794295400943396,0.17872936320754718,0.0,0.47505159198113206,0.0017872936320754717,0.4782027301944503,0.26749824586395016,0.01227693048940941,0.2516583136792453,0.026286529659210942,18.84132308023721,99.1251360697705,67,0.2516583136792453,54,0.47505159198113206,97,0.14779260023584906,28,0.005767246462264151,67,0.11794295400943396,8,0.0017872936320754717,0,0.0,16,EPSG:32647,UNLABELED_DEPLOYMENT,0.2516583136792453,0.47505159198113206,2,Agricultural Land / Cropland,0.068963919722773,0.656005241867873,0.6343156025678008,0.11794295400943396,512,0.656005241867873,0.265735554245283,0.11973024764150943,D:\499_4\FINAL_INFERENCE\A7_RGBN_REVISED7_FULL_AOI\tiles_geotiff\tile_r05_c16_prediction.tif,5,1,Built-up & Impervious,512,110,tile_r05_c16,0.14779260023584906,107926,54272,0.7407871462264152,0.006130249740475647,0.005767246462264151,0.000435483572077164,110
0.0,0.00807394192913386,99.50864296259843,0.07881705216535433,0.4025436761811023,0.001922367125984252,0.0,8.07394192913386e-05,1.922367125984252e-05,0.0,0.0,0.0,0.0,0.0,18.827454839786714,98.8975872204732,0,0.0,7,8.07394192913386e-05,1,0.9950864296259843,16,0.0007881705216535432,9,0.004025436761811023,1,1.922367125984252e-05,0,0.0,0,EPSG:32647,UNLABELED_DEPLOYMENT,0.0,0.9950864296259843,3,Tree / Woody Cover,0.0015235798540753354,0.017320443709855762,0.4151711377121958,0.004025436761811023,512,0.017320443709855762,0.9991118663877953,0.004044660433070866,D:\499_4\FINAL_INFERENCE\A7_RGBN_REVISED7_FULL_AOI\tiles_geotiff\tile_r06_c00_prediction.tif,6,5,Grassland / Herbaceous Cover,512,512,tile_r06_c00,0.9950864296259843,519172,260096,0.9991926058070866,0.003149882083684455,0.0007881705216535432,0.0005123542872111747,512
0.0049591064453125,0.1331329345703125,98.99940490722656,0.290679931640625,0.5718231201171875,0.0,0.0,0.001331329345703125,0.0,2.6408815756440163e-07,0.00019751372747123241,0.0,4.9591064453125e-05,4.204378669275929e-05,18.82746227760924,98.91216607879382,2,4.9591064453125e-05,11,0.001331329345703125,3,0.9899940490722656,14,0.00290679931640625,21,0.005718231201171875,0,0.0,0,0.0,1,EPSG:32647,VAL4,4.9591064453125e-05,0.9899940490722656,3,Tree / Woody Cover,0.002889554794520548,0.033799093777153226,0.434275940374795,0.005718231201171875,512,0.033799093777153226,0.9957122802734375,0.005718231201171875,D:\499_4\FINAL_INFERENCE\A7_RGBN_REVISED7_FULL_AOI\tiles_geotiff\tile_r06_c01_prediction.tif,6,5,Grassland / Herbaceous Cover,512,512,tile_r06_c01,0.9899940490722656,523264,262144,0.9970436096191406,0.011577343102544546,0.00290679931640625,0.001016695205479452,512
0.0244140625,0.0453948974609375,98.69651794433594,0.0942230224609375,1.1394500732421875,0.0,0.0,0.000453948974609375,0.0,4.4330954551696777e-07,0.0009749606251716614,0.0,0.000244140625,8.408757338551859e-05,18.82746857549402,98.92674494342423,1,0.000244140625,39,0.000453948974609375,3,0.9869651794433594,10,0.000942230224609375,69,0.011394500732421875,0,0.0,0,0.0,2,EPSG:32647,UNLABELED_DEPLOYMENT,0.000244140625,0.9869651794433594,3,Tree / Woody Cover,0.004240689212328767,0.03906930621387552,0.43859401054107827,0.011394500732421875,512,0.03906930621387552,0.9983596801757812,0.011394500732421875,D:\499_4\FINAL_INFERENCE\A7_RGBN_REVISED7_FULL_AOI\tiles_geotiff\tile_r06_c02_prediction.tif,6,5,Grassland / Herbaceous Cover,512,512,tile_r06_c02,0.9869651794433594,523264,262144,0.9988136291503906,0.0037627386627718806,0.000942230224609375,0.00047777030332681015,512
0.31585693359375,0.0,98.44894409179688,0.0,1.233673095703125,0.00152587890625,0.0,0.0,1.52587890625e-05,0.0,0.012594178318977356,0.0,0.0031585693359375,0.000984206824853229,18.827473733439106,98.9413238133171,17,0.0031585693359375,0,0.0,2,0.9844894409179688,0,0.0,64,0.01233673095703125,1,1.52587890625e-05,0,0.0,3,EPSG:32647,UNLABELED_DEPLOYMENT,0.0031585693359375,0.9844894409179688,3,Tree / Woody Cover,0.004506329500978474,0.04520601506816277,0.39924294480471556,0.01233673095703125,512,0.04520601506816277,0.996826171875,0.01235198974609375,D:\499_4\FINAL_INFERENCE\A7_RGBN_REVISED7_FULL_AOI\tiles_geotiff\tile_r06_c03_prediction.tif,6,5,Grassland / Herbaceous Cover,512,512,tile_r06_c03,0.9844894409179688,523264,262144,0.996826171875,0.0,0.0,0.0,512
36.48338317871094,1.0105133056640625,50.4852294921875,4.653167724609375,6.1115264892578125,1.2561798095703125,0.0,0.010105133056640625,0.012561798095703125,0.014746777655091137,0.8259364540572278,0.00020066352739726026,0.3648338317871094,0.027097220523483366,18.827477751442895,98.95590268742512,128,0.3648338317871094,44,0.010105133056640625,141,0.504852294921875,16,0.04653167724609375,177,0.061115264892578125,46,0.012561798095703125,0,0.0,4,EPSG:32647,UNLABELED_DEPLOYMENT,0.3648338317871094,0.504852294921875,3,Tree / Woody Cover,0.041692147749510765,0.5796263037731205,0.41015920561423025,0.061115264892578125,512,0.5796263037731205,0.5659675598144531,0.07367706298828125,D:\499_4\FINAL_INFERENCE\A7_RGBN_REVISED7_FULL_AOI\tiles_geotiff\tile_r06_c04_prediction.tif,6,1,Built-up & Impervious,512,512,tile_r06_c04,0.504852294921875,523264,262144,0.5760726928710938,0.10534167930018157,0.04653167724609375,0.0012536692759295498,512
28.492355346679688,0.7598876953125,27.619552612304688,17.718887329101562,25.001907348632812,0.40740966796875,0.0,0.007598876953125,0.0040740966796875,0.008660396095365286,0.5997237344272435,0.0014772657778864971,0.2849235534667969,0.022812576443248533,18.827480629504134,98.970481564701,257,0.2849235534667969,215,0.007598876953125,212,0.2761955261230469,43,0.17718887329101562,101,0.2500190734863281,42,0.0040740966796875,0,0.0,5,EPSG:32647,UNLABELED_DEPLOYMENT,0.2849235534667969,0.2849235534667969,1,Built-up & Impervious,0.0532102342221135,0.732722068865814,0.6146578781378079,0.2500190734863281,512,0.732722068865814,0.526214599609375,0.2540931701660156,D:\499_4\FINAL_INFERENCE\A7_RGBN_REVISED7_FULL_AOI\tiles_geotiff\tile_r06_c05_prediction.tif,6,3,Tree / Woody Cover,512,512,tile_r06_c05,0.2761955261230469,523264,262144,0.5338134765625,0.37295748805627227,0.17718887329101562,0.00421775623776908,512
70.82252502441406,4.094696044921875,14.780807495117188,0.754547119140625,9.131240844726562,0.4161834716796875,0.0,0.04094696044921875,0.004161834716796875,0.11599868524353951,0.6774046567734331,0.00119824792074364,0.7082252502441406,0.029522382583170255,18.827482367621936,98.98506044409743,74,0.7082252502441406,29,0.04094696044921875,266,0.14780807495117188,7,0.00754547119140625,154,0.09131240844726562,24,0.004161834716796875,0,0.0,6,EPSG:32647,UNLABELED_DEPLOYMENT,0.7082252502441406,0.7082252502441406,1,Built-up & Impervious,0.039826932485322895,0.4810111038937952,0.4992856329221373,0.09131240844726562,512,0.4810111038937952,0.2391204833984375,0.0954742431640625,D:\499_4\FINAL_INFERENCE\A7_RGBN_REVISED7_FULL_AOI\tiles_geotiff\tile_r06_c06_prediction.tif,6,3,Tree / Woody Cover,512,512,tile_r06_c06,0.14780807495117188,523264,262144,0.28006744384765625,0.0072171068750321865,0.00754547119140625,0.0002675513698630137,512
63.0828857421875,2.9529571533203125,20.092010498046875,3.891754150390625,9.806060791015625,0.1743316650390625,0.0,0.029529571533203125,0.001743316650390625,0.07451242348179221,0.7544226460158825,0.0008867416829745596,0.630828857421875,0.033193569593933464,18.827482965795756,98.99963932456707,136,0.630828857421875,106,0.029529571533203125,343,0.20092010498046875,11,0.03891754150390625,168,0.09806060791015625,8,0.001743316650390625,0,0.0,7,EPSG:32647,UNLABELED_DEPLOYMENT,0.630828857421875,0.630828857421875,1,Built-up & Impervious,0.05046974376223092,0.5561517034802944,0.505007518245597,0.09806060791015625,512,0.5561517034802944,0.298980712890625,0.09980392456054688,D:\499_4\FINAL_INFERENCE\A7_RGBN_REVISED7_FULL_AOI\tiles_geotiff\tile_r06_c07_prediction.tif,6,3,Tree / Woody Cover,512,512,tile_r06_c07,0.20092010498046875,523264,262144,0.3285102844238281,0.04654237721115351,0.03891754150390625,0.0018040606653620351,512
68.65653991699219,1.5533447265625,22.522735595703125,0.981903076171875,5.9871673583984375,0.298309326171875,0.0,0.015533447265625,0.00298309326171875,0.04265890968963504,0.782956516079139,0.00031723948140900194,0.6865653991699219,0.029180299045988258,18.82748242402542,99.01421820506262,79,0.6865653991699219,25,0.015533447265625,220,0.22522735595703125,14,0.00981903076171875,95,0.059871673583984375,12,0.00298309326171875,0,0.0,8,EPSG:32647,UNLABELED_DEPLOYMENT,0.6865653991699219,0.6865653991699219,1,Built-up & Impervious,0.035286203522504896,0.4573325816463413,0.37379458677147775,0.059871673583984375,512,0.4573325816463413,0.2850990295410156,0.06285476684570312,D:\499_4\FINAL_INFERENCE\A7_RGBN_REVISED7_FULL_AOI\tiles_geotiff\tile_r06_c08_prediction.tif,6,3,Tree / Woody Cover,512,512,tile_r06_c08,0.22522735595703125,523264,262144,0.3006324768066406,0.01119758456479758,0.00981903076171875,0.001016695205479452,512
83.67958068847656,3.327178955078125,7.0323944091796875,2.367401123046875,2.286529541015625,1.306915283203125,0.0,0.03327178955078125,0.01306915283203125,0.11136677593458444,0.31192145944805816,0.001588108488258317,0.8367958068847656,0.017014356042074363,18.827480742311085,99.02879708453678,54,0.8367958068847656,44,0.03327178955078125,272,0.07032394409179688,16,0.02367401123046875,103,0.02286529541015625,24,0.01306915283203125,0,0.0,9,EPSG:32647,UNLABELED_DEPLOYMENT,0.8367958068847656,0.8367958068847656,1,Built-up & Impervious,0.027120153498043052,0.34981215311221064,0.5179599820224093,0.02286529541015625,512,0.34981215311221064,0.09318923950195312,0.0359344482421875,D:\499_4\FINAL_INFERENCE\A7_RGBN_REVISED7_FULL_AOI\tiles_geotiff\tile_r06_c09_prediction.tif,6,3,Tree / Woody Cover,512,512,tile_r06_c09,0.07032394409179688,523264,262144,0.12646102905273438,0.008824652410112321,0.02367401123046875,0.000452926247553816,512
70.05233764648438,4.6367645263671875,14.525985717773438,0.1667022705078125,9.076690673828125,1.5415191650390625,0.0,0.046367645263671875,0.015415191650390625,0.12992647767532617,0.6613690623780712,0.0021480552837573386,0.7005233764648438,0.031406708659491196,18.82747792065328,99.0433759619422,86,0.7005233764648438,42,0.046367645263671875,348,0.14525985717773438,5,0.001667022705078125,138,0.09076690673828125,23,0.015415191650390625,0,0.0,10,EPSG:32647,UNLABELED_DEPLOYMENT,0.7005233764648438,0.7005233764648438,1,Built-up & Impervious,0.04661891511741683,0.49578393453646313,0.5732036084719061,0.09076690673828125,512,0.49578393453646313,0.23602676391601562,0.10618209838867188,D:\499_4\FINAL_INFERENCE\A7_RGBN_REVISED7_FULL_AOI\tiles_geotiff\tile_r06_c10_prediction.tif,6,3,Tree / Woody Cover,512,512,tile_r06_c10,0.14525985717773438,523264,262144,0.2823944091796875,0.0015738478978164494,0.001667022705078125,7.835432974559686e-05,512
52.58636474609375,20.4132080078125,15.147018432617188,0.8533477783203125,10.041046142578125,0.959014892578125,0.0,0.204132080078125,0.00959014892578125,0.42938256077468395,0.5298195003997535,0.0042655332681017614,0.5258636474609375,0.02714881971624266,18.827473959052877,99.05795483623162,108,0.5258636474609375,89,0.204132080078125,278,0.15147018432617188,12,0.008533477783203125,186,0.10041046142578125,50,0.00959014892578125,0,0.0,11,EPSG:32647,UNLABELED_DEPLOYMENT,0.5258636474609375,0.5258636474609375,1,Built-up & Impervious,0.04905554366438356,0.6496867874980167,0.596303889745087,0.10041046142578125,512,0.6496867874980167,0.2518806457519531,0.1100006103515625,D:\499_4\FINAL_INFERENCE\A7_RGBN_REVISED7_FULL_AOI\tiles_geotiff\tile_r06_c11_prediction.tif,6,2,Agricultural Land / Cropland,512,512,tile_r06_c11,0.15147018432617188,523264,262144,0.4560127258300781,0.008597671578172594,0.008533477783203125,0.00026564028864970644,512
44.86961364746094,28.791427612304688,8.720016479492188,0.305938720703125,13.823318481445312,3.48968505859375,0.0,0.2879142761230469,0.0348968505859375,0.51674409332918,0.4046042920090258,0.007774278375733855,0.4486961364746094,0.02422486545988258,18.827468857511104,99.07253370635767,134,0.4486961364746094,123,0.2879142761230469,316,0.08720016479492188,15,0.00305938720703125,223,0.13823318481445312,119,0.0348968505859375,0,0.0,12,EPSG:32647,UNLABELED_DEPLOYMENT,0.4486961364746094,0.4486961364746094,1,Built-up & Impervious,0.052596777152641876,0.6881817409845479,0.717454493484853,0.13823318481445312,512,0.6881817409845479,0.225433349609375,0.17313003540039062,D:\499_4\FINAL_INFERENCE\A7_RGBN_REVISED7_FULL_AOI\tiles_geotiff\tile_r06_c12_prediction.tif,6,2,Agricultural Land / Cropland,512,512,tile_r06_c12,0.08720016479492188,523264,262144,0.5133476257324219,0.0027587516233325005,0.00305938720703125,0.00010128730430528375,512
41.42646789550781,26.93939208984375,9.893798828125,2.716827392578125,15.957260131835938,3.066253662109375,0.0,0.2693939208984375,0.03066253662109375,0.4464015446137637,0.42836722562788054,0.008861683586105675,0.4142646789550781,0.024849789016634052,18.827462616029543,99.08711257127308,218,0.4142646789550781,220,0.2693939208984375,315,0.09893798828125,27,0.02716827392578125,218,0.15957260131835938,110,0.03066253662109375,0,0.0,13,EPSG:32647,UNLABELED_DEPLOYMENT,0.4142646789550781,0.4142646789550781,1,Built-up & Impervious,0.06281915056262231,0.7425521278037114,0.6664979082186473,0.15957260131835938,512,0.7425521278037114,0.2585105895996094,0.19023513793945312,D:\499_4\FINAL_INFERENCE\A7_RGBN_REVISED7_FULL_AOI\tiles_geotiff\tile_r06_c13_prediction.tif,6,2,Agricultural Land / Cropland,512,512,tile_r06_c13,0.09893798828125,523264,262144,0.5279045104980469,0.02809314604382962,0.02716827392578125,0.0006440343688845401,512
20.260238647460938,41.538238525390625,14.933395385742188,2.4379730224609375,19.816970825195312,1.01318359375,0.0,0.41538238525390625,0.0101318359375,0.336629850207828,0.28162028500810266,0.0071417104941291585,0.20260238647460938,0.021337221746575343,18.827455234610134,99.10169142993054,198,0.20260238647460938,237,0.41538238525390625,272,0.14933395385742188,36,0.024379730224609375,235,0.19816970825195312,36,0.0101318359375,0,0.0,14,EPSG:32647,UNLABELED_DEPLOYMENT,0.20260238647460938,0.41538238525390625,2,Agricultural Land / Cropland,0.05824402213796478,0.7349766693745119,0.6782811055232097,0.19816970825195312,512,0.7349766693745119,0.347503662109375,0.20830154418945312,D:\499_4\FINAL_INFERENCE\A7_RGBN_REVISED7_FULL_AOI\tiles_geotiff\tile_r06_c14_prediction.tif,6,1,Built-up & Impervious,512,512,tile_r06_c14,0.14933395385742188,523264,262144,0.7628860473632812,0.03388818213716149,0.024379730224609375,0.00136451198630137,512
9.868240356445312,80.88722229003906,3.62701416015625,0.5802154541015625,4.821014404296875,0.2162933349609375,0.0,0.8088722229003906,0.002162933349609375,0.3192858205293305,0.033346870564855635,0.008735552226027397,0.09868240356445312,0.0076462359344422704,18.827446713255164,99.11627028128274,150,0.09868240356445312,130,0.8088722229003906,163,0.0362701416015625,19,0.005802154541015625,192,0.04821014404296875,15,0.002162933349609375,0,0.0,15,EPSG:32647,UNLABELED_DEPLOYMENT,0.09868240356445312,0.8088722229003906,2,Agricultural Land / Cropland,0.031185023238747552,0.36473375049844586,0.5519516026459835,0.04821014404296875,512,0.36473375049844586,0.08448028564453125,0.050373077392578125,D:\499_4\FINAL_INFERENCE\A7_RGBN_REVISED7_FULL_AOI\tiles_geotiff\tile_r06_c15_prediction.tif,6,1,Built-up & Impervious,512,512,tile_r06_c15,0.0362701416015625,523264,262144,0.8933525085449219,0.0019606706919148564,0.005802154541015625,0.0003707497553816047,512
33.69324882075472,30.43189858490566,22.543853183962266,3.3719044811320757,9.518720518867925,0.44037441037735847,0.0,0.3043189858490566,0.004403744103773585,0.4101398124436799,0.4321169094412979,0.005753942516168486,0.3369324882075472,0.03036339714248652,18.827440980691886,99.12512579049567,32,0.3369324882075472,64,0.3043189858490566,71,0.22543853183962267,24,0.03371904481132076,46,0.09518720518867925,2,0.004403744103773585,0,0.0,16,EPSG:32647,UNLABELED_DEPLOYMENT,0.3369324882075472,0.3369324882075472,1,Built-up & Impervious,0.06411800678242499,0.7330654913618938,0.4222676854449088,0.09518720518867925,512,0.7330654913618938,0.32062573702830194,0.09959094929245284,D:\499_4\FINAL_INFERENCE\A7_RGBN_REVISED7_FULL_AOI\tiles_geotiff\tile_r06_c16_prediction.tif,6,2,Agricultural Land / Cropland,512,110,tile_r06_c16,0.22543853183962267,107926,54272,0.6249447228773586,0.043244774378080234,0.03371904481132076,0.00032429627707873914,110
0.15609621062992127,0.03806286909448819,99.21182947834646,0.21953432578740156,0.3679410679133858,0.006536048228346457,0.0,0.00038062869094488186,6.536048228346457e-05,2.376587852540939e-06,0.006217609935067283,0.0,0.0015609621062992126,0.0004102686585563166,18.813572708623703,98.89759562649122,7,0.0015609621062992126,7,0.00038062869094488186,3,0.9921182947834646,12,0.0021953432578740158,11,0.0036794106791338582,4,6.536048228346457e-05,0,0.0,0,EPSG:32647,UNLABELED_DEPLOYMENT,0.0015609621062992126,0.9921182947834646,3,Tree / Woody Cover,0.002086013883645497,0.028586449696672334,0.4123512103098051,0.0036794106791338582,512,0.028586449696672334,0.9957977054625985,0.0037447711614173227,D:\499_4\FINAL_INFERENCE\A7_RGBN_REVISED7_FULL_AOI\tiles_geotiff\tile_r07_c00_prediction.tif,7,5,Grassland / Herbaceous Cover,512,512,tile_r07_c00,0.9921182947834646,519172,260096,0.9961783341535434,0.008744471115574921,0.0021953432578740158,0.0005489510220119729,512
0.2197265625,0.0274658203125,99.39117431640625,0.23345947265625,0.128173828125,0.0,0.0,0.000274658203125,0.0,2.4139881134033203e-06,0.008746817708015442,0.0,0.002197265625,0.0005274584148727984,18.81358014056167,98.91217328818647,6,0.002197265625,16,0.000274658203125,1,0.9939117431640625,19,0.0023345947265625,26,0.00128173828125,0,0.0,0,0.0,1,EPSG:32647,UNLABELED_DEPLOYMENT,0.002197265625,0.9939117431640625,3,Tree / Woody Cover,0.0022932974559686887,0.02284461544611713,0.4744485294117647,0.00128173828125,512,0.02284461544611713,0.9951934814453125,0.00128173828125,D:\499_4\FINAL_INFERENCE\A7_RGBN_REVISED7_FULL_AOI\tiles_geotiff\tile_r07_c01_prediction.tif,7,4,Water,512,512,tile_r07_c01,0.9939117431640625,523264,262144,0.9954681396484375,0.009293493814766407,0.0023345947265625,0.0009440741193737769,512
0.0,0.014495849609375,99.34730529785156,0.1369476318359375,0.501251220703125,0.0,0.0,0.00014495849609375,0.0,0.0,0.0,0.0,0.0,0.0,18.813586433463765,98.92675095618912,0,0.0,15,0.00014495849609375,4,0.9934730529785156,7,0.001369476318359375,54,0.00501251220703125,0,0.0,0,0.0,2,EPSG:32647,UNLABELED_DEPLOYMENT,0.0,0.9934730529785156,3,Tree / Woody Cover,0.0026888912671232876,0.022283482587915616,0.5249324175536869,0.00501251220703125,512,0.022283482587915616,0.9984855651855469,0.00501251220703125,D:\499_4\FINAL_INFERENCE\A7_RGBN_REVISED7_FULL_AOI\tiles_geotiff\tile_r07_c02_prediction.tif,7,5,Grassland / Herbaceous Cover,512,512,tile_r07_c02,0.9934730529785156,523264,262144,0.9986305236816406,0.00546960934298113,0.001369476318359375,0.0004510151663405088,512
4.6253204345703125,0.0110626220703125,92.45643615722656,0.1804351806640625,2.619171142578125,0.107574462890625,0.0,0.000110626220703125,0.00107574462890625,2.0467268768697977e-05,0.1759020597091876,0.0,0.046253204345703125,0.010121086105675147,18.81359158732805,98.94132862945226,123,0.046253204345703125,3,0.000110626220703125,10,0.9245643615722656,4,0.001804351806640625,108,0.02619171142578125,4,0.00107574462890625,0,0.0,3,EPSG:32647,UNLABELED_DEPLOYMENT,0.046253204345703125,0.9245643615722656,3,Tree / Woody Cover,0.016087481653620353,0.16950352758133727,0.39884985679211366,0.02619171142578125,512,0.16950352758133727,0.9507560729980469,0.0272674560546875,D:\499_4\FINAL_INFERENCE\A7_RGBN_REVISED7_FULL_AOI\tiles_geotiff\tile_r07_c03_prediction.tif,7,1,Built-up & Impervious,512,512,tile_r07_c03,0.9245643615722656,523264,262144,0.95086669921875,0.006861993751954287,0.001804351806640625,0.00030768407534246574,512
48.442840576171875,0.5619049072265625,42.34809875488281,2.4078369140625,6.212615966796875,0.026702880859375,0.0,0.005619049072265625,0.00026702880859375,0.010888107935898006,0.9409675846109167,8.982081702544031e-05,0.48442840576171875,0.03605636925146771,18.813595602152922,98.95590630692895,165,0.48442840576171875,24,0.005619049072265625,175,0.4234809875488281,16,0.024078369140625,170,0.06212615966796875,7,0.00026702880859375,0,0.0,4,EPSG:32647,UNLABELED_DEPLOYMENT,0.48442840576171875,0.48442840576171875,1,Built-up & Impervious,0.0485643957925636,0.5183403715868353,0.3637230789585404,0.06212615966796875,512,0.5183403715868353,0.4856071472167969,0.0623931884765625,D:\499_4\FINAL_INFERENCE\A7_RGBN_REVISED7_FULL_AOI\tiles_geotiff\tile_r07_c04_prediction.tif,7,3,Tree / Woody Cover,512,512,tile_r07_c04,0.4234809875488281,523264,262144,0.4912261962890625,0.04677051259204745,0.024078369140625,0.0017085066046966732,512
78.91654968261719,0.6328582763671875,17.694473266601562,0.687408447265625,1.8642425537109375,0.2044677734375,0.0,0.006328582763671875,0.002044677734375,0.019977196643594652,0.6174025475047529,0.00014333109099804304,0.7891654968261719,0.028828660102739725,18.81359847793713,98.97048398757231,57,0.7891654968261719,25,0.006328582763671875,276,0.17694473266601562,9,0.00687408447265625,91,0.018642425537109375,11,0.002044677734375,0,0.0,5,EPSG:32647,UNLABELED_DEPLOYMENT,0.7891654968261719,0.7891654968261719,1,Built-up & Impervious,0.034061200464774954,0.33222805838862723,0.49164320402594025,0.018642425537109375,512,0.33222805838862723,0.195587158203125,0.020687103271484375,D:\499_4\FINAL_INFERENCE\A7_RGBN_REVISED7_FULL_AOI\tiles_geotiff\tile_r07_c05_prediction.tif,7,3,Tree / Woody Cover,512,512,tile_r07_c05,0.17694473266601562,523264,262144,0.20191574096679688,0.005377930589020252,0.00687408447265625,0.0005217251712328767,512
84.31816101074219,0.0308990478515625,9.19342041015625,0.2655029296875,5.43670654296875,0.75531005859375,0.0,0.000308990478515625,0.0075531005859375,0.0010421403567306697,0.4934341600164771,5.733243639921722e-05,0.8431816101074219,0.023921003546966732,18.813600214679788,98.98506167033538,69,0.8431816101074219,8,0.000308990478515625,227,0.0919342041015625,6,0.002655029296875,97,0.0543670654296875,53,0.0075531005859375,0,0.0,6,EPSG:32647,UNLABELED_DEPLOYMENT,0.8431816101074219,0.8431816101074219,1,Built-up & Impervious,0.028534353595890412,0.2963684601703456,0.4654585444963029,0.0543670654296875,512,0.2963684601703456,0.14630126953125,0.061920166015625,D:\499_4\FINAL_INFERENCE\A7_RGBN_REVISED7_FULL_AOI\tiles_geotiff\tile_r07_c06_prediction.tif,7,3,Tree / Woody Cover,512,512,tile_r07_c06,0.0919342041015625,523264,262144,0.14661026000976562,0.0015537366271018982,0.002655029296875,0.00014715325342465753,512
77.36129760742188,0.734710693359375,9.407806396484375,3.8295745849609375,8.429718017578125,0.2368927001953125,0.0,0.00734710693359375,0.002368927001953125,0.022735269041731954,0.551973613910377,0.0009555406066536203,0.7736129760742188,0.022697911570450098,18.813600812380358,98.9996393541713,89,0.7736129760742188,149,0.00734710693359375,248,0.09407806396484375,5,0.038295745849609375,114,0.08429718017578125,26,0.002368927001953125,0,0.0,7,EPSG:32647,UNLABELED_DEPLOYMENT,0.7736129760742188,0.7736129760742188,1,Built-up & Impervious,0.033495520425636006,0.4135843320748502,0.5320024860653915,0.08429718017578125,512,0.4135843320748502,0.178375244140625,0.08666610717773438,D:\499_4\FINAL_INFERENCE\A7_RGBN_REVISED7_FULL_AOI\tiles_geotiff\tile_r07_c07_prediction.tif,7,3,Tree / Woody Cover,512,512,tile_r07_c07,0.09407806396484375,523264,262144,0.18572235107421875,0.027324052061885595,0.038295745849609375,0.0005351027397260274,512
73.8494873046875,5.3943634033203125,13.315200805664062,0.43182373046875,6.66656494140625,0.342559814453125,0.0,0.053943634033203125,0.00342559814453125,0.1593483886681497,0.5902572623454034,0.0017811276908023482,0.738494873046875,0.02047341303816047,18.813600271038652,99.0142170380331,64,0.738494873046875,56,0.053943634033203125,179,0.13315200805664062,18,0.0043182373046875,96,0.0666656494140625,19,0.00342559814453125,0,0.0,8,EPSG:32647,UNLABELED_DEPLOYMENT,0.738494873046875,0.738494873046875,1,Built-up & Impervious,0.031280577299412915,0.44880586892054203,0.49183716054538973,0.0666656494140625,512,0.44880586892054203,0.19981765747070312,0.07009124755859375,D:\499_4\FINAL_INFERENCE\A7_RGBN_REVISED7_FULL_AOI\tiles_geotiff\tile_r07_c08_prediction.tif,7,3,Tree / Woody Cover,512,512,tile_r07_c08,0.13315200805664062,523264,262144,0.25376129150390625,0.0034514402505010366,0.0043182373046875,0.0001547975782778865,512
77.9022216796875,0.801849365234375,12.017822265625,0.1544952392578125,8.126068115234375,0.9975433349609375,0.0,0.00801849365234375,0.009975433349609375,0.024986338801681995,0.6277015255764127,9.173189823874755e-05,0.779022216796875,0.02548044581702544,18.813598590654834,99.02879472087389,60,0.779022216796875,17,0.00801849365234375,278,0.12017822265625,8,0.001544952392578125,120,0.08126068115234375,28,0.009975433349609375,0,0.0,9,EPSG:32647,UNLABELED_DEPLOYMENT,0.779022216796875,0.779022216796875,1,Built-up & Impervious,0.034426216976516634,0.38429195066479654,0.5447654551315012,0.08126068115234375,512,0.38429195066479654,0.20143890380859375,0.09123611450195312,D:\499_4\FINAL_INFERENCE\A7_RGBN_REVISED7_FULL_AOI\tiles_geotiff\tile_r07_c09_prediction.tif,7,3,Tree / Woody Cover,512,512,tile_r07_c09,0.12017822265625,523264,262144,0.2094573974609375,0.0012448540655896068,0.001544952392578125,4.7777030332681015e-05,512
45.45326232910156,13.889694213867188,21.8017578125,1.558685302734375,16.494369506835938,0.8022308349609375,0.0,0.13889694213867188,0.008022308349609375,0.25253276590956375,0.6962735684937797,0.0027194685665362034,0.4545326232910156,0.029839622064579255,18.813595771229437,99.04337240164674,120,0.4545326232910156,116,0.13889694213867188,299,0.218017578125,25,0.01558685302734375,160,0.16494369506835938,48,0.008022308349609375,0,0.0,10,EPSG:32647,UNLABELED_DEPLOYMENT,0.4545326232910156,0.4545326232910156,1,Built-up & Impervious,0.056132277397260275,0.7017207127120217,0.6223745204376426,0.16494369506835938,512,0.7017207127120217,0.3829612731933594,0.17296600341796875,D:\499_4\FINAL_INFERENCE\A7_RGBN_REVISED7_FULL_AOI\tiles_geotiff\tile_r07_c10_prediction.tif,7,3,Tree / Woody Cover,512,512,tile_r07_c10,0.218017578125,523264,262144,0.5218582153320312,0.023876644321717322,0.01558685302734375,0.001135182240704501,512
52.14653015136719,27.632904052734375,7.3200225830078125,1.06658935546875,9.882354736328125,1.95159912109375,0.0,0.27632904052734375,0.0195159912109375,0.5763840257422999,0.3588177150231786,0.011537197284735812,0.5214653015136719,0.023192881604696673,18.813591812763317,99.05795007930473,239,0.5214653015136719,159,0.27632904052734375,261,0.07320022583007812,15,0.0106658935546875,212,0.09882354736328125,70,0.0195159912109375,0,0.0,11,EPSG:32647,UNLABELED_DEPLOYMENT,0.5214653015136719,0.5214653015136719,1,Built-up & Impervious,0.05150172761741683,0.6373869978676475,0.6016799888888941,0.09882354736328125,512,0.6373869978676475,0.17202377319335938,0.11833953857421875,D:\499_4\FINAL_INFERENCE\A7_RGBN_REVISED7_FULL_AOI\tiles_geotiff\tile_r07_c11_prediction.tif,7,2,Agricultural Land / Cropland,512,512,tile_r07_c11,0.07320022583007812,523264,262144,0.4483528137207031,0.007339149015024304,0.0106658935546875,0.00034590569960861055,512
46.35009765625,23.593902587890625,11.595916748046875,0.9510040283203125,15.014266967773438,2.49481201171875,0.0,0.23593902587890625,0.0249481201171875,0.437431875616312,0.49335384555161,0.0054370260518591,0.4635009765625,0.027217618639921722,18.813586715257724,99.07252775280097,115,0.4635009765625,92,0.23593902587890625,298,0.11595916748046875,12,0.009510040283203125,194,0.15014266967773438,49,0.0249481201171875,0,0.0,12,EPSG:32647,UNLABELED_DEPLOYMENT,0.4635009765625,0.4635009765625,1,Built-up & Impervious,0.05192025440313112,0.7030303697234117,0.5920144719012302,0.15014266967773438,512,0.7030303697234117,0.2661018371582031,0.17509078979492188,D:\499_4\FINAL_INFERENCE\A7_RGBN_REVISED7_FULL_AOI\tiles_geotiff\tile_r07_c12_prediction.tif,7,2,Agricultural Land / Cropland,512,512,tile_r07_c12,0.11595916748046875,523264,262144,0.5020408630371094,0.01012255676323548,0.009510040283203125,0.0005924351761252446,512
31.349563598632812,33.019256591796875,11.063003540039062,1.54266357421875,18.476486206054688,4.5490264892578125,0.0,0.33019256591796875,0.045490264892578125,0.41405571380164474,0.37042004498653114,0.005431292808219178,0.3134956359863281,0.027712588674168297,18.81358047871422,99.08710542108852,172,0.3134956359863281,155,0.33019256591796875,337,0.11063003540039062,17,0.0154266357421875,299,0.18476486206054688,78,0.045490264892578125,0,0.0,13,EPSG:32647,UNLABELED_DEPLOYMENT,0.3134956359863281,0.33019256591796875,2,Agricultural Land / Cropland,0.06359887169765166,0.765720082125103,0.7033240336065164,0.18476486206054688,512,0.765720082125103,0.2953948974609375,0.230255126953125,D:\499_4\FINAL_INFERENCE\A7_RGBN_REVISED7_FULL_AOI\tiles_geotiff\tile_r07_c13_prediction.tif,7,1,Built-up & Impervious,512,512,tile_r07_c13,0.11063003540039062,523264,262144,0.6255874633789062,0.01822779793292284,0.0154266357421875,0.0008332314090019569,512
25.15411376953125,28.081130981445312,19.297027587890625,2.1160125732421875,20.453262329101562,4.8984527587890625,0.0,0.2808113098144531,0.048984527587890625,0.28254238539375365,0.39995332597754896,0.004538817881604697,0.2515411376953125,0.02626972235812133,18.813573103134754,99.10168308312048,204,0.2515411376953125,200,0.2808113098144531,256,0.19297027587890625,22,0.021160125732421875,288,0.20453262329101562,70,0.048984527587890625,0,0.0,14,EPSG:32647,UNLABELED_DEPLOYMENT,0.2515411376953125,0.2808113098144531,2,Agricultural Land / Cropland,0.06233182485322896,0.8095068414837077,0.5735272004527671,0.20453262329101562,512,0.8095068414837077,0.3975028991699219,0.25351715087890625,D:\499_4\FINAL_INFERENCE\A7_RGBN_REVISED7_FULL_AOI\tiles_geotiff\tile_r07_c14_prediction.tif,7,1,Built-up & Impervious,512,512,tile_r07_c14,0.19297027587890625,523264,262144,0.678314208984375,0.03364484530175105,0.021160125732421875,0.0014180222602739726,512
19.407272338867188,48.64158630371094,20.841598510742188,0.4512786865234375,10.065078735351562,0.5931854248046875,0.0,0.4864158630371094,0.005931854248046875,0.37760020495625213,0.23992572096176445,0.005131253057729941,0.19407272338867188,0.019489206213307242,18.8135645885216,99.11626073784993,173,0.19407272338867188,221,0.4864158630371094,264,0.20841598510742188,14,0.004512786865234375,243,0.10065078735351562,27,0.005931854248046875,0,0.0,15,EPSG:32647,UNLABELED_DEPLOYMENT,0.19407272338867188,0.4864158630371094,2,Agricultural Land / Cropland,0.05268659796966732,0.6585485295373233,0.65568281211947,0.10065078735351562,512,0.6585485295373233,0.3090667724609375,0.1065826416015625,D:\499_4\FINAL_INFERENCE\A7_RGBN_REVISED7_FULL_AOI\tiles_geotiff\tile_r07_c15_prediction.tif,7,3,Tree / Woody Cover,512,512,tile_r07_c15,0.20841598510742188,523264,262144,0.7954826354980469,0.0055790098849684,0.004512786865234375,0.0004319043542074364,512
17.290523234540796,52.10208562019758,21.463593121112332,2.4167581412367363,6.72703988291255,0.0,0.0,0.5210208562019758,0.0,0.36034892879362407,0.19497231798100192,0.005492129787214469,0.17290523234540797,0.016338396150909377,18.813558860493746,99.12511552020958,29,0.17290523234540797,27,0.5210208562019758,59,0.21463593121112332,17,0.024167581412367363,35,0.0672703988291255,0,0.0,0,0.0,16,EPSG:32647,UNLABELED_DEPLOYMENT,0.17290523234540797,0.5210208562019758,2,Agricultural Land / Cropland,0.04930037442157846,0.6397815306280041,0.4090920980710827,0.0672703988291255,512,0.6397815306280041,0.2819063300402488,0.0672703988291255,D:\499_4\FINAL_INFERENCE\A7_RGBN_REVISED7_FULL_AOI\tiles_geotiff\tile_r07_c16_prediction.tif,7,3,Tree / Woody Cover,512,110,tile_r07_c16,0.21463593121112332,108701,54660,0.8029271862422247,0.027251976727637663,0.024167581412367363,0.0004967755586425148,110
1.283394547875913,0.10784505620608001,97.67307980150369,0.06140643769741211,0.8742741567169048,0.0,0.0,0.0010784505620608001,0.0,5.5363102860101796e-05,0.050590054711031236,9.421319484634597e-05,0.01283394547875913,0.0029571406872179614,18.79969055682254,98.89760402515493,34,0.01283394547875913,24,0.0010784505620608001,5,0.9767307980150369,5,0.0006140643769741211,60,0.008742741567169048,0,0.0,0,0.0,0,EPSG:32647,UNLABELED_DEPLOYMENT,0.01283394547875913,0.9767307980150369,3,Tree / Woody Cover,0.005968117485776692,0.06795927992274375,0.5000171466202604,0.008742741567169048,512,0.06795927992274375,0.985473539582206,0.008742741567169048,D:\499_4\FINAL_INFERENCE\A7_RGBN_REVISED7_FULL_AOI\tiles_geotiff\tile_r08_c00_prediction.tif,8,1,Built-up & Impervious,512,512,tile_r08_c00,0.9767307980150369,520097,260559,0.9865519901442668,0.0024205767804321167,0.0006140643769741211,0.00016727648880881835,512
0.8991241455078125,0.0049591064453125,98.96736145019531,0.066375732421875,0.0621795654296875,0.0,0.0,4.9591064453125e-05,0.0,1.7835409380495548e-06,0.03561594057828188,0.0,0.008991241455078125,0.0006306568003913894,18.79969798287687,98.91218049127173,3,0.008991241455078125,4,4.9591064453125e-05,2,0.9896736145019531,1,0.00066375732421875,12,0.000621795654296875,0,0.0,0,0.0,1,EPSG:32647,UNLABELED_DEPLOYMENT,0.008991241455078125,0.9896736145019531,3,Tree / Woody Cover,0.001127537915851272,0.03215690611787112,0.16851214635173772,0.000621795654296875,512,0.03215690611787112,0.99029541015625,0.000621795654296875,D:\499_4\FINAL_INFERENCE\A7_RGBN_REVISED7_FULL_AOI\tiles_geotiff\tile_r08_c01_prediction.tif,8,1,Built-up & Impervious,512,512,tile_r08_c01,0.9896736145019531,523264,262144,0.9903450012207031,0.002629263326525688,0.00066375732421875,0.00010510946673189823,512
1.1508941650390625,0.014495849609375,98.26507568359375,0.05645751953125,0.4451751708984375,0.067901611328125,0.0,0.00014495849609375,0.00067901611328125,6.673275493085384e-06,0.04544202069519088,2.866621819960861e-05,0.011508941650390625,0.0016779293052837574,18.79970427079708,98.92675696369353,18,0.011508941650390625,11,0.00014495849609375,8,0.9826507568359375,11,0.0005645751953125,37,0.004451751708984375,3,0.00067901611328125,0,0.0,2,EPSG:32647,UNLABELED_DEPLOYMENT,0.011508941650390625,0.9826507568359375,3,Tree / Woody Cover,0.0038603840508806262,0.05300460512512445,0.35241750756752627,0.004451751708984375,512,0.05300460512512445,0.9871025085449219,0.005130767822265625,D:\499_4\FINAL_INFERENCE\A7_RGBN_REVISED7_FULL_AOI\tiles_geotiff\tile_r08_c02_prediction.tif,8,1,Built-up & Impervious,512,512,tile_r08_c02,0.9826507568359375,523264,262144,0.9872474670410156,0.002229174366220832,0.0005645751953125,0.0002159521771037182,512
7.049560546875,0.0034332275390625,89.83078002929688,1.4530181884765625,1.6632080078125,0.0,0.0,3.4332275390625e-05,0.0,9.6810981631279e-06,0.2579969633370638,0.0,0.07049560546875,0.009962466364970645,18.799709420581213,98.94133344137384,86,0.07049560546875,1,3.4332275390625e-05,30,0.8983078002929688,9,0.014530181884765625,71,0.016632080078125,0,0.0,0,0.0,3,EPSG:32647,UNLABELED_DEPLOYMENT,0.07049560546875,0.8983078002929688,3,Tree / Woody Cover,0.01509180834148728,0.21238152549452619,0.428751910387896,0.016632080078125,512,0.21238152549452619,0.9149398803710938,0.016632080078125,D:\499_4\FINAL_INFERENCE\A7_RGBN_REVISED7_FULL_AOI\tiles_geotiff\tile_r08_c03_prediction.tif,8,1,Built-up & Impervious,512,512,tile_r08_c03,0.8983078002929688,523264,262144,0.9149742126464844,0.05317697150167078,0.014530181884765625,0.0007739878913894325,512
77.06222534179688,0.064849853515625,17.547225952148438,1.6986846923828125,3.0170440673828125,0.6099700927734375,0.0,0.00064849853515625,0.006099700927734375,0.001998989610001445,0.6338913640938699,0.00013950892857142856,0.7706222534179688,0.03097289322407045,18.799713432227666,98.95590992326613,48,0.7706222534179688,7,0.00064849853515625,246,0.17547225952148438,22,0.016986846923828125,80,0.030170440673828125,18,0.006099700927734375,0,0.0,4,EPSG:32647,UNLABELED_DEPLOYMENT,0.7706222534179688,0.7706222534179688,1,Built-up & Impervious,0.03591686032289628,0.3684019824797794,0.5098732177671407,0.030170440673828125,512,0.3684019824797794,0.2056427001953125,0.0362701416015625,D:\499_4\FINAL_INFERENCE\A7_RGBN_REVISED7_FULL_AOI\tiles_geotiff\tile_r08_c04_prediction.tif,8,3,Tree / Woody Cover,512,512,tile_r08_c04,0.17547225952148438,523264,262144,0.20629119873046875,0.013972884276881814,0.016986846923828125,0.0006535897749510763,512
91.70494079589844,0.0,6.539154052734375,0.110626220703125,1.35955810546875,0.2857208251953125,0.0,0.0,0.002857208251953125,0.0,0.2897403723327443,0.0,0.9170494079589844,0.016127614359099804,18.799716305735213,98.97048640832386,18,0.9170494079589844,0,0.0,193,0.06539154052734375,17,0.00110626220703125,40,0.0135955810546875,16,0.002857208251953125,0,0.0,5,EPSG:32647,UNLABELED_DEPLOYMENT,0.9170494079589844,0.9170494079589844,1,Built-up & Impervious,0.01822215936888454,0.17496112446736367,0.4636739878671543,0.0135955810546875,512,0.17496112446736367,0.07898712158203125,0.016452789306640625,D:\499_4\FINAL_INFERENCE\A7_RGBN_REVISED7_FULL_AOI\tiles_geotiff\tile_r08_c05_prediction.tif,8,3,Tree / Woody Cover,512,512,tile_r08_c05,0.06539154052734375,523264,262144,0.07898712158203125,0.0003495218697935343,0.00110626220703125,1.1466487279843444e-05,512
95.83168029785156,0.2628326416015625,2.0114898681640625,0.6282806396484375,1.1852264404296875,0.0804901123046875,0.0,0.002628326416015625,0.000804901123046875,0.010075077472720295,0.12253867811523378,0.00023697407045009783,0.9583168029785156,0.007242997798434442,18.799718041102942,98.98506289550053,5,0.9583168029785156,1,0.002628326416015625,111,0.020114898681640625,14,0.006282806396484375,20,0.011852264404296875,12,0.000804901123046875,0,0.0,6,EPSG:32647,UNLABELED_DEPLOYMENT,0.9583168029785156,0.9583168029785156,1,Built-up & Impervious,0.009673893101761252,0.11570348719678161,0.39850001710346006,0.011852264404296875,512,0.11570348719678161,0.0319671630859375,0.01265716552734375,D:\499_4\FINAL_INFERENCE\A7_RGBN_REVISED7_FULL_AOI\tiles_geotiff\tile_r08_c06_prediction.tif,8,3,Tree / Woody Cover,512,512,tile_r08_c06,0.020114898681640625,523264,262144,0.034595489501953125,0.0008033739868551493,0.006282806396484375,5.733243639921722e-06,512
88.68980407714844,0.1247406005859375,5.18646240234375,4.657745361328125,1.080322265625,0.26092529296875,0.0,0.001247406005859375,0.0026092529296875,0.00442528777057305,0.22231996175833046,0.000579057607632094,0.8868980407714844,0.01401204745596869,18.799718638330333,98.99963938374962,22,0.8868980407714844,76,0.001247406005859375,172,0.0518646240234375,17,0.04657745361328125,46,0.01080322265625,8,0.0026092529296875,0,0.0,7,EPSG:32647,UNLABELED_DEPLOYMENT,0.8868980407714844,0.8868980407714844,1,Built-up & Impervious,0.01946818431996086,0.24437851192183924,0.5651816597175142,0.01080322265625,512,0.24437851192183924,0.0626678466796875,0.0134124755859375,D:\499_4\FINAL_INFERENCE\A7_RGBN_REVISED7_FULL_AOI\tiles_geotiff\tile_r08_c07_prediction.tif,8,3,Tree / Woody Cover,512,512,tile_r08_c07,0.0518646240234375,523264,262144,0.06391525268554688,0.011675634887069464,0.04657745361328125,0.00030768407534246574,512
82.818603515625,1.4354705810546875,10.898208618164062,0.3116607666015625,4.0019989013671875,0.5340576171875,0.0,0.014354705810546875,0.005340576171875,0.0475534675642848,0.49360575154423714,0.0006421232876712328,0.82818603515625,0.02435099681996086,18.79971809741719,99.01421587202458,43,0.82818603515625,25,0.014354705810546875,229,0.10898208618164062,10,0.003116607666015625,87,0.040019989013671875,30,0.005340576171875,0,0.0,8,EPSG:32647,TEST40,0.82818603515625,0.82818603515625,1,Built-up & Impervious,0.0304053021037182,0.3254725786367896,0.49599772492765987,0.040019989013671875,512,0.3254725786367896,0.1490020751953125,0.045360565185546875,D:\499_4\FINAL_INFERENCE\A7_RGBN_REVISED7_FULL_AOI\tiles_geotiff\tile_r08_c08_prediction.tif,8,3,Tree / Woody Cover,512,512,tile_r08_c08,0.10898208618164062,523264,262144,0.16335678100585938,0.0018575240392237902,0.003116607666015625,8.408757338551859e-05,512
74.95002746582031,2.0843505859375,13.582229614257812,4.0103912353515625,4.81719970703125,0.5558013916015625,0.0,0.020843505859375,0.005558013916015625,0.062488853465765715,0.5516150931944139,0.0005943462573385519,0.7495002746582031,0.02328652458414873,18.799716418363683,99.02879235927894,77,0.7495002746582031,33,0.020843505859375,181,0.13582229614257812,49,0.040103912353515625,111,0.0481719970703125,12,0.005558013916015625,0,0.0,9,EPSG:32647,TEST40,0.7495002746582031,0.7495002746582031,1,Built-up & Impervious,0.03422173128669276,0.44806970886776026,0.533974061462496,0.0481719970703125,512,0.44806970886776026,0.18399429321289062,0.053730010986328125,D:\499_4\FINAL_INFERENCE\A7_RGBN_REVISED7_FULL_AOI\tiles_geotiff\tile_r08_c09_prediction.tif,8,3,Tree / Woody Cover,512,512,tile_r08_c09,0.13582229614257812,523264,262144,0.20483779907226562,0.029515564034227282,0.040103912353515625,0.0020849896037181998,512
50.09613037109375,13.982391357421875,21.193313598632812,1.975250244140625,11.573028564453125,1.1798858642578125,0.0,0.13982391357421875,0.011798858642578125,0.2801854801364243,0.6565867795143276,0.0044585524706457925,0.5009613037109375,0.03353947529354207,18.79971360117033,99.04336884446612,114,0.5009613037109375,128,0.13982391357421875,341,0.21193313598632812,33,0.01975250244140625,213,0.11573028564453125,27,0.011798858642578125,0,0.0,10,EPSG:32647,TEST40,0.5009613037109375,0.5009613037109375,1,Built-up & Impervious,0.06138392857142857,0.6833038928246575,0.5938927095556717,0.11573028564453125,512,0.6833038928246575,0.3276634216308594,0.12752914428710938,D:\499_4\FINAL_INFERENCE\A7_RGBN_REVISED7_FULL_AOI\tiles_geotiff\tile_r08_c10_prediction.tif,8,3,Tree / Woody Cover,512,512,tile_r08_c10,0.21193313598632812,523264,262144,0.4674873352050781,0.0258886901428923,0.01975250244140625,0.0007395884295499022,512
39.08348083496094,34.57527160644531,15.314865112304688,0.984954833984375,8.41064453125,1.6307830810546875,0.0,0.3457527160644531,0.016307830810546875,0.5405287860776298,0.3709102005814202,0.007265930772994129,0.3908348083496094,0.02054221196183953,18.799709645838014,99.05794532653964,123,0.3908348083496094,122,0.3457527160644531,215,0.15314865112304688,28,0.00984954833984375,184,0.0841064453125,35,0.016307830810546875,0,0.0,11,EPSG:32647,TEST40,0.3908348083496094,0.3908348083496094,1,Built-up & Impervious,0.046945710004892366,0.6899551923043119,0.5947127411329475,0.0841064453125,512,0.6899551923043119,0.23725509643554688,0.10041427612304688,D:\499_4\FINAL_INFERENCE\A7_RGBN_REVISED7_FULL_AOI\tiles_geotiff\tile_r08_c11_prediction.tif,8,2,Agricultural Land / Cropland,512,512,tile_r08_c11,0.15314865112304688,523264,262144,0.5830078125,0.009347422164864838,0.00984954833984375,0.0010740276418786693,512
49.15504455566406,19.390487670898438,10.326004028320312,1.0807037353515625,16.521835327148438,3.5259246826171875,0.0,0.19390487670898438,0.035259246826171875,0.38125611416762695,0.527882695896551,0.004943967098825832,0.4915504455566406,0.026908023483365948,18.79970455236795,99.07252180445295,166,0.4915504455566406,98,0.19390487670898438,333,0.10326004028320312,18,0.010807037353515625,218,0.16521835327148438,55,0.035259246826171875,0,0.0,12,EPSG:32647,UNLABELED_DEPLOYMENT,0.4915504455566406,0.4915504455566406,1,Built-up & Impervious,0.053598183708414876,0.7019709069159161,0.5628637007400603,0.16521835327148438,512,0.7019709069159161,0.2684783935546875,0.20047760009765625,D:\499_4\FINAL_INFERENCE\A7_RGBN_REVISED7_FULL_AOI\tiles_geotiff\tile_r08_c12_prediction.tif,8,2,Agricultural Land / Cropland,512,512,tile_r08_c12,0.10326004028320312,523264,262144,0.4623832702636719,0.011605824111029506,0.010807037353515625,0.0004758592221135029,512
21.250534057617188,25.335693359375,20.32623291015625,12.194442749023438,18.563461303710938,2.3296356201171875,0.0,0.25335693359375,0.023296356201171875,0.21535880584269762,0.3305707085528411,0.0039654935176125245,0.21250534057617188,0.020433280332681016,18.799698320761724,99.08709827715954,197,0.21250534057617188,187,0.25335693359375,229,0.2032623291015625,32,0.12194442749023438,212,0.18563461303710938,57,0.023296356201171875,0,0.0,13,EPSG:32647,UNLABELED_DEPLOYMENT,0.21250534057617188,0.25335693359375,2,Agricultural Land / Cropland,0.061188998287671235,0.8518393976863466,0.7602989306240283,0.18563461303710938,512,0.8518393976863466,0.3888969421386719,0.20893096923828125,D:\499_4\FINAL_INFERENCE\A7_RGBN_REVISED7_FULL_AOI\tiles_geotiff\tile_r08_c13_prediction.tif,8,1,Built-up & Impervious,512,512,tile_r08_c13,0.2032623291015625,523264,262144,0.6422538757324219,0.18969525984721258,0.12194442749023438,0.004338154354207436,512
26.98822021484375,31.247711181640625,17.6849365234375,0.7781982421875,20.978164672851562,2.3227691650390625,0.0,0.31247711181640625,0.023227691650390625,0.33732804423198104,0.4173793157096952,0.004775791952054794,0.2698822021484375,0.022277473703522503,18.79969095102127,99.10167474361293,150,0.2698822021484375,127,0.31247711181640625,290,0.176849365234375,11,0.007781982421875,241,0.20978164672851562,57,0.023227691650390625,0,0.0,14,EPSG:32647,UNLABELED_DEPLOYMENT,0.2698822021484375,0.31247711181640625,2,Agricultural Land / Cropland,0.055438554916829745,0.7585873408498862,0.696954648546032,0.20978164672851562,512,0.7585873408498862,0.3866310119628906,0.23300933837890625,D:\499_4\FINAL_INFERENCE\A7_RGBN_REVISED7_FULL_AOI\tiles_geotiff\tile_r08_c14_prediction.tif,8,1,Built-up & Impervious,512,512,tile_r08_c14,0.176849365234375,523264,262144,0.6991081237792969,0.01203502295538783,0.007781982421875,0.0007166554549902153,512
19.840621948242188,32.89947509765625,20.532608032226562,4.66156005859375,21.620941162109375,0.444793701171875,0.0,0.3289947509765625,0.00444793701171875,0.26109841908328235,0.33454105333657935,0.00615750366927593,0.19840621948242188,0.01666462818003914,18.79968244314887,99.11625120276656,112,0.19840621948242188,252,0.3289947509765625,251,0.20532608032226562,37,0.0466156005859375,211,0.21620941162109375,30,0.00444793701171875,0,0.0,15,EPSG:32647,UNLABELED_DEPLOYMENT,0.19840621948242188,0.3289947509765625,2,Agricultural Land / Cropland,0.05647244985322896,0.7759091229242093,0.5997175059776261,0.21620941162109375,512,0.7759091229242093,0.4215354919433594,0.2206573486328125,D:\499_4\FINAL_INFERENCE\A7_RGBN_REVISED7_FULL_AOI\tiles_geotiff\tile_r08_c15_prediction.tif,8,5,Grassland / Herbaceous Cover,512,512,tile_r08_c15,0.20532608032226562,523264,262144,0.7505302429199219,0.07860052050091326,0.0466156005859375,0.002033390410958904,512
19.07491238317757,47.79497663551402,21.241603387850468,1.3580607476635513,10.47933703271028,0.051109813084112145,0.0,0.4779497663551402,0.0005110981308411214,0.3646739966713796,0.24202966369367687,0.006838061845450624,0.1907491238317757,0.019495360214412248,18.79967671965571,99.1251052589088,42,0.1907491238317757,24,0.4779497663551402,76,0.2124160338785047,38,0.013580607476635514,34,0.1047933703271028,1,0.0005110981308411214,0,0.0,16,EPSG:32647,UNLABELED_DEPLOYMENT,0.1907491238317757,0.4779497663551402,2,Agricultural Land / Cropland,0.057494791140809,0.6663219948005297,0.41403498937135114,0.1047933703271028,512,0.6663219948005297,0.3172094042056075,0.10530446845794392,D:\499_4\FINAL_INFERENCE\A7_RGBN_REVISED7_FULL_AOI\tiles_geotiff\tile_r08_c16_prediction.tif,8,3,Tree / Woody Cover,512,110,tile_r08_c16,0.2124160338785047,108949,54784,0.7951591705607477,0.01723158562565508,0.013580607476635514,0.0011656830260029921,110
0.0,0.001918590373280943,99.90291932711199,0.0,0.09516208251473478,0.0,0.0,1.918590373280943e-05,0.0,0.0,0.0,0.0,0.0,0.0,18.785808384396166,98.89761241646713,0,0.0,1,1.918590373280943e-05,2,0.9990291932711198,0,0.0,13,0.0009516208251473478,0,0.0,0,0.0,0,EPSG:32647,UNLABELED_DEPLOYMENT,0.0,0.9990291932711198,3,Tree / Woody Cover,0.0004382971770201559,0.004008136351192662,0.18817332331392847,0.0009516208251473478,512,0.004008136351192662,0.9999808140962672,0.0009516208251473478,D:\499_4\FINAL_INFERENCE\A7_RGBN_REVISED7_FULL_AOI\tiles_geotiff\tile_r09_c00_prediction.tif,9,5,Grassland / Herbaceous Cover,512,512,tile_r09_c00,0.9990291932711198,520195,260608,1.0,0.0,0.0,0.0,512
0.0,0.0064849853515625,98.77700805664062,0.0,1.2165069580078125,0.0,0.0,6.4849853515625e-05,0.0,0.0,0.0,0.0,0.0,0.0,18.785815804567797,98.91218768805197,0,0.0,8,6.4849853515625e-05,2,0.9877700805664062,0,0.0,49,0.012165069580078125,0,0.0,0,0.0,1,EPSG:32647,TRAIN14,0.0,0.9877700805664062,3,Tree / Woody Cover,0.003397902397260274,0.03413223587438087,0.4788409260184887,0.012165069580078125,512,0.03413223587438087,0.9999351501464844,0.012165069580078125,D:\499_4\FINAL_INFERENCE\A7_RGBN_REVISED7_FULL_AOI\tiles_geotiff\tile_r09_c01_prediction.tif,9,5,Grassland / Herbaceous Cover,512,512,tile_r09_c01,0.9877700805664062,523264,262144,1.0,0.0,0.0,0.0,512
0.0331878662109375,0.0209808349609375,96.70906066894531,0.00457763671875,3.2321929931640625,0.0,0.0,0.000209808349609375,0.0,2.7852365747094154e-07,0.0013267347821965814,0.0,0.000331878662109375,0.00016817514677103717,18.785822087506894,98.92676296593947,3,0.000331878662109375,13,0.000209808349609375,11,0.9670906066894531,1,4.57763671875e-05,98,0.032321929931640625,0,0.0,0,0.0,2,EPSG:32647,UNLABELED_DEPLOYMENT,0.000331878662109375,0.9670906066894531,3,Tree / Woody Cover,0.008080051369863013,0.0761514695048136,0.3742673818565695,0.032321929931640625,512,0.0761514695048136,0.9994125366210938,0.032321929931640625,D:\499_4\FINAL_INFERENCE\A7_RGBN_REVISED7_FULL_AOI\tiles_geotiff\tile_r09_c02_prediction.tif,9,5,Grassland / Herbaceous Cover,512,512,tile_r09_c02,0.9670906066894531,523264,262144,0.9996223449707031,0.0001829979009926319,4.57763671875e-05,3.057729941291585e-05,512
0.9769439697265625,0.0,96.73957824707031,0.9387969970703125,1.3446807861328125,0.0,0.0,0.0,0.0,0.0,0.03832913015503436,0.0,0.009769439697265625,0.0023047639432485323,18.78582723321152,98.94133824908346,37,0.009769439697265625,0,0.0,4,0.9673957824707031,2,0.009387969970703125,59,0.013446807861328125,0,0.0,0,0.0,3,EPSG:32647,UNLABELED_DEPLOYMENT,0.009769439697265625,0.9673957824707031,3,Tree / Woody Cover,0.006088704745596869,0.09201515542974463,0.4239573708126163,0.013446807861328125,512,0.09201515542974463,0.9808425903320312,0.013446807861328125,D:\499_4\FINAL_INFERENCE\A7_RGBN_REVISED7_FULL_AOI\tiles_geotiff\tile_r09_c03_prediction.tif,9,5,Grassland / Herbaceous Cover,512,512,tile_r09_c03,0.9673957824707031,523264,262144,0.9808425903320312,0.03683248313609511,0.009387969970703125,0.0005389249021526418,512
70.9716796875,0.0499725341796875,25.020599365234375,0.5672454833984375,2.9170989990234375,0.4734039306640625,0.0,0.000499725341796875,0.004734039306640625,0.0014186538755893707,0.7931141518056393,0.00012804244129158512,0.709716796875,0.027999250856164382,18.78583124168007,98.95591353643783,103,0.709716796875,3,0.000499725341796875,206,0.25020599365234375,5,0.005672454833984375,86,0.029170989990234375,10,0.004734039306640625,0,0.0,4,EPSG:32647,UNLABELED_DEPLOYMENT,0.709716796875,0.709716796875,1,Built-up & Impervious,0.03267757766634051,0.38624244670985797,0.28347641944977986,0.029170989990234375,512,0.38624244670985797,0.2793769836425781,0.033905029296875,D:\499_4\FINAL_INFERENCE\A7_RGBN_REVISED7_FULL_AOI\tiles_geotiff\tile_r09_c04_prediction.tif,9,3,Tree / Woody Cover,512,512,tile_r09_c04,0.25020599365234375,523264,262144,0.279876708984375,0.006339013285469264,0.005672454833984375,0.0005656800391389432,512
79.76455688476562,1.1821746826171875,9.827423095703125,2.5547027587890625,6.5948486328125,0.0762939453125,0.0,0.011821746826171875,0.000762939453125,0.03771825588773936,0.5239660909865052,0.0006287457191780822,0.7976455688476562,0.023322835127201565,18.785834112911303,98.97048882695648,100,0.7976455688476562,43,0.011821746826171875,250,0.09827423095703125,18,0.025547027587890625,90,0.065948486328125,3,0.000762939453125,0,0.0,5,EPSG:32647,TRAIN14,0.7976455688476562,0.7976455688476562,1,Built-up & Impervious,0.031185023238747552,0.3799088033686166,0.4202702632114625,0.065948486328125,512,0.3799088033686166,0.16422271728515625,0.06671142578125,D:\499_4\FINAL_INFERENCE\A7_RGBN_REVISED7_FULL_AOI\tiles_geotiff\tile_r09_c05_prediction.tif,9,3,Tree / Woody Cover,512,512,tile_r09_c05,0.09827423095703125,523264,262144,0.17604446411132812,0.016781609156168997,0.025547027587890625,0.0012345584637964775,512
96.18110656738281,0.140380859375,2.5432586669921875,0.90179443359375,0.1926422119140625,0.0408172607421875,0.0,0.00140380859375,0.000408172607421875,0.005400794558227062,0.10525678959675133,0.00034972786203522503,0.9618110656738281,0.009801935543052838,18.78583584690433,98.98506411959326,2,0.9618110656738281,13,0.00140380859375,188,0.025432586669921875,31,0.0090179443359375,28,0.001926422119140625,8,0.000408172607421875,0,0.0,6,EPSG:32647,UNLABELED_DEPLOYMENT,0.9618110656738281,0.9618110656738281,1,Built-up & Impervious,0.013555299045988258,0.10162007471650181,0.5899269951014258,0.001926422119140625,512,0.10162007471650181,0.0273590087890625,0.0023345947265625,D:\499_4\FINAL_INFERENCE\A7_RGBN_REVISED7_FULL_AOI\tiles_geotiff\tile_r09_c06_prediction.tif,9,3,Tree / Woody Cover,512,512,tile_r09_c06,0.025432586669921875,523264,262144,0.0287628173828125,0.0009868880733847618,0.0090179443359375,8.217649217221135e-05,512
90.41595458984375,0.1880645751953125,3.6151885986328125,5.6552886962890625,0.1224517822265625,0.0030517578125,0.0,0.001880645751953125,3.0517578125e-05,0.006801615236327052,0.13517692917957902,0.0005809686888454011,0.9041595458984375,0.00915599009295499,18.78583644365861,98.99963941330205,17,0.9041595458984375,53,0.001880645751953125,138,0.036151885986328125,27,0.056552886962890625,12,0.001224517822265625,1,3.0517578125e-05,0,0.0,7,EPSG:32647,UNLABELED_DEPLOYMENT,0.9041595458984375,0.9041595458984375,1,Built-up & Impervious,0.015076519691780822,0.202425871385817,0.41374610644420295,0.001224517822265625,512,0.202425871385817,0.03737640380859375,0.001255035400390625,D:\499_4\FINAL_INFERENCE\A7_RGBN_REVISED7_FULL_AOI\tiles_geotiff\tile_r09_c07_prediction.tif,9,4,Water,512,512,tile_r09_c07,0.036151885986328125,523264,262144,0.039257049560546875,0.008454974158667028,0.056552886962890625,0.00034972786203522503,512
80.12466430664062,0.591278076171875,14.9627685546875,0.0782012939453125,4.015350341796875,0.2277374267578125,0.0,0.00591278076171875,0.002277374267578125,0.018950382946059108,0.6082461623009294,0.00021977433953033267,0.8012466430664062,0.029562515288649706,18.785835903173965,99.01421470703671,64,0.8012466430664062,6,0.00591278076171875,230,0.149627685546875,7,0.000782012939453125,93,0.04015350341796875,9,0.002277374267578125,0,0.0,8,EPSG:32647,TEST40,0.8012466430664062,0.8012466430664062,1,Built-up & Impervious,0.03409368884540118,0.3292351761062607,0.47271473989861973,0.04015350341796875,512,0.3292351761062607,0.18978118896484375,0.042430877685546875,D:\499_4\FINAL_INFERENCE\A7_RGBN_REVISED7_FULL_AOI\tiles_geotiff\tile_r09_c08_prediction.tif,9,3,Tree / Woody Cover,512,512,tile_r09_c08,0.149627685546875,523264,262144,0.1956939697265625,0.0005936453817412257,0.000782012939453125,9.555406066536203e-06,512
83.46138000488281,3.601837158203125,8.020782470703125,2.639007568359375,1.956939697265625,0.3200531005859375,0.0,0.03601837158203125,0.003200531005859375,0.12024571991059929,0.3331017845775932,0.0005867019324853229,0.8346138000488281,0.015219850782778864,18.785834225450554,99.02878999975113,35,0.8346138000488281,19,0.03601837158203125,168,0.08020782470703125,19,0.02639007568359375,55,0.01956939697265625,9,0.003200531005859375,0,0.0,9,EPSG:32647,TEST40,0.8346138000488281,0.8346138000488281,1,Built-up & Impervious,0.020897673067514676,0.3413651185098274,0.3850702185256807,0.01956939697265625,512,0.3413651185098274,0.0997772216796875,0.022769927978515625,D:\499_4\FINAL_INFERENCE\A7_RGBN_REVISED7_FULL_AOI\tiles_geotiff\tile_r09_c09_prediction.tif,9,3,Tree / Woody Cover,512,512,tile_r09_c09,0.08020782470703125,523264,262144,0.13579559326171875,0.010532513726502657,0.02639007568359375,0.0003287059686888454,512
62.357330322265625,3.879547119140625,21.7132568359375,0.9418487548828125,10.720062255859375,0.3879547119140625,0.0,0.03879547119140625,0.003879547119140625,0.09676728048361838,0.8089820768218488,0.0006956335616438356,0.6235733032226562,0.03275784307729941,18.7858314104889,99.04336529039918,93,0.6235733032226562,62,0.03879547119140625,282,0.217132568359375,22,0.009418487548828125,163,0.10720062255859375,35,0.003879547119140625,0,0.0,10,EPSG:32647,TEST40,0.6235733032226562,0.6235733032226562,1,Built-up & Impervious,0.04713681812622309,0.5432152103304195,0.5859722608936213,0.10720062255859375,512,0.5432152103304195,0.32433319091796875,0.11108016967773438,D:\499_4\FINAL_INFERENCE\A7_RGBN_REVISED7_FULL_AOI\tiles_geotiff\tile_r09_c10_prediction.tif,9,3,Tree / Woody Cover,512,512,tile_r09_c10,0.217132568359375,523264,262144,0.363128662109375,0.012218912481330335,0.009418487548828125,0.0008408757338551859,512
40.297698974609375,20.17364501953125,24.107742309570312,4.022979736328125,10.263824462890625,1.1341094970703125,0.0,0.2017364501953125,0.011341094970703125,0.3251805896870792,0.5540380204329267,0.00521534063111546,0.40297698974609375,0.031467863258317026,18.78582745828988,99.05794057793472,138,0.40297698974609375,125,0.2017364501953125,249,0.24107742309570312,42,0.04022979736328125,232,0.10263824462890625,34,0.011341094970703125,0,0.0,11,EPSG:32647,TEST40,0.40297698974609375,0.40297698974609375,1,Built-up & Impervious,0.05935627140410959,0.7430380566089693,0.6726563440032326,0.10263824462890625,512,0.7430380566089693,0.3437156677246094,0.11397933959960938,D:\499_4\FINAL_INFERENCE\A7_RGBN_REVISED7_FULL_AOI\tiles_geotiff\tile_r09_c11_prediction.tif,9,3,Tree / Woody Cover,512,512,tile_r09_c11,0.24107742309570312,523264,262144,0.5454521179199219,0.05531044665258378,0.04022979736328125,0.002197743395303327,512
47.73292541503906,5.820465087890625,14.379501342773438,4.9407958984375,21.596527099609375,5.52978515625,0.0,0.05820465087890625,0.0552978515625,0.1111311303684488,0.6868964329478331,0.001955036081213307,0.4773292541503906,0.025449868517612523,18.785822368854717,99.07251586131164,140,0.4773292541503906,72,0.05820465087890625,236,0.14379501342773438,16,0.049407958984375,255,0.21596527099609375,178,0.0552978515625,0,0.0,12,EPSG:32647,UNLABELED_DEPLOYMENT,0.4773292541503906,0.4773292541503906,1,Built-up & Impervious,0.053498807485322895,0.738517039036314,0.5247454199208053,0.21596527099609375,512,0.738517039036314,0.3597602844238281,0.27126312255859375,D:\499_4\FINAL_INFERENCE\A7_RGBN_REVISED7_FULL_AOI\tiles_geotiff\tile_r09_c12_prediction.tif,9,5,Grassland / Herbaceous Cover,512,512,tile_r09_c12,0.14379501342773438,523264,262144,0.4179649353027344,0.07110008550807834,0.049407958984375,0.0015173984833659491,512
31.9061279296875,20.8892822265625,25.560760498046875,3.749847412109375,17.195510864257812,0.6984710693359375,0.0,0.208892822265625,0.006984710693359375,0.2665984444320202,0.545674825552851,0.002350629892367906,0.319061279296875,0.030156861545988258,18.785816142184984,99.08709113948382,132,0.319061279296875,205,0.208892822265625,340,0.25560760498046875,40,0.03749847412109375,250,0.17195510864257812,40,0.006984710693359375,0,0.0,13,EPSG:32647,UNLABELED_DEPLOYMENT,0.319061279296875,0.319061279296875,1,Built-up & Impervious,0.06540675452544031,0.771260699242075,0.6500472790502178,0.17195510864257812,512,0.771260699242075,0.4275627136230469,0.1789398193359375,D:\499_4\FINAL_INFERENCE\A7_RGBN_REVISED7_FULL_AOI\tiles_geotiff\tile_r09_c13_prediction.tif,9,3,Tree / Woody Cover,512,512,tile_r09_c13,0.25560760498046875,523264,262144,0.6364555358886719,0.06413179740775377,0.03749847412109375,0.002946887230919765,512
39.771270751953125,19.0521240234375,29.526138305664062,1.676177978515625,9.584426879882812,0.389862060546875,0.0,0.190521240234375,0.00389862060546875,0.30309087317436934,0.6221907509025186,0.003690297822896282,0.39771270751953125,0.03126146648727984,18.785808778282618,99.10166641140512,185,0.39771270751953125,267,0.190521240234375,325,0.2952613830566406,17,0.01676177978515625,232,0.09584426879882812,34,0.00389862060546875,0,0.0,14,EPSG:32647,UNLABELED_DEPLOYMENT,0.39771270751953125,0.39771270751953125,1,Built-up & Impervious,0.0600461717221135,0.6977138793298086,0.6041880919264276,0.09584426879882812,512,0.6977138793298086,0.39110565185546875,0.09974288940429688,D:\499_4\FINAL_INFERENCE\A7_RGBN_REVISED7_FULL_AOI\tiles_geotiff\tile_r09_c14_prediction.tif,9,3,Tree / Woody Cover,512,512,tile_r09_c14,0.2952613830566406,523264,262144,0.5816268920898438,0.026222507236525416,0.01676177978515625,0.0013205571183953033,512
12.005996704101562,51.06010437011719,28.34625244140625,2.3319244384765625,6.084442138671875,0.1712799072265625,0.0,0.5106010437011719,0.001712799072265625,0.2452109779114835,0.1653499222593382,0.0032373715753424657,0.12005996704101562,0.014778391022504892,18.785800277149907,99.11624167602943,126,0.12005996704101562,161,0.5106010437011719,234,0.2834625244140625,32,0.023319244384765625,164,0.06084442138671875,23,0.001712799072265625,0,0.0,15,EPSG:32647,UNLABELED_DEPLOYMENT,0.12005996704101562,0.5106010437011719,2,Agricultural Land / Cropland,0.04887016878669276,0.6289842161172778,0.6740197418338855,0.06084442138671875,512,0.6289842161172778,0.34430694580078125,0.06255722045898438,D:\499_4\FINAL_INFERENCE\A7_RGBN_REVISED7_FULL_AOI\tiles_geotiff\tile_r09_c15_prediction.tif,9,3,Tree / Woody Cover,512,512,tile_r09_c15,0.2834625244140625,523264,262144,0.8549079895019531,0.03211591125000268,0.023319244384765625,0.0016645517367906066,512
10.330163713018562,24.58432954317315,44.04372980964027,4.0134328630614515,17.02834407110657,0.0,0.0,0.2458432954317315,0.0,0.101584059582311,0.2523538085926719,0.004396027973054826,0.10330163713018563,0.0180888750206494,18.785794558190727,99.12509500658996,53,0.10330163713018563,53,0.2458432954317315,58,0.4404372980964027,30,0.040134328630614516,52,0.17028344071106571,0,0.0,0,0.0,16,EPSG:32647,UNLABELED_DEPLOYMENT,0.10330163713018563,0.4404372980964027,3,Tree / Woody Cover,0.0680328922009508,0.7046036666283831,0.6140775224242969,0.17028344071106571,512,0.7046036666283831,0.6107207388074685,0.17028344071106571,D:\499_4\FINAL_INFERENCE\A7_RGBN_REVISED7_FULL_AOI\tiles_geotiff\tile_r09_c16_prediction.tif,9,2,Agricultural Land / Cropland,512,110,tile_r09_c16,0.4404372980964027,108962,54791,0.8565640342391999,0.09804346733132252,0.040134328630614516,0.0063600154182191955,110
0.005372053045186641,0.0,94.0136143172888,0.0,5.981013629666012,0.0,0.0,0.0,0.0,0.0,0.00021487057822589748,0.0,5.3720530451866406e-05,3.0757696632993394e-05,18.771926191357522,98.89762080043057,2,5.3720530451866406e-05,0,0.0,14,0.940136143172888,0,0.0,105,0.05981013629666012,0,0.0,0,0.0,0,EPSG:32647,UNLABELED_DEPLOYMENT,5.3720530451866406e-05,0.940136143172888,3,Tree / Woody Cover,0.0094310787300916,0.11666692671363671,0.27310508245207626,0.05981013629666012,512,0.11666692671363671,0.9999462794695481,0.05981013629666012,D:\499_4\FINAL_INFERENCE\A7_RGBN_REVISED7_FULL_AOI\tiles_geotiff\tile_r10_c00_prediction.tif,10,5,Grassland / Herbaceous Cover,512,512,tile_r10_c00,0.940136143172888,520195,260608,0.9999462794695481,0.0,0.0,0.0,512
1.5651702880859375,0.388336181640625,87.44888305664062,3.1307220458984375,6.2686920166015625,1.1981964111328125,0.0,0.00388336181640625,0.011981964111328125,0.00024312490131706,0.05867358559044078,0.000873364114481409,0.015651702880859375,0.0014409552348336595,18.77193360564738,98.9121948785296,36,0.015651702880859375,38,0.00388336181640625,5,0.8744888305664062,6,0.031307220458984375,115,0.06268692016601562,20,0.011981964111328125,0,0.0,1,EPSG:32647,UNLABELED_DEPLOYMENT,0.015651702880859375,0.8744888305664062,3,Tree / Woody Cover,0.01705257766634051,0.2769819198696663,0.35901627356016136,0.06268692016601562,512,0.2769819198696663,0.9371757507324219,0.07466888427734375,D:\499_4\FINAL_INFERENCE\A7_RGBN_REVISED7_FULL_AOI\tiles_geotiff\tile_r10_c01_prediction.tif,10,5,Grassland / Herbaceous Cover,512,512,tile_r10_c01,0.8744888305664062,523264,262144,0.9410591125488281,0.11736147134797648,0.031307220458984375,0.0005274584148727984,512
0.931549072265625,0.2475738525390625,92.4591064453125,1.241302490234375,5.1204681396484375,0.0,0.0,0.002475738525390625,0.0,9.225087705999613e-05,0.03636006487067789,0.0,0.00931549072265625,0.001928280944227006,18.77193988360617,98.92676896292888,28,0.00931549072265625,45,0.002475738525390625,17,0.924591064453125,7,0.01241302490234375,75,0.051204681396484375,0,0.0,0,0.0,2,EPSG:32647,UNLABELED_DEPLOYMENT,0.00931549072265625,0.924591064453125,3,Tree / Woody Cover,0.011563952421722113,0.17347465729281866,0.5114782366858035,0.051204681396484375,512,0.17347465729281866,0.9757957458496094,0.051204681396484375,D:\499_4\FINAL_INFERENCE\A7_RGBN_REVISED7_FULL_AOI\tiles_geotiff\tile_r10_c02_prediction.tif,10,5,Grassland / Herbaceous Cover,512,512,tile_r10_c02,0.924591064453125,523264,262144,0.978271484375,0.048450307571329176,0.01241302490234375,0.0012364695450097847,512
32.75947570800781,0.0469207763671875,60.00938415527344,1.0997772216796875,5.7773590087890625,0.3070831298828125,0.0,0.000469207763671875,0.003070831298828125,0.0006148400134406984,0.8620556858368218,2.1021893346379647e-05,0.3275947570800781,0.026560206702544033,18.771945025231933,98.94134305258268,120,0.3275947570800781,5,0.000469207763671875,174,0.6000938415527344,11,0.010997772216796875,121,0.057773590087890625,13,0.003070831298828125,0,0.0,3,EPSG:32647,UNLABELED_DEPLOYMENT,0.3275947570800781,0.6000938415527344,3,Tree / Woody Cover,0.03490589836105675,0.4664796600341087,0.43357724738561654,0.057773590087890625,512,0.4664796600341087,0.657867431640625,0.06084442138671875,D:\499_4\FINAL_INFERENCE\A7_RGBN_REVISED7_FULL_AOI\tiles_geotiff\tile_r10_c03_prediction.tif,10,1,Built-up & Impervious,512,512,tile_r10_c03,0.6000938415527344,523264,262144,0.6583366394042969,0.028940304648131132,0.010997772216796875,0.000802654109589041,512
64.25056457519531,0.3574371337890625,23.227310180664062,2.407073974609375,9.46502685546875,0.2925872802734375,0.0,0.003574371337890625,0.002925872802734375,0.009186215058434755,0.8402004447416402,0.00023315190802348335,0.6425056457519531,0.03590348275440313,18.771949030523075,98.9559171464453,141,0.6425056457519531,32,0.003574371337890625,248,0.23227310180664062,17,0.02407073974609375,160,0.0946502685546875,20,0.002925872802734375,0,0.0,4,EPSG:32647,UNLABELED_DEPLOYMENT,0.6425056457519531,0.6425056457519531,1,Built-up & Impervious,0.04819746819960861,0.5002139379636531,0.5887559799831704,0.0946502685546875,512,0.5002139379636531,0.3269233703613281,0.09757614135742188,D:\499_4\FINAL_INFERENCE\A7_RGBN_REVISED7_FULL_AOI\tiles_geotiff\tile_r10_c04_prediction.tif,10,3,Tree / Woody Cover,512,512,tile_r10_c04,0.23227310180664062,523264,262144,0.33049774169921875,0.03147714945953339,0.02407073974609375,0.0013358457681017612,512
90.69633483886719,0.8056640625,5.6011199951171875,0.672149658203125,2.19879150390625,0.02593994140625,0.0,0.008056640625,0.0002593994140625,0.02922831103205681,0.2829693540115841,0.0002694624510763209,0.9069633483886719,0.01741186093444227,18.771951899478356,98.97049124347097,29,0.9069633483886719,2,0.008056640625,150,0.056011199951171875,10,0.00672149658203125,70,0.0219879150390625,2,0.0002593994140625,0,0.0,5,EPSG:32647,UNLABELED_DEPLOYMENT,0.9069633483886719,0.9069633483886719,1,Built-up & Impervious,0.019775868395303327,0.20995120954801377,0.34882133682598643,0.0219879150390625,512,0.20995120954801377,0.07799911499023438,0.022247314453125,D:\499_4\FINAL_INFERENCE\A7_RGBN_REVISED7_FULL_AOI\tiles_geotiff\tile_r10_c05_prediction.tif,10,3,Tree / Woody Cover,512,512,tile_r10_c05,0.056011199951171875,523264,262144,0.08605575561523438,0.002097083139233291,0.00672149658203125,4.3954867906066534e-05,512
94.40040588378906,0.0,3.64990234375,0.0804901123046875,1.5499114990234375,0.3192901611328125,0.0,0.0,0.003192901611328125,0.0,0.19634581491118297,0.0,0.9440040588378906,0.010740276418786693,18.771953632096892,98.98506534261398,20,0.9440040588378906,0,0.0,135,0.0364990234375,4,0.000804901123046875,37,0.015499114990234375,15,0.003192901611328125,0,0.0,6,EPSG:32647,UNLABELED_DEPLOYMENT,0.9440040588378906,0.9440040588378906,1,Built-up & Impervious,0.012578736545988258,0.13561528264660816,0.49062957707755794,0.015499114990234375,512,0.13561528264660816,0.051998138427734375,0.0186920166015625,D:\499_4\FINAL_INFERENCE\A7_RGBN_REVISED7_FULL_AOI\tiles_geotiff\tile_r10_c06_prediction.tif,10,3,Tree / Woody Cover,512,512,tile_r10_c06,0.0364990234375,523264,262144,0.051998138427734375,0.00016741344006732106,0.000804901123046875,9.555406066536203e-06,512
81.19163513183594,0.52337646484375,11.72637939453125,4.5017242431640625,1.883697509765625,0.173187255859375,0.0,0.0052337646484375,0.00173187255859375,0.016997516388073564,0.4420097592519596,0.0010778498043052837,0.8119163513183594,0.018065450709393346,18.771954228378146,98.9996394428286,52,0.8119163513183594,108,0.0052337646484375,153,0.1172637939453125,19,0.045017242431640625,68,0.01883697509765625,11,0.00173187255859375,0,0.0,7,EPSG:32647,UNLABELED_DEPLOYMENT,0.8119163513183594,0.8119163513183594,1,Built-up & Impervious,0.026411142367906065,0.346065294089164,0.5166763154064004,0.01883697509765625,512,0.346065294089164,0.13610076904296875,0.02056884765625,D:\499_4\FINAL_INFERENCE\A7_RGBN_REVISED7_FULL_AOI\tiles_geotiff\tile_r10_c07_prediction.tif,10,3,Tree / Woody Cover,512,512,tile_r10_c07,0.1172637939453125,523264,262144,0.14133453369140625,0.024507525260560215,0.045017242431640625,0.0004854146281800391,512
68.96629333496094,0.7083892822265625,15.961456298828125,0.4856109619140625,13.1744384765625,0.7038116455078125,0.0,0.007083892822265625,0.007038116455078125,0.019541993213351816,0.8037578662624583,0.00026181812622309196,0.6896629333496094,0.03439372859589041,18.771953688321922,99.01421354306908,111,0.6896629333496094,12,0.007083892822265625,301,0.15961456298828125,4,0.004856109619140625,115,0.131744384765625,24,0.007038116455078125,0,0.0,8,EPSG:32647,TEST40,0.6896629333496094,0.6896629333496094,1,Built-up & Impervious,0.043329944349315065,0.46866949862030394,0.4172456756615486,0.131744384765625,512,0.46866949862030394,0.29135894775390625,0.13878250122070312,D:\499_4\FINAL_INFERENCE\A7_RGBN_REVISED7_FULL_AOI\tiles_geotiff\tile_r10_c08_prediction.tif,10,3,Tree / Woody Cover,512,512,tile_r10_c08,0.15961456298828125,523264,262144,0.2984428405761719,0.00565948395524174,0.004856109619140625,0.00010128730430528375,512
71.88606262207031,5.133056640625,12.963485717773438,2.7858734130859375,6.613922119140625,0.6175994873046875,0.0,0.05133056640625,0.006175994873046875,0.14759809244424105,0.5629371062968858,0.0011714927837573386,0.7188606262207031,0.028801904965753425,18.7719520119284,99.02878764228971,46,0.7188606262207031,82,0.05133056640625,282,0.12963485717773438,17,0.027858734130859375,164,0.06613922119140625,21,0.006175994873046875,0,0.0,9,EPSG:32647,TEST40,0.7188606262207031,0.7188606262207031,1,Built-up & Impervious,0.03984604329745597,0.4960983015056224,0.5483461257320422,0.06613922119140625,512,0.4960983015056224,0.19577407836914062,0.07231521606445312,D:\499_4\FINAL_INFERENCE\A7_RGBN_REVISED7_FULL_AOI\tiles_geotiff\tile_r10_c09_prediction.tif,10,3,Tree / Woody Cover,512,512,tile_r10_c09,0.12963485717773438,523264,262144,0.24710464477539062,0.021816071995999664,0.027858734130859375,0.0004089713796477495,512
57.05108642578125,4.39453125,26.8798828125,0.775146484375,10.436630249023438,0.4627227783203125,0.0,0.0439453125,0.004627227783203125,0.1002851128578186,0.8515790447127074,0.0010434503424657535,0.5705108642578125,0.030938493762230918,18.771949199198087,99.04336173944473,114,0.5705108642578125,113,0.0439453125,271,0.268798828125,22,0.00775146484375,188,0.10436630249023438,22,0.004627227783203125,0,0.0,10,EPSG:32647,TEST40,0.5705108642578125,0.5705108642578125,1,Built-up & Impervious,0.05047165484344423,0.5699382054264134,0.5655210011844789,0.10436630249023438,512,0.5699382054264134,0.3731651306152344,0.1089935302734375,D:\499_4\FINAL_INFERENCE\A7_RGBN_REVISED7_FULL_AOI\tiles_geotiff\tile_r10_c10_prediction.tif,10,3,Tree / Woody Cover,512,512,tile_r10_c10,0.268798828125,523264,262144,0.4171104431152344,0.011570305563509464,0.00775146484375,0.0012135365704500978,512
53.662872314453125,12.157440185546875,21.3165283203125,0.2902984619140625,11.665725708007812,0.907135009765625,0.0,0.12157440185546875,0.00907135009765625,0.2609612641390413,0.7079689946258441,0.0017524614726027398,0.5366287231445312,0.031974299779843444,18.771945250131875,99.05793583348843,78,0.5366287231445312,98,0.12157440185546875,315,0.213165283203125,13,0.002902984619140625,216,0.11665725708007812,12,0.00907135009765625,0,0.0,11,EPSG:32647,TEST40,0.5366287231445312,0.5366287231445312,1,Built-up & Impervious,0.0524438906555773,0.6320714743688659,0.6177274910515257,0.11665725708007812,512,0.6320714743688659,0.3298225402832031,0.12572860717773438,D:\499_4\FINAL_INFERENCE\A7_RGBN_REVISED7_FULL_AOI\tiles_geotiff\tile_r10_c11_prediction.tif,10,3,Tree / Woody Cover,512,512,tile_r10_c11,0.213165283203125,523264,262144,0.4513969421386719,0.0038298790459521115,0.002902984619140625,0.0004280821917808219,512
59.39445495605469,1.3339996337890625,21.129608154296875,1.3698577880859375,14.9017333984375,1.8703460693359375,0.0,0.013339996337890625,0.018703460693359375,0.03169287246419117,0.8560247571440414,0.00040323813600782777,0.5939445495605469,0.037556568003913895,18.771940164730967,99.0725099233751,123,0.5939445495605469,29,0.013339996337890625,324,0.21129608154296875,9,0.013698577880859375,240,0.149017333984375,68,0.018703460693359375,0,0.0,12,EPSG:32647,UNLABELED_DEPLOYMENT,0.5939445495605469,0.5939445495605469,1,Built-up & Impervious,0.05510411570450098,0.5716361409878548,0.5434777514854622,0.149017333984375,512,0.5716361409878548,0.36031341552734375,0.16772079467773438,D:\499_4\FINAL_INFERENCE\A7_RGBN_REVISED7_FULL_AOI\tiles_geotiff\tile_r10_c12_prediction.tif,10,3,Tree / Woody Cover,512,512,tile_r10_c12,0.21129608154296875,523264,262144,0.3736534118652344,0.019743125536479056,0.013698577880859375,0.0007128332925636008,512
47.60169982910156,16.385269165039062,21.783447265625,0.469970703125,13.349151611328125,0.41046142578125,0.0,0.16385269165039062,0.0041046142578125,0.3119866657652892,0.6689485703827813,0.001024339530332681,0.4760169982910156,0.0321730522260274,18.77193394299695,99.08708400805894,96,0.4760169982910156,83,0.16385269165039062,316,0.21783447265625,17,0.00469970703125,225,0.13349151611328125,39,0.0041046142578125,0,0.0,13,EPSG:32647,UNLABELED_DEPLOYMENT,0.4760169982910156,0.4760169982910156,1,Built-up & Impervious,0.05368609344422701,0.6671789493958922,0.6481227638490145,0.13349151611328125,512,0.6671789493958922,0.35132598876953125,0.13759613037109375,D:\499_4\FINAL_INFERENCE\A7_RGBN_REVISED7_FULL_AOI\tiles_geotiff\tile_r10_c13_prediction.tif,10,3,Tree / Woody Cover,512,512,tile_r10_c13,0.21783447265625,523264,262144,0.5151786804199219,0.006604516878724098,0.00469970703125,0.0006631451810176125,512
23.725128173828125,35.99853515625,18.684005737304688,4.735565185546875,15.447998046875,1.4087677001953125,0.0,0.3599853515625,0.014087677001953125,0.34162794426083565,0.3239144658436999,0.005735154721135029,0.23725128173828125,0.01881077238258317,18.77192658493175,99.1016580864943,179,0.23725128173828125,243,0.3599853515625,249,0.18684005737304688,22,0.04735565185546875,218,0.15447998046875,47,0.014087677001953125,0,0.0,14,EPSG:32647,VAL4,0.23725128173828125,0.3599853515625,2,Agricultural Land / Cropland,0.05750252262720157,0.7788354450991902,0.7248923113735847,0.15447998046875,512,0.7788354450991902,0.3413200378417969,0.16856765747070312,D:\499_4\FINAL_INFERENCE\A7_RGBN_REVISED7_FULL_AOI\tiles_geotiff\tile_r10_c14_prediction.tif,10,1,Built-up & Impervious,512,512,tile_r10_c14,0.18684005737304688,523264,262144,0.7013053894042969,0.06465373153332621,0.04735565185546875,0.00272902397260274,512
24.317169189453125,20.127105712890625,47.8118896484375,0.728607177734375,6.941986083984375,0.0732421875,0.0,0.20127105712890625,0.000732421875,0.19577369396574795,0.5325837039854378,0.002400318003913894,0.24317169189453125,0.02914398850293542,18.771918090537657,99.11623215763541,176,0.24317169189453125,228,0.20127105712890625,244,0.478118896484375,26,0.00728607177734375,185,0.06941986083984375,7,0.000732421875,0,0.0,15,EPSG:32647,UNLABELED_DEPLOYMENT,0.24317169189453125,0.478118896484375,3,Tree / Woody Cover,0.05864343811154599,0.6401287570852792,0.5721879592757972,0.06941986083984375,512,0.6401287570852792,0.5475387573242188,0.07015228271484375,D:\499_4\FINAL_INFERENCE\A7_RGBN_REVISED7_FULL_AOI\tiles_geotiff\tile_r10_c15_prediction.tif,10,1,Built-up & Impervious,512,512,tile_r10_c15,0.478118896484375,523264,262144,0.748809814453125,0.015957626746967435,0.00728607177734375,0.001001406555772994,512
5.479600694444445,48.92578125,38.12210648148148,0.68359375,6.694878472222222,0.09403935185185185,0.0,0.4892578125,0.0009403935185185185,0.1072374979654948,0.09823167275008841,0.0024369839595533406,0.05479600694444445,0.008174808132979303,18.771912376111747,99.12508476324963,35,0.05479600694444445,90,0.4892578125,53,0.3812210648148148,14,0.0068359375,53,0.06694878472222222,4,0.0009403935185185185,0,0.0,16,EPSG:32647,UNLABELED_DEPLOYMENT,0.05479600694444445,0.4892578125,2,Agricultural Land / Cropland,0.05013094242170734,0.5643538724821459,0.465876639402538,0.06694878472222222,512,0.5643538724821459,0.44816984953703703,0.06788917824074074,D:\499_4\FINAL_INFERENCE\A7_RGBN_REVISED7_FULL_AOI\tiles_geotiff\tile_r10_c16_prediction.tif,10,3,Tree / Woody Cover,512,110,tile_r10_c16,0.3812210648148148,109972,55296,0.9374276620370371,0.012254644323278356,0.0068359375,0.001100280071290874,110
0.23334763816938972,0.0,97.19982834196732,0.0,2.5668240198632866,0.0,0.0,0.0,0.0,0.0,0.009312125078679895,0.0,0.002333476381693897,0.0011191179124131869,18.75804397771955,98.89762917704805,30,0.002333476381693897,0,0.0,5,0.9719982834196732,0,0.0,43,0.025668240198632866,0,0.0,0,0.0,0,EPSG:32647,UNLABELED_DEPLOYMENT,0.002333476381693897,0.9719982834196732,3,Tree / Woody Cover,0.004883423617802997,0.06976565677822469,0.5276972701649904,0.025668240198632866,512,0.06976565677822469,0.9976665236183061,0.025668240198632866,D:\499_4\FINAL_INFERENCE\A7_RGBN_REVISED7_FULL_AOI\tiles_geotiff\tile_r11_c00_prediction.tif,11,5,Grassland / Herbaceous Cover,512,512,tile_r11_c00,0.9719982834196732,520946,260984,0.9976665236183061,0.0,0.0,0.0,512
2.1358489990234375,0.1865386962890625,93.90144348144531,0.131988525390625,3.4946441650390625,0.1495361328125,0.0,0.001865386962890625,0.001495361328125,0.00015936739509925246,0.08320933452341706,0.00047203705968688843,0.021358489990234375,0.004276999755381605,18.75805138612857,98.91220206270697,72,0.021358489990234375,11,0.001865386962890625,11,0.9390144348144531,10,0.00131988525390625,72,0.034946441650390625,6,0.001495361328125,0,0.0,1,EPSG:32647,UNLABELED_DEPLOYMENT,0.021358489990234375,0.9390144348144531,3,Tree / Woody Cover,0.011479864848336595,0.14833578109522325,0.5113116109697498,0.034946441650390625,512,0.14833578109522325,0.9739608764648438,0.036441802978515625,D:\499_4\FINAL_INFERENCE\A7_RGBN_REVISED7_FULL_AOI\tiles_geotiff\tile_r11_c01_prediction.tif,11,5,Grassland / Herbaceous Cover,512,512,tile_r11_c01,0.9390144348144531,523264,262144,0.9758262634277344,0.005142066394910216,0.00131988525390625,0.00038412732387475536,512
21.462249755859375,1.715087890625,56.82563781738281,2.35595703125,17.347335815429688,0.293731689453125,0.0,0.01715087890625,0.00293731689453125,0.01472385786473751,0.6367675540968776,0.0005331916585127202,0.21462249755859375,0.02795338490704501,18.75805765910782,98.92677495466376,221,0.21462249755859375,69,0.01715087890625,174,0.5682563781738281,17,0.0235595703125,208,0.17347335815429688,17,0.00293731689453125,0,0.0,2,EPSG:32647,UNLABELED_DEPLOYMENT,0.21462249755859375,0.5682563781738281,3,Tree / Woody Cover,0.04848986362524462,0.5809552424111959,0.4974140153096765,0.17347335815429688,512,0.5809552424111959,0.741729736328125,0.17641067504882812,D:\499_4\FINAL_INFERENCE\A7_RGBN_REVISED7_FULL_AOI\tiles_geotiff\tile_r11_c02_prediction.tif,11,1,Built-up & Impervious,512,512,tile_r11_c02,0.5682563781738281,523264,262144,0.758880615234375,0.06989933550357819,0.0235595703125,0.0011791371086105676,512
56.56700134277344,2.6020050048828125,20.7061767578125,4.6260833740234375,14.933395385742188,0.565338134765625,0.0,0.026020050048828125,0.00565338134765625,0.058875048242043704,0.8064094901201315,0.0011810481898238748,0.5656700134277344,0.035784995719178085,18.75806279665537,98.9413478518731,127,0.5656700134277344,106,0.026020050048828125,327,0.207061767578125,14,0.046260833740234375,170,0.14933395385742188,39,0.00565338134765625,0,0.0,3,EPSG:32647,UNLABELED_DEPLOYMENT,0.5656700134277344,0.5656700134277344,1,Built-up & Impervious,0.05457092404598826,0.6160143122060308,0.5806564331589668,0.14933395385742188,512,0.6160143122060308,0.3563957214355469,0.15498733520507812,D:\499_4\FINAL_INFERENCE\A7_RGBN_REVISED7_FULL_AOI\tiles_geotiff\tile_r11_c03_prediction.tif,11,3,Tree / Woody Cover,512,512,tile_r11_c03,0.207061767578125,523264,262144,0.382415771484375,0.06594865286024287,0.046260833740234375,0.0006593230185909981,512
78.0487060546875,0.5767822265625,8.3526611328125,6.8935394287109375,4.9510955810546875,1.177215576171875,0.0,0.005767822265625,0.01177215576171875,0.018006842583417892,0.4153363988734782,0.0006000795009784735,0.780487060546875,0.021820725293542075,18.758066798769608,98.95592075328969,78,0.780487060546875,63,0.005767822265625,212,0.083526611328125,4,0.06893539428710938,128,0.049510955810546875,24,0.01177215576171875,0,0.0,4,EPSG:32647,UNLABELED_DEPLOYMENT,0.780487060546875,0.780487060546875,1,Built-up & Impervious,0.03023903803816047,0.41934398970672226,0.4641983414296969,0.049510955810546875,512,0.41934398970672226,0.13303756713867188,0.061283111572265625,D:\499_4\FINAL_INFERENCE\A7_RGBN_REVISED7_FULL_AOI\tiles_geotiff\tile_r11_c04_prediction.tif,11,3,Tree / Woody Cover,512,512,tile_r11_c04,0.083526611328125,523264,262144,0.13880538940429688,0.036683988582808524,0.06893539428710938,0.000508347602739726,512
90.89393615722656,0.0,4.1339874267578125,0.01220703125,4.6947479248046875,0.2651214599609375,0.0,0.0,0.002651214599609375,0.0,0.32099140295758843,0.0,0.9089393615722656,0.01848397749510763,18.75806966544931,98.97049365786812,24,0.9089393615722656,0,0.0,162,0.041339874267578125,1,0.0001220703125,109,0.046947479248046875,8,0.002651214599609375,0,0.0,5,EPSG:32647,UNLABELED_DEPLOYMENT,0.9089393615722656,0.9089393615722656,1,Built-up & Impervious,0.01973955785225049,0.19472479329815237,0.4331726052884986,0.046947479248046875,512,0.19472479329815237,0.088287353515625,0.04959869384765625,D:\499_4\FINAL_INFERENCE\A7_RGBN_REVISED7_FULL_AOI\tiles_geotiff\tile_r11_c05_prediction.tif,11,5,Grassland / Herbaceous Cover,512,512,tile_r11_c05,0.041339874267578125,523264,262144,0.088287353515625,4.310905933380127e-05,0.0001220703125,0.0,512
60.95237731933594,1.47552490234375,28.716659545898438,1.7482757568359375,6.86187744140625,0.2452850341796875,0.0,0.0147552490234375,0.002452850341796875,0.035974700236693025,0.867438564368058,0.0008618976272015656,0.6095237731933594,0.03021037181996086,18.75807139669357,98.9850665645631,114,0.6095237731933594,55,0.0147552490234375,196,0.2871665954589844,7,0.017482757568359375,121,0.0686187744140625,13,0.002452850341796875,0,0.0,6,EPSG:32647,TRAIN14,0.6095237731933594,0.6095237731933594,1,Built-up & Impervious,0.039867065190802346,0.5095804353399102,0.5042201048614957,0.0686187744140625,512,0.5095804353399102,0.3557853698730469,0.07107162475585938,D:\499_4\FINAL_INFERENCE\A7_RGBN_REVISED7_FULL_AOI\tiles_geotiff\tile_r11_c06_prediction.tif,11,3,Tree / Woody Cover,512,512,tile_r11_c06,0.2871665954589844,523264,262144,0.3705406188964844,0.0248804374714382,0.017482757568359375,0.00016626406555772993,512
80.91926574707031,0.6069183349609375,10.100173950195312,5.279541015625,2.9613494873046875,0.13275146484375,0.0,0.006069183349609375,0.0013275146484375,0.019644554413389415,0.42277155444025993,0.0011963368395303327,0.8091926574707031,0.02183219178082192,18.758071992501865,98.99963947232928,69,0.8091926574707031,75,0.006069183349609375,251,0.10100173950195312,4,0.05279541015625,82,0.029613494873046875,14,0.0013275146484375,0,0.0,7,EPSG:32647,UNLABELED_DEPLOYMENT,0.8091926574707031,0.8091926574707031,1,Built-up & Impervious,0.030240949119373778,0.3608428753990154,0.6007104027125284,0.029613494873046875,512,0.3608428753990154,0.130615234375,0.030941009521484375,D:\499_4\FINAL_INFERENCE\A7_RGBN_REVISED7_FULL_AOI\tiles_geotiff\tile_r11_c07_prediction.tif,11,3,Tree / Woody Cover,512,512,tile_r11_c07,0.10100173950195312,523264,262144,0.13668441772460938,0.027583539485931396,0.05279541015625,0.0002312408268101761,512
79.03327941894531,1.3957977294921875,9.60845947265625,0.0957489013671875,9.695053100585938,0.171661376953125,0.0,0.013957977294921875,0.00171661376953125,0.0441257887869142,0.6102479611872695,0.0004968811154598826,0.7903327941894531,0.01875726210861057,18.758071452874,99.01421238012131,62,0.7903327941894531,13,0.013957977294921875,200,0.0960845947265625,9,0.000957489013671875,92,0.09695053100585938,29,0.00171661376953125,0,0.0,8,EPSG:32647,TEST40,0.7903327941894531,0.7903327941894531,1,Built-up & Impervious,0.025589377446183954,0.3671786526977978,0.5027486455829017,0.09695053100585938,512,0.3671786526977978,0.19303512573242188,0.09866714477539062,D:\499_4\FINAL_INFERENCE\A7_RGBN_REVISED7_FULL_AOI\tiles_geotiff\tile_r11_c08_prediction.tif,11,5,Grassland / Herbaceous Cover,512,512,tile_r11_c08,0.0960845947265625,523264,262144,0.20699310302734375,0.000739316048566252,0.000957489013671875,5.351027397260274e-05,512
76.78146362304688,7.3925018310546875,8.90045166015625,0.7232666015625,5.812835693359375,0.3894805908203125,0.0,0.07392501831054688,0.003894805908203125,0.22704284416977316,0.45188309508375823,0.0028073783023483366,0.7678146362304688,0.021520685543052837,18.758069777810157,99.02878528689388,69,0.7678146362304688,31,0.07392501831054688,222,0.0890045166015625,24,0.007232666015625,119,0.05812835693359375,17,0.003894805908203125,0,0.0,9,EPSG:32647,TEST40,0.7678146362304688,0.7678146362304688,1,Built-up & Impervious,0.03204692086594912,0.42826412738911646,0.6231486500165145,0.05812835693359375,512,0.42826412738911646,0.14713287353515625,0.062023162841796875,D:\499_4\FINAL_INFERENCE\A7_RGBN_REVISED7_FULL_AOI\tiles_geotiff\tile_r11_c09_prediction.tif,11,3,Tree / Woody Cover,512,512,tile_r11_c09,0.0890045166015625,523264,262144,0.22105789184570312,0.004256651736795902,0.007232666015625,0.0003898605675146771,512
71.08726501464844,4.3247222900390625,12.185287475585938,0.4055023193359375,11.50360107421875,0.493621826171875,0.0,0.043247222900390625,0.00493621826171875,0.12297307181870565,0.6735913192969747,0.0011734038649706458,0.7108726501464844,0.02695580051369863,18.758066967310835,99.04335819160161,102,0.7108726501464844,43,0.043247222900390625,344,0.12185287475585938,10,0.004055023193359375,167,0.1150360107421875,23,0.00493621826171875,0,0.0,10,EPSG:32647,TEST40,0.7108726501464844,0.7108726501464844,1,Built-up & Impervious,0.043394921110567516,0.4790748205240344,0.622456134814,0.1150360107421875,512,0.4790748205240344,0.23688888549804688,0.11997222900390625,D:\499_4\FINAL_INFERENCE\A7_RGBN_REVISED7_FULL_AOI\tiles_geotiff\tile_r11_c10_prediction.tif,11,3,Tree / Woody Cover,512,512,tile_r11_c10,0.12185287475585938,523264,262144,0.2801361083984375,0.0038423596997745335,0.004055023193359375,0.0007262108610567514,512
62.15934753417969,7.9891204833984375,16.614151000976562,1.5186309814453125,10.395431518554688,1.3233184814453125,0.0,0.07989120483398438,0.013233184814453125,0.19863940664799884,0.671559210633859,0.0017448171477495108,0.6215934753417969,0.02904652336105675,18.758063021376923,99.05793109319922,93,0.6215934753417969,86,0.07989120483398438,266,0.16614151000976562,13,0.015186309814453125,200,0.10395431518554688,32,0.013233184814453125,0,0.0,11,EPSG:32647,TEST40,0.6215934753417969,0.6215934753417969,1,Built-up & Impervious,0.047773208170254405,0.5919118160665089,0.5350779348046849,0.10395431518554688,512,0.5919118160665089,0.2700958251953125,0.1171875,D:\499_4\FINAL_INFERENCE\A7_RGBN_REVISED7_FULL_AOI\tiles_geotiff\tile_r11_c11_prediction.tif,11,3,Tree / Woody Cover,512,512,tile_r11_c11,0.16614151000976562,523264,262144,0.3499870300292969,0.01640703552402556,0.015186309814453125,0.0010912273727984344,512
56.3262939453125,13.75732421875,13.567352294921875,1.2645721435546875,13.994216918945312,1.090240478515625,0.0,0.1375732421875,0.01090240478515625,0.30995963513851166,0.6209764196537435,0.003199149951076321,0.563262939453125,0.028553464408023484,18.75805794000964,99.07250399064132,85,0.563262939453125,63,0.1375732421875,363,0.13567352294921875,10,0.012645721435546875,221,0.13994216918945312,28,0.01090240478515625,0,0.0,12,EPSG:32647,UNLABELED_DEPLOYMENT,0.563262939453125,0.563262939453125,1,Built-up & Impervious,0.05157817086594912,0.6408050586509808,0.5663105632999755,0.13994216918945312,512,0.6408050586509808,0.2756156921386719,0.15084457397460938,D:\499_4\FINAL_INFERENCE\A7_RGBN_REVISED7_FULL_AOI\tiles_geotiff\tile_r11_c12_prediction.tif,11,5,Grassland / Herbaceous Cover,512,512,tile_r11_c12,0.13567352294921875,523264,262144,0.4131889343261719,0.013941437064204365,0.012645721435546875,0.000707100048923679,512
37.148284912109375,28.857803344726562,22.125244140625,0.1483917236328125,10.558319091796875,1.161956787109375,0.0,0.2885780334472656,0.01161956787109375,0.4288071602350101,0.4856553275603801,0.003946382705479452,0.37148284912109375,0.028062316536203523,18.758051723210556,99.08707688288258,118,0.37148284912109375,95,0.2885780334472656,301,0.22125244140625,7,0.001483917236328125,249,0.10558319091796875,34,0.01161956787109375,0,0.0,13,EPSG:32647,UNLABELED_DEPLOYMENT,0.37148284912109375,0.37148284912109375,1,Built-up & Impervious,0.05428235078277886,0.6984191779663612,0.5188781741348197,0.10558319091796875,512,0.6984191779663612,0.32683563232421875,0.1172027587890625,D:\499_4\FINAL_INFERENCE\A7_RGBN_REVISED7_FULL_AOI\tiles_geotiff\tile_r11_c13_prediction.tif,11,2,Agricultural Land / Cropland,512,512,tile_r11_c13,0.22125244140625,523264,262144,0.6154136657714844,0.0019399881130084395,0.001483917236328125,0.0001414200097847358,512
25.4730224609375,15.861129760742188,40.68336486816406,0.2185821533203125,16.748428344726562,1.015472412109375,0.0,0.15861129760742188,0.01015472412109375,0.161612365860492,0.5851845433935523,0.002016190680039139,0.254730224609375,0.027775654354207438,18.758044370981608,99.1016497688777,168,0.254730224609375,91,0.15861129760742188,184,0.4068336486816406,8,0.002185821533203125,255,0.16748428344726562,25,0.01015472412109375,0,0.0,14,EPSG:32647,UNLABELED_DEPLOYMENT,0.254730224609375,0.4068336486816406,3,Tree / Woody Cover,0.05668840203033268,0.7017607912112332,0.5718878475535107,0.16748428344726562,512,0.7017607912112332,0.5743179321289062,0.17763900756835938,D:\499_4\FINAL_INFERENCE\A7_RGBN_REVISED7_FULL_AOI\tiles_geotiff\tile_r11_c14_prediction.tif,11,1,Built-up & Impervious,512,512,tile_r11_c14,0.4068336486816406,523264,262144,0.7329292297363281,0.005021426011808217,0.002185821533203125,0.0003764829990215264,512
14.800643920898438,7.8678131103515625,61.3372802734375,1.0921478271484375,14.767837524414062,0.13427734375,0.0,0.07867813110351562,0.0013427734375,0.04657948011299595,0.4505618996336125,0.0005140808463796478,0.14800643920898438,0.0242821978962818,18.75803588332506,99.11622264758134,175,0.14800643920898438,77,0.07867813110351562,146,0.613372802734375,15,0.010921478271484375,225,0.14767837524414062,7,0.0013427734375,0,0.0,15,EPSG:32647,UNLABELED_DEPLOYMENT,0.14800643920898438,0.613372802734375,3,Tree / Woody Cover,0.04957535775440313,0.5772527889734211,0.5848616781976805,0.14767837524414062,512,0.5772527889734211,0.7610511779785156,0.14902114868164062,D:\499_4\FINAL_INFERENCE\A7_RGBN_REVISED7_FULL_AOI\tiles_geotiff\tile_r11_c15_prediction.tif,11,1,Built-up & Impervious,512,512,tile_r11_c15,0.613372802734375,523264,262144,0.8397293090820312,0.033247215615119785,0.010921478271484375,0.0015288649706457925,512
29.390914351851855,14.892578125,42.04644097222222,0.11574074074074073,13.550708912037038,0.0036168981481481477,0.0,0.14892578125,3.616898148148148e-05,0.17508259526005499,0.6536204281821336,0.001664059942530826,0.29390914351851855,0.04223802422434802,18.758030173431695,99.12507452888447,50,0.29390914351851855,29,0.14892578125,58,0.4204644097222222,13,0.0011574074074074073,65,0.13550708912037038,2,3.616898148148148e-05,0,0.0,16,EPSG:32647,UNLABELED_DEPLOYMENT,0.29390914351851855,0.4204644097222222,3,Tree / Woody Cover,0.07250936602044157,0.6612916711376734,0.5340496757472013,0.13550708912037038,512,0.6612916711376734,0.5559714988425926,0.13554325810185186,D:\499_4\FINAL_INFERENCE\A7_RGBN_REVISED7_FULL_AOI\tiles_geotiff\tile_r11_c16_prediction.tif,11,1,Built-up & Impervious,512,110,tile_r11_c16,0.4204644097222222,109972,55296,0.7048972800925926,0.0025739421242712618,0.0011574074074074073,0.00014549157967482632,110
2.4659160539215685,0.003446691176470588,92.16375612745098,0.08540134803921569,5.281479779411765,0.0,0.0,3.446691176470588e-05,0.0,3.3997004419874567e-06,0.09611670864036292,1.343008107931806e-05,0.024659160539215685,0.0036836793817558106,18.7441617434952,98.89763754632229,17,0.024659160539215685,1,3.446691176470588e-05,17,0.9216375612745098,6,0.0008540134803921569,98,0.05281479779411766,0,0.0,0,0.0,0,EPSG:32647,UNLABELED_DEPLOYMENT,0.024659160539215685,0.9216375612745098,3,Tree / Woody Cover,0.012942760994439946,0.1686750257830888,0.39557102863062454,0.05281479779411766,512,0.1686750257830888,0.9744523590686275,0.05281479779411766,D:\499_4\FINAL_INFERENCE\A7_RGBN_REVISED7_FULL_AOI\tiles_geotiff\tile_r12_c00_prediction.tif,12,5,Grassland / Herbaceous Cover,512,512,tile_r12_c00,0.9216375612745098,521218,261120,0.9744868259803922,0.003328781802578185,0.0008540134803921569,0.0003261591119262957,512
6.8302154541015625,0.008392333984375,87.21237182617188,3.5980224609375,2.2739410400390625,0.077056884765625,0.0,8.392333984375e-05,0.00077056884765625,2.2928579710423946e-05,0.24448431882774457,1.7199730919765165e-05,0.06830215454101562,0.013171171722113503,18.744169146024312,98.91220924058645,147,0.06830215454101562,2,8.392333984375e-05,26,0.8721237182617188,14,0.035980224609375,104,0.022739410400390625,4,0.00077056884765625,0,0.0,1,EPSG:32647,UNLABELED_DEPLOYMENT,0.06830215454101562,0.8721237182617188,3,Tree / Woody Cover,0.02051545682485323,0.2644591600090868,0.4546780707467546,0.022739410400390625,512,0.2644591600090868,0.8948631286621094,0.023509979248046875,D:\499_4\FINAL_INFERENCE\A7_RGBN_REVISED7_FULL_AOI\tiles_geotiff\tile_r12_c01_prediction.tif,12,1,Built-up & Impervious,512,512,tile_r12_c01,0.8721237182617188,523264,262144,0.8949470520019531,0.12878950545564294,0.035980224609375,0.002149966364970646,512
49.39613342285156,0.435638427734375,38.39569091796875,1.58843994140625,9.760665893554688,0.423431396484375,0.0,0.00435638427734375,0.00423431396484375,0.008607541560195386,0.9514951304881833,0.00022741866438356163,0.4939613342285156,0.04143415178571429,18.74417541402482,98.92678094114609,198,0.4939613342285156,46,0.00435638427734375,283,0.3839569091796875,16,0.0158843994140625,180,0.09760665893554688,12,0.00423431396484375,0,0.0,2,EPSG:32647,UNLABELED_DEPLOYMENT,0.4939613342285156,0.4939613342285156,1,Built-up & Impervious,0.0542651510518591,0.5424995430878202,0.4971310325688226,0.09760665893554688,512,0.5424995430878202,0.4815635681152344,0.10184097290039062,D:\499_4\FINAL_INFERENCE\A7_RGBN_REVISED7_FULL_AOI\tiles_geotiff\tile_r12_c02_prediction.tif,12,3,Tree / Woody Cover,512,512,tile_r12_c02,0.3839569091796875,523264,262144,0.4859199523925781,0.030597392236813903,0.0158843994140625,0.0010682943982387475,512
75.390625,0.009918212890625,15.215682983398438,0.1068115234375,9.128570556640625,0.1483917236328125,0.0,9.918212890625e-05,0.001483917236328125,0.00029909610748291016,0.734131395816803,3.439946183953033e-05,0.75390625,0.03232784980430528,18.744180547494793,98.94135264695633,72,0.75390625,9,9.918212890625e-05,300,0.15215682983398438,6,0.001068115234375,138,0.09128570556640625,21,0.001483917236328125,0,0.0,3,EPSG:32647,UNLABELED_DEPLOYMENT,0.75390625,0.75390625,1,Built-up & Impervious,0.03704248715753425,0.3781570506872247,0.49535914938455594,0.09128570556640625,512,0.3781570506872247,0.24344253540039062,0.09276962280273438,D:\499_4\FINAL_INFERENCE\A7_RGBN_REVISED7_FULL_AOI\tiles_geotiff\tile_r12_c03_prediction.tif,12,3,Tree / Woody Cover,512,512,tile_r12_c03,0.15215682983398438,523264,262144,0.24354171752929688,0.0010400987230241299,0.001068115234375,3.057729941291585e-05,512
88.4735107421875,0.0324249267578125,5.89752197265625,1.0906219482421875,4.30755615234375,0.1983642578125,0.0,0.000324249267578125,0.001983642578125,0.0011474988423287868,0.36115163564682007,6.11545988258317e-05,0.884735107421875,0.01890059319960861,18.74418454643263,98.95592435697219,44,0.884735107421875,9,0.000324249267578125,224,0.0589752197265625,3,0.010906219482421875,71,0.0430755615234375,9,0.001983642578125,0,0.0,4,EPSG:32647,UNLABELED_DEPLOYMENT,0.884735107421875,0.884735107421875,1,Built-up & Impervious,0.022185741805283758,0.24409149444206493,0.47020482000378205,0.0430755615234375,512,0.24409149444206493,0.10205078125,0.0450592041015625,D:\499_4\FINAL_INFERENCE\A7_RGBN_REVISED7_FULL_AOI\tiles_geotiff\tile_r12_c04_prediction.tif,12,3,Tree / Woody Cover,512,512,tile_r12_c04,0.0589752197265625,523264,262144,0.10237503051757812,0.004451952874660492,0.010906219482421875,0.00019684136497064578,512
80.38558959960938,1.0498046875,9.695816040039062,0.8243560791015625,7.4054718017578125,0.6389617919921875,0.0,0.010498046875,0.006389617919921875,0.03375566750764847,0.5498788424301893,0.0006096349070450098,0.8038558959960938,0.027569257583170255,18.7441874108371,98.97049607014873,58,0.8038558959960938,22,0.010498046875,252,0.09695816040039062,8,0.008243560791015625,115,0.07405471801757812,17,0.006389617919921875,0,0.0,5,EPSG:32647,UNLABELED_DEPLOYMENT,0.8038558959960938,0.8038558959960938,1,Built-up & Impervious,0.0356053540851272,0.3670251530593516,0.6156406460299525,0.07405471801757812,512,0.3670251530593516,0.17101287841796875,0.0804443359375,D:\499_4\FINAL_INFERENCE\A7_RGBN_REVISED7_FULL_AOI\tiles_geotiff\tile_r12_c05_prediction.tif,12,3,Tree / Woody Cover,512,512,tile_r12_c05,0.09695816040039062,523264,262144,0.18151092529296875,0.0056390202371403575,0.008243560791015625,0.00031723948140900194,512
67.22831726074219,3.72314453125,20.357131958007812,2.8957366943359375,5.2337646484375,0.5619049072265625,0.0,0.0372314453125,0.005619049072265625,0.1001202967017889,0.6881731664179824,0.00217481042074364,0.6722831726074219,0.027907518957925637,18.744189140707302,98.98506778544102,90,0.6722831726074219,116,0.0372314453125,246,0.20357131958007812,7,0.028957366943359375,150,0.052337646484375,24,0.005619049072265625,0,0.0,6,EPSG:32647,UNLABELED_DEPLOYMENT,0.6722831726074219,0.6722831726074219,1,Built-up & Impervious,0.04241071428571429,0.5136785128291463,0.5308598555820708,0.052337646484375,512,0.5136785128291463,0.2559089660644531,0.057956695556640625,D:\499_4\FINAL_INFERENCE\A7_RGBN_REVISED7_FULL_AOI\tiles_geotiff\tile_r12_c06_prediction.tif,12,3,Tree / Woody Cover,512,512,tile_r12_c06,0.20357131958007812,523264,262144,0.2931404113769531,0.029641799337696284,0.028957366943359375,0.0001834637964774951,512
64.06707763671875,3.0147552490234375,19.604110717773438,0.55084228515625,11.67449951171875,1.088714599609375,0.0,0.030147552490234375,0.01088714599609375,0.07725862343795598,0.8015716599766165,0.0009096746575342465,0.6406707763671875,0.03374969422700587,18.74418973604272,98.99963950180408,129,0.6406707763671875,84,0.030147552490234375,257,0.19604110717773438,11,0.0055084228515625,210,0.1167449951171875,34,0.01088714599609375,0,0.0,7,EPSG:32647,UNLABELED_DEPLOYMENT,0.6406707763671875,0.6406707763671875,1,Built-up & Impervious,0.04932118395303327,0.5338673847929492,0.610655130844553,0.1167449951171875,512,0.5338673847929492,0.3127861022949219,0.12763214111328125,D:\499_4\FINAL_INFERENCE\A7_RGBN_REVISED7_FULL_AOI\tiles_geotiff\tile_r12_c07_prediction.tif,12,3,Tree / Woody Cover,512,512,tile_r12_c07,0.19604110717773438,523264,262144,0.34293365478515625,0.0068918324541300535,0.0055084228515625,0.00047394814090019567,512
80.94596862792969,0.409698486328125,12.799835205078125,0.59356689453125,4.8961639404296875,0.354766845703125,0.0,0.00409698486328125,0.00354766845703125,0.013265376328490674,0.5729679166688584,0.0002350629892367906,0.8094596862792969,0.02857066413894325,18.74418919684315,99.01421121819303,53,0.8094596862792969,24,0.00409698486328125,262,0.12799835205078125,10,0.0059356689453125,105,0.048961639404296875,17,0.00354766845703125,0,0.0,8,EPSG:32647,UNLABELED_DEPLOYMENT,0.8094596862792969,0.8094596862792969,1,Built-up & Impervious,0.03463261374755382,0.3365586646476479,0.592935537637744,0.048961639404296875,512,0.3365586646476479,0.17695999145507812,0.052509307861328125,D:\499_4\FINAL_INFERENCE\A7_RGBN_REVISED7_FULL_AOI\tiles_geotiff\tile_r12_c08_prediction.tif,12,3,Tree / Woody Cover,512,512,tile_r12_c08,0.12799835205078125,523264,262144,0.18105697631835938,0.00420150370337069,0.0059356689453125,0.00022741866438356163,512
66.15219116210938,10.660934448242188,10.010147094726562,0.5489349365234375,11.1114501953125,1.5163421630859375,0.0,0.10660934448242188,0.015163421630859375,0.2820976694347337,0.5588959766319022,0.003065374266144814,0.6615219116210938,0.018917792930528376,18.744187523108774,99.02878293356287,74,0.6615219116210938,168,0.10660934448242188,190,0.10010147094726562,14,0.005489349365234375,224,0.111114501953125,44,0.015163421630859375,0,0.0,9,EPSG:32647,UNLABELED_DEPLOYMENT,0.6615219116210938,0.6615219116210938,1,Built-up & Impervious,0.038580907534246575,0.5543025724171825,0.5628778195378151,0.111114501953125,512,0.5543025724171825,0.21121597290039062,0.12627792358398438,D:\499_4\FINAL_INFERENCE\A7_RGBN_REVISED7_FULL_AOI\tiles_geotiff\tile_r12_c09_prediction.tif,12,5,Grassland / Herbaceous Cover,512,512,tile_r12_c09,0.10010147094726562,523264,262144,0.3178253173828125,0.004637753067072481,0.005489349365234375,0.00027901785714285713,512
64.55039978027344,10.9130859375,11.80572509765625,0.6526947021484375,10.146331787109375,1.9317626953125,0.0,0.109130859375,0.019317626953125,0.28177762404084206,0.56680561916437,0.0017811276908023482,0.6455039978027344,0.026516251834637964,18.744184714840095,99.04335464686865,98,0.6455039978027344,54,0.109130859375,278,0.1180572509765625,10,0.006526947021484375,169,0.10146331787109375,36,0.019317626953125,0,0.0,10,EPSG:32647,UNLABELED_DEPLOYMENT,0.6455039978027344,0.6455039978027344,1,Built-up & Impervious,0.04293243945694716,0.5744239452106605,0.5363291331079905,0.10146331787109375,512,0.5744239452106605,0.21952056884765625,0.12078094482421875,D:\499_4\FINAL_INFERENCE\A7_RGBN_REVISED7_FULL_AOI\tiles_geotiff\tile_r12_c10_prediction.tif,12,3,Tree / Woody Cover,512,512,tile_r12_c10,0.1180572509765625,523264,262144,0.32865142822265625,0.0057311964919790626,0.006526947021484375,0.0005045254403131115,512
45.51734924316406,26.385879516601562,15.805435180664062,1.7635345458984375,10.263442993164062,0.2643585205078125,0.0,0.2638587951660156,0.002643585205078125,0.4804061172180809,0.4746344928862527,0.00547142551369863,0.4551734924316406,0.02491858794031311,18.744180772037993,99.05792635706548,101,0.4551734924316406,179,0.2638587951660156,303,0.15805435180664062,13,0.017635345458984375,204,0.10263442993164062,21,0.002643585205078125,0,0.0,11,EPSG:32647,UNLABELED_DEPLOYMENT,0.4551734924316406,0.4551734924316406,1,Built-up & Impervious,0.0522852709148728,0.6793445628469101,0.5772848557213749,0.10263442993164062,512,0.6793445628469101,0.26068878173828125,0.10527801513671875,D:\499_4\FINAL_INFERENCE\A7_RGBN_REVISED7_FULL_AOI\tiles_geotiff\tile_r12_c11_prediction.tif,12,2,Agricultural Land / Cropland,512,512,tile_r12_c11,0.15805435180664062,523264,262144,0.5245475769042969,0.01838934689294547,0.017635345458984375,0.001580464163405088,512
47.75733947753906,25.309371948242188,15.331268310546875,0.598907470703125,10.88104248046875,0.1220703125,0.0,0.2530937194824219,0.001220703125,0.48348330723820254,0.5007320899749175,0.005528757950097847,0.4775733947753906,0.023945847602739725,18.74417569470369,99.07249806310836,57,0.4775733947753906,120,0.2530937194824219,364,0.15331268310546875,11,0.00598907470703125,192,0.1088104248046875,22,0.001220703125,0,0.0,12,EPSG:32647,UNLABELED_DEPLOYMENT,0.4775733947753906,0.4775733947753906,1,Built-up & Impervious,0.04896381176614482,0.6518262409647465,0.6019739280871585,0.1088104248046875,512,0.6518262409647465,0.26212310791015625,0.1100311279296875,D:\499_4\FINAL_INFERENCE\A7_RGBN_REVISED7_FULL_AOI\tiles_geotiff\tile_r12_c12_prediction.tif,12,2,Agricultural Land / Cropland,512,512,tile_r12_c12,0.15331268310546875,523264,262144,0.5152168273925781,0.006279499502852559,0.00598907470703125,0.00048350354696673187,512
36.74964904785156,31.2469482421875,16.50543212890625,1.432037353515625,13.2537841796875,0.8121490478515625,0.0,0.312469482421875,0.008121490478515625,0.45932575268670917,0.4374563021119684,0.006868425880626223,0.3674964904785156,0.021323844178082193,18.74416948283876,99.0870697639524,116,0.3674964904785156,171,0.312469482421875,297,0.1650543212890625,12,0.01432037353515625,196,0.132537841796875,24,0.008121490478515625,0,0.0,13,EPSG:32647,UNLABELED_DEPLOYMENT,0.3674964904785156,0.3674964904785156,1,Built-up & Impervious,0.05082902703033268,0.7176287657118882,0.6025511216337063,0.132537841796875,512,0.7176287657118882,0.2975921630859375,0.14065933227539062,D:\499_4\FINAL_INFERENCE\A7_RGBN_REVISED7_FULL_AOI\tiles_geotiff\tile_r12_c13_prediction.tif,12,2,Agricultural Land / Cropland,512,512,tile_r12_c13,0.1650543212890625,523264,262144,0.6100616455078125,0.01704652374610305,0.01432037353515625,0.0006153681506849315,512
30.956268310546875,17.095565795898438,32.89299011230469,0.6397247314453125,18.093490600585938,0.32196044921875,0.0,0.17095565795898438,0.0032196044921875,0.21168596867937595,0.6313404708635062,0.002302852862035225,0.30956268310546875,0.027519569471624265,18.74416213644513,99.1016414585526,143,0.30956268310546875,84,0.17095565795898438,310,0.3289299011230469,9,0.006397247314453125,223,0.18093490600585938,21,0.0032196044921875,0,0.0,14,EPSG:32647,UNLABELED_DEPLOYMENT,0.30956268310546875,0.3289299011230469,3,Tree / Woody Cover,0.05407022076810176,0.7147418083869818,0.5073856612871442,0.18093490600585938,512,0.7147418083869818,0.5098648071289062,0.18415451049804688,D:\499_4\FINAL_INFERENCE\A7_RGBN_REVISED7_FULL_AOI\tiles_geotiff\tile_r12_c14_prediction.tif,12,1,Built-up & Impervious,512,512,tile_r12_c14,0.3289299011230469,523264,262144,0.6808204650878906,0.013046925072558224,0.006397247314453125,0.0004796813845401174,512
47.31330871582031,2.822113037109375,36.748504638671875,0.0392913818359375,12.790679931640625,0.286102294921875,0.0,0.02822113037109375,0.00286102294921875,0.05340940214227885,0.937545093242079,0.00024270731409001956,0.4731330871582031,0.04276235322896282,18.744153655525075,99.1162131458641,113,0.4731330871582031,25,0.02822113037109375,341,0.36748504638671875,2,0.000392913818359375,266,0.12790679931640625,17,0.00286102294921875,0,0.0,15,EPSG:32647,UNLABELED_DEPLOYMENT,0.4731330871582031,0.4731330871582031,1,Built-up & Impervious,0.060543052837573386,0.5681235301014383,0.393579138703888,0.12790679931640625,512,0.5681235301014383,0.495391845703125,0.130767822265625,D:\499_4\FINAL_INFERENCE\A7_RGBN_REVISED7_FULL_AOI\tiles_geotiff\tile_r12_c15_prediction.tif,12,3,Tree / Woody Cover,512,512,tile_r12_c15,0.36748504638671875,523264,262144,0.5236129760742188,0.0007785852067172527,0.000392913818359375,0.00011084271037181995,512
53.40056285178236,2.6988021359503533,31.487227594169433,0.06855246067253572,12.139197575407707,0.20565738201760714,0.0,0.026988021359503532,0.0020565738201760715,0.05764702123413653,0.9318702637066336,0.0007347405277432581,0.5340056285178236,0.049046197944540695,18.744147950163544,99.12506430349107,26,0.5340056285178236,8,0.026988021359503532,110,0.3148722759416943,12,0.0006855246067253572,62,0.12139197575407706,3,0.0020565738201760715,0,0.0,16,EPSG:32647,UNLABELED_DEPLOYMENT,0.5340056285178236,0.5340056285178236,1,Built-up & Impervious,0.06823108950228132,0.5499029348231063,0.5214913822038381,0.12139197575407706,512,0.5499029348231063,0.4362642516957714,0.12344854957425314,D:\499_4\FINAL_INFERENCE\A7_RGBN_REVISED7_FULL_AOI\tiles_geotiff\tile_r12_c16_prediction.tif,12,3,Tree / Woody Cover,512,110,tile_r12_c16,0.3148722759416943,110243,55432,0.4632522730552749,0.0011962795182883037,0.0006855246067253572,6.34960949901581e-05,110
5.9294577205882355,0.25045955882352944,80.86014093137254,3.744638480392157,8.929610906862745,0.28569240196078427,0.0,0.0025045955882352943,0.0028569240196078425,0.0005940357459045199,0.21296181490677035,0.00012854506175918713,0.059294577205882354,0.010571392392434643,18.730279488697438,98.8976459082561,98,0.059294577205882354,16,0.0025045955882352943,65,0.8086014093137254,9,0.03744638480392157,195,0.08929610906862745,3,0.0028569240196078425,0,0.0,0,EPSG:32647,UNLABELED_DEPLOYMENT,0.059294577205882354,0.8086014093137254,3,Tree / Woody Cover,0.027790674919131727,0.3647508225148739,0.36823549763899477,0.08929610906862745,512,0.3647508225148739,0.8978975183823528,0.09215303308823529,D:\499_4\FINAL_INFERENCE\A7_RGBN_REVISED7_FULL_AOI\tiles_geotiff\tile_r13_c00_prediction.tif,13,5,Grassland / Herbaceous Cover,512,512,tile_r13_c00,0.8086014093137254,521218,261120,0.9004021139705882,0.1344920639513273,0.03744638480392157,0.0014504487565663504,512
28.304672241210938,1.386260986328125,59.18846130371094,0.6011962890625,10.437774658203125,0.081634521484375,0.0,0.01386260986328125,0.00081634521484375,0.01569506514351815,0.7882991153164767,0.0006765227495107632,0.2830467224121094,0.03182332436399217,18.730286885347564,98.91221641217042,168,0.2830467224121094,52,0.01386260986328125,218,0.5918846130371094,3,0.006011962890625,199,0.10437774658203125,18,0.00081634521484375,0,0.0,1,EPSG:32647,UNLABELED_DEPLOYMENT,0.2830467224121094,0.5918846130371094,3,Tree / Woody Cover,0.048023559809197654,0.5135817920316599,0.40525560648464537,0.10437774658203125,512,0.5135817920316599,0.6962623596191406,0.105194091796875,D:\499_4\FINAL_INFERENCE\A7_RGBN_REVISED7_FULL_AOI\tiles_geotiff\tile_r13_c01_prediction.tif,13,1,Built-up & Impervious,512,512,tile_r13_c01,0.5918846130371094,523264,262144,0.7101249694824219,0.016743613872677088,0.006011962890625,0.0005064365215264188,512
64.38064575195312,4.4403076171875,20.118331909179688,0.5706787109375,9.863662719726562,0.626373291015625,0.0,0.044403076171875,0.00626373291015625,0.11434794869273901,0.7721040700562298,0.001532687133072407,0.6438064575195312,0.03814900318003914,18.730293148370116,98.92678692237787,191,0.6438064575195312,106,0.044403076171875,345,0.20118331909179688,12,0.005706787109375,177,0.09863662719726562,18,0.00626373291015625,0,0.0,2,EPSG:32647,UNLABELED_DEPLOYMENT,0.6438064575195312,0.6438064575195312,1,Built-up & Impervious,0.05042961105675147,0.5314386667667802,0.4331491201989004,0.09863662719726562,512,0.5314386667667802,0.2998199462890625,0.10490036010742188,D:\499_4\FINAL_INFERENCE\A7_RGBN_REVISED7_FULL_AOI\tiles_geotiff\tile_r13_c02_prediction.tif,13,3,Tree / Woody Cover,512,512,tile_r13_c02,0.20118331909179688,523264,262144,0.3442230224609375,0.006844034418463707,0.005706787109375,0.0004701259784735812,512
73.30780029296875,1.5300750732421875,11.6485595703125,0.16021728515625,12.047195434570312,1.30615234375,0.0,0.015300750732421875,0.0130615234375,0.044866575160995126,0.6948334702756256,0.0006096349070450098,0.7330780029296875,0.0361060573630137,18.730298277763158,98.94135743783393,99,0.7330780029296875,8,0.015300750732421875,290,0.116485595703125,4,0.0016021728515625,217,0.12047195434570312,49,0.0130615234375,0,0.0,3,EPSG:32647,UNLABELED_DEPLOYMENT,0.7330780029296875,0.7330780029296875,1,Built-up & Impervious,0.04477281066536203,0.44398460494571235,0.46275389177544035,0.12047195434570312,512,0.44398460494571235,0.23695755004882812,0.13353347778320312,D:\499_4\FINAL_INFERENCE\A7_RGBN_REVISED7_FULL_AOI\tiles_geotiff\tile_r13_c03_prediction.tif,13,5,Grassland / Herbaceous Cover,512,512,tile_r13_c03,0.116485595703125,523264,262144,0.25225830078125,0.001518587814643979,0.0016021728515625,9.364297945205479e-05,512
80.39436340332031,1.9886016845703125,12.09716796875,0.308990478515625,4.7138214111328125,0.4970550537109375,0.0,0.019886016845703125,0.004970550537109375,0.06394894659752026,0.5406035157502629,0.001230736301369863,0.8039436340332031,0.02863946306262231,18.730302273525098,98.95592795749401,70,0.8039436340332031,20,0.019886016845703125,301,0.1209716796875,11,0.00308990478515625,91,0.047138214111328125,16,0.004970550537109375,0,0.0,4,EPSG:32647,UNLABELED_DEPLOYMENT,0.8039436340332031,0.8039436340332031,1,Built-up & Impervious,0.03467847969667319,0.35822880931225765,0.43768190235350596,0.047138214111328125,512,0.35822880931225765,0.16810989379882812,0.0521087646484375,D:\499_4\FINAL_INFERENCE\A7_RGBN_REVISED7_FULL_AOI\tiles_geotiff\tile_r13_c04_prediction.tif,13,3,Tree / Woody Cover,512,512,tile_r13_c04,0.1209716796875,523264,262144,0.18799591064453125,0.002077774261124432,0.00308990478515625,8.599865459882583e-05,512
75.56571960449219,3.0918121337890625,13.408279418945312,2.22930908203125,4.7573089599609375,0.94757080078125,0.0,0.030918121337890625,0.0094757080078125,0.09345400350866839,0.5490783031564206,0.002169077177103718,0.7556571960449219,0.0313035102739726,18.730305135654696,98.9704984803136,78,0.7556571960449219,49,0.030918121337890625,334,0.13408279418945312,20,0.0222930908203125,128,0.047573089599609375,24,0.0094757080078125,0,0.0,5,EPSG:32647,TRAIN14,0.7556571960449219,0.7556571960449219,1,Built-up & Impervious,0.0431522137964775,0.443200875444472,0.6200125399882669,0.047573089599609375,512,0.443200875444472,0.1816558837890625,0.057048797607421875,D:\499_4\FINAL_INFERENCE\A7_RGBN_REVISED7_FULL_AOI\tiles_geotiff\tile_r13_c05_prediction.tif,13,3,Tree / Woody Cover,512,512,tile_r13_c05,0.13408279418945312,523264,262144,0.21257400512695312,0.016198684461414814,0.0222930908203125,0.0007682546477495107,512
51.525115966796875,12.060546875,22.330093383789062,5.519866943359375,8.200836181640625,0.3635406494140625,0.0,0.12060546875,0.003635406494140625,0.24856843054294586,0.6292438745731488,0.002809289383561644,0.5152511596679688,0.034647902397260275,18.730306864151064,98.98506900524814,119,0.5152511596679688,117,0.12060546875,339,0.22330093383789062,22,0.05519866943359375,217,0.08200836181640625,27,0.003635406494140625,0,0.0,6,EPSG:32647,UNLABELED_DEPLOYMENT,0.5152511596679688,0.5152511596679688,1,Built-up & Impervious,0.059891374143835614,0.6767889710630348,0.6264020929818024,0.08200836181640625,512,0.6767889710630348,0.3053092956542969,0.08564376831054688,D:\499_4\FINAL_INFERENCE\A7_RGBN_REVISED7_FULL_AOI\tiles_geotiff\tile_r13_c06_prediction.tif,13,3,Tree / Woody Cover,512,512,tile_r13_c06,0.22330093383789062,523264,262144,0.4259147644042969,0.0674106675432995,0.05519866943359375,0.001095049535225049,512
47.59712219238281,21.95587158203125,16.982269287109375,0.89569091796875,12.325286865234375,0.2437591552734375,0.0,0.2195587158203125,0.002437591552734375,0.4180145210120827,0.5579821325372905,0.005234451443248533,0.4759712219238281,0.028224758439334637,18.73030745901367,98.99963953125305,157,0.4759712219238281,156,0.2195587158203125,304,0.16982269287109375,11,0.0089569091796875,231,0.12325286865234375,19,0.002437591552734375,0,0.0,7,EPSG:32647,UNLABELED_DEPLOYMENT,0.4759712219238281,0.4759712219238281,1,Built-up & Impervious,0.05563157411937378,0.6692342176741213,0.6144870653228457,0.12325286865234375,512,0.6692342176741213,0.2930755615234375,0.12569046020507812,D:\499_4\FINAL_INFERENCE\A7_RGBN_REVISED7_FULL_AOI\tiles_geotiff\tile_r13_c07_prediction.tif,13,2,Agricultural Land / Cropland,512,512,tile_r13_c07,0.16982269287109375,523264,262144,0.51263427734375,0.010500204749405384,0.0089569091796875,0.0002732846135029354,512
62.79144287109375,4.1339874267578125,20.222091674804688,0.57220458984375,11.6363525390625,0.6439208984375,0.0,0.041339874267578125,0.006439208984375,0.10383161413483322,0.8001750719267875,0.0013549565802348337,0.6279144287109375,0.03479314456947163,18.730306920242327,99.01421005728383,122,0.6279144287109375,53,0.041339874267578125,318,0.20222091674804688,15,0.0057220458984375,162,0.116363525390625,23,0.006439208984375,0,0.0,8,EPSG:32647,UNLABELED_DEPLOYMENT,0.6279144287109375,0.6279144287109375,1,Built-up & Impervious,0.05039138943248532,0.5444604393311179,0.5828238757172783,0.116363525390625,512,0.5444604393311179,0.3185844421386719,0.122802734375,D:\499_4\FINAL_INFERENCE\A7_RGBN_REVISED7_FULL_AOI\tiles_geotiff\tile_r13_c08_prediction.tif,13,3,Tree / Woody Cover,512,512,tile_r13_c08,0.20222091674804688,523264,262144,0.35992431640625,0.007291819201782346,0.0057220458984375,0.000603901663405088,512
60.337066650390625,12.630462646484375,16.939926147460938,1.5411376953125,7.6519012451171875,0.899505615234375,0.0,0.12630462646484375,0.00899505615234375,0.30483402661047876,0.5935194913763553,0.0034475905088062623,0.6033706665039062,0.031293954867906065,18.730305247837197,99.02878058229588,97,0.6033706665039062,50,0.12630462646484375,296,0.16939926147460938,17,0.015411376953125,166,0.07651901245117188,29,0.00899505615234375,0,0.0,9,EPSG:32647,TRAIN14,0.6033706665039062,0.6033706665039062,1,Built-up & Impervious,0.047551522749510765,0.6014099407816964,0.5041648762821241,0.07651901245117188,512,0.6014099407816964,0.24591827392578125,0.08551406860351562,D:\499_4\FINAL_INFERENCE\A7_RGBN_REVISED7_FULL_AOI\tiles_geotiff\tile_r13_c09_prediction.tif,13,3,Tree / Woody Cover,512,512,tile_r13_c09,0.16939926147460938,523264,262144,0.372222900390625,0.015159756876528263,0.015411376953125,0.0009039414138943249,512
49.03106689453125,16.500091552734375,13.583755493164062,1.6307830810546875,16.253280639648438,3.0010223388671875,0.0,0.16500091552734375,0.030010223388671875,0.32360683707520366,0.5851766858249903,0.004955433586105675,0.4903106689453125,0.027022688356164382,18.730302441798813,99.04335110524468,170,0.4903106689453125,147,0.16500091552734375,332,0.13583755493164062,12,0.016307830810546875,259,0.16253280639648438,54,0.030010223388671875,0,0.0,10,EPSG:32647,UNLABELED_DEPLOYMENT,0.4903106689453125,0.4903106689453125,1,Built-up & Impervious,0.05986844116927593,0.7120434603813627,0.6381207282485878,0.16253280639648438,512,0.7120434603813627,0.298370361328125,0.19254302978515625,D:\499_4\FINAL_INFERENCE\A7_RGBN_REVISED7_FULL_AOI\tiles_geotiff\tile_r13_c10_prediction.tif,13,2,Agricultural Land / Cropland,512,512,tile_r13_c10,0.13583755493164062,523264,262144,0.46337127685546875,0.019463093485683203,0.016307830810546875,0.0004433708414872798,512
27.144622802734375,36.534881591796875,15.355682373046875,0.7686614990234375,19.993972778320312,0.202178955078125,0.0,0.36534881591796875,0.00202178955078125,0.3966902319807559,0.38382122211623937,0.0057905760763209396,0.27144622802734375,0.024396862769080235,18.730298502128033,99.05792162508567,134,0.27144622802734375,165,0.36534881591796875,378,0.15355682373046875,17,0.007686614990234375,240,0.19993972778320312,21,0.00202178955078125,0,0.0,11,EPSG:32647,UNLABELED_DEPLOYMENT,0.27144622802734375,0.36534881591796875,2,Agricultural Land / Cropland,0.0609424688111546,0.7098813817915615,0.6430246097299529,0.19993972778320312,512,0.7098813817915615,0.3534965515136719,0.20196151733398438,D:\499_4\FINAL_INFERENCE\A7_RGBN_REVISED7_FULL_AOI\tiles_geotiff\tile_r13_c11_prediction.tif,13,1,Built-up & Impervious,512,512,tile_r13_c11,0.15355682373046875,523264,262144,0.7188453674316406,0.010868767567444593,0.007686614990234375,0.000777810053816047,512
31.793594360351562,11.164474487304688,25.653457641601562,5.767822265625,21.767807006835938,3.85284423828125,0.0,0.11164474487304688,0.0385284423828125,0.14198350923834369,0.6030769809149206,0.0019970798679060666,0.3179359436035156,0.02023835004892368,18.730293428826077,99.07249214077429,120,0.3179359436035156,117,0.11164474487304688,200,0.2565345764160156,20,0.05767822265625,206,0.21767807006835938,57,0.0385284423828125,0,0.0,12,EPSG:32647,UNLABELED_DEPLOYMENT,0.3179359436035156,0.3179359436035156,1,Built-up & Impervious,0.05168519141389433,0.8119720279049721,0.41125718635780323,0.21767807006835938,512,0.8119720279049721,0.474212646484375,0.2562065124511719,D:\499_4\FINAL_INFERENCE\A7_RGBN_REVISED7_FULL_AOI\tiles_geotiff\tile_r13_c12_prediction.tif,13,3,Tree / Woody Cover,512,512,tile_r13_c12,0.2565345764160156,523264,262144,0.5858573913574219,0.1094069704413414,0.05767822265625,0.0025264493639921724,512
23.827362060546875,29.275131225585938,21.673583984375,4.6512603759765625,17.350387573242188,3.2222747802734375,0.0,0.2927513122558594,0.032222747802734375,0.279019660432823,0.37193531973753124,0.003455234833659491,0.23827362060546875,0.01685000305772994,18.73028722189452,99.08706265126601,145,0.23827362060546875,157,0.2927513122558594,246,0.21673583984375,15,0.046512603759765625,171,0.17350387573242188,24,0.032222747802734375,0,0.0,13,EPSG:32647,TRAIN14,0.23827362060546875,0.2927513122558594,2,Agricultural Land / Cropland,0.04810955846379648,0.8171428278666637,0.5272614259725371,0.17350387573242188,512,0.8171428278666637,0.3902397155761719,0.20572662353515625,D:\499_4\FINAL_INFERENCE\A7_RGBN_REVISED7_FULL_AOI\tiles_geotiff\tile_r13_c13_prediction.tif,13,1,Built-up & Impervious,512,512,tile_r13_c13,0.21673583984375,523264,262144,0.6829910278320312,0.07260426104767248,0.046512603759765625,0.002149966364970646,512
27.108001708984375,39.2547607421875,17.380523681640625,2.9132843017578125,12.99285888671875,0.3505706787109375,0.0,0.392547607421875,0.003505706787109375,0.4256472485139966,0.32934468262828887,0.0047815251956947165,0.27108001708984375,0.024106378424657533,18.730279881335296,99.10163315551627,105,0.27108001708984375,315,0.392547607421875,344,0.17380523681640625,56,0.029132843017578125,192,0.1299285888671875,35,0.003505706787109375,0,0.0,14,EPSG:32647,UNLABELED_DEPLOYMENT,0.27108001708984375,0.392547607421875,2,Agricultural Land / Cropland,0.054165774828767124,0.7261558316762662,0.6198715211434042,0.1299285888671875,512,0.7261558316762662,0.30373382568359375,0.13343429565429688,D:\499_4\FINAL_INFERENCE\A7_RGBN_REVISED7_FULL_AOI\tiles_geotiff\tile_r13_c14_prediction.tif,13,1,Built-up & Impervious,512,512,tile_r13_c14,0.17380523681640625,523264,262144,0.6962814331054688,0.0353945194510743,0.029132843017578125,0.0004147046232876712,512
21.953201293945312,37.595367431640625,18.732070922851562,6.15234375,15.428924560546875,0.138092041015625,0.0,0.37595367431640625,0.00138092041015625,0.33013546757865697,0.299977284099441,0.0021480552837573386,0.21953201293945312,0.02782152030332681,18.730271407150667,99.11620365248052,154,0.21953201293945312,347,0.37595367431640625,348,0.18732070922851562,180,0.0615234375,193,0.15428924560546875,7,0.00138092041015625,0,0.0,15,EPSG:32647,UNLABELED_DEPLOYMENT,0.21953201293945312,0.37595367431640625,2,Agricultural Land / Cropland,0.06357020547945205,0.7623192666474944,0.5448454697182109,0.15428924560546875,512,0.7623192666474944,0.3416099548339844,0.155670166015625,D:\499_4\FINAL_INFERENCE\A7_RGBN_REVISED7_FULL_AOI\tiles_geotiff\tile_r13_c15_prediction.tif,13,1,Built-up & Impervious,512,512,tile_r13_c15,0.18732070922851562,523264,262144,0.7175636291503906,0.08406807482242584,0.0615234375,0.00012613136007827788,512
49.03060493119266,7.258815940366972,31.58149369266055,1.1306622706422018,10.998423165137615,0.0,0.0,0.07258815940366972,0.0,0.1423616546561507,0.8350876325830929,0.0018199017973782603,0.4903060493119266,0.04578584620928871,18.730265706320246,99.12505408706608,33,0.4903060493119266,17,0.07258815940366972,118,0.3158149369266055,6,0.011306622706422019,51,0.10998423165137615,0,0.0,0,0.0,16,EPSG:32647,UNLABELED_DEPLOYMENT,0.4903060493119266,0.4903060493119266,1,Built-up & Impervious,0.06952565430875264,0.6153000223074764,0.4051805867752236,0.10998423165137615,512,0.6153000223074764,0.42579916857798167,0.10998423165137615,D:\499_4\FINAL_INFERENCE\A7_RGBN_REVISED7_FULL_AOI\tiles_geotiff\tile_r13_c16_prediction.tif,13,3,Tree / Woody Cover,512,110,tile_r13_c16,0.3158149369266055,110995,55808,0.4983873279816514,0.0192574021912777,0.011306622706422019,0.00010811297806207486,110
6.325457911891172,0.10061054918822973,87.27984269559762,1.7432786032348397,4.0255696163792445,0.525240623708895,0.0,0.0010061054918822972,0.00525240623708895,0.00025456311775296143,0.23101941708291188,0.00013990436674109067,0.06325457911891172,0.01119043284111272,18.716397213339214,98.89765426285223,100,0.06325457911891172,17,0.0010061054918822972,42,0.8727984269559762,14,0.017432786032348397,149,0.040255696163792445,19,0.00525240623708895,0,0.0,0,EPSG:32647,UNLABELED_DEPLOYMENT,0.06325457911891172,0.8727984269559762,3,Tree / Woody Cover,0.020732677252124916,0.27123174259407273,0.5092450312520442,0.040255696163792445,512,0.27123174259407273,0.9130541231197686,0.04550810240088139,D:\499_4\FINAL_INFERENCE\A7_RGBN_REVISED7_FULL_AOI\tiles_geotiff\tile_r14_c00_prediction.tif,14,1,Built-up & Impervious,512,512,tile_r14_c00,0.8727984269559762,521785,261404,0.9140602286116509,0.06366830865720166,0.017432786032348397,0.0009467500982205314,512
50.220489501953125,5.2753448486328125,24.757766723632812,0.2376556396484375,19.289016723632812,0.2197265625,0.0,0.052753448486328125,0.002197265625,0.10597216023597866,0.8848204102832824,0.0006841670743639921,0.5022048950195312,0.03598374816536203,18.716404604111283,98.91222357746126,126,0.5022048950195312,60,0.052753448486328125,387,0.24757766723632812,8,0.002376556396484375,254,0.19289016723632812,20,0.002197265625,0,0.0,1,EPSG:32647,UNLABELED_DEPLOYMENT,0.5022048950195312,0.5022048950195312,1,Built-up & Impervious,0.057552210738747556,0.612546307109829,0.5806549177228543,0.19289016723632812,512,0.612546307109829,0.44046783447265625,0.19508743286132812,D:\499_4\FINAL_INFERENCE\A7_RGBN_REVISED7_FULL_AOI\tiles_geotiff\tile_r14_c01_prediction.tif,14,3,Tree / Woody Cover,512,512,tile_r14_c01,0.24757766723632812,523264,262144,0.4932212829589844,0.004187186597846448,0.002376556396484375,0.0003401724559686888,512
65.87371826171875,3.4088134765625,19.23980712890625,0.217437744140625,10.257720947265625,1.00250244140625,0.0,0.034088134765625,0.0100250244140625,0.08982048742473125,0.7772447415627539,0.0007797211350293542,0.6587371826171875,0.04610483427103718,18.716410862156664,98.92679289836106,107,0.6587371826171875,41,0.034088134765625,460,0.1923980712890625,9,0.00217437744140625,192,0.10257720947265625,37,0.0100250244140625,0,0.0,2,EPSG:32647,UNLABELED_DEPLOYMENT,0.6587371826171875,0.6587371826171875,1,Built-up & Impervious,0.06029652336105675,0.5140618913773417,0.5966093697719949,0.10257720947265625,512,0.5140618913773417,0.29497528076171875,0.11260223388671875,D:\499_4\FINAL_INFERENCE\A7_RGBN_REVISED7_FULL_AOI\tiles_geotiff\tile_r14_c02_prediction.tif,14,3,Tree / Woody Cover,512,512,tile_r14_c02,0.1923980712890625,523264,262144,0.32906341552734375,0.002565550385043025,0.00217437744140625,0.00013377568493150684,512
73.45123291015625,0.5096435546875,17.286300659179688,0.5428314208984375,7.1392059326171875,1.0707855224609375,0.0,0.005096435546875,0.010707855224609375,0.014973578974604607,0.7176334294490516,0.00023697407045009783,0.7345123291015625,0.030753118884540118,18.716415987473415,98.94136222450746,99,0.7345123291015625,45,0.005096435546875,236,0.17286300659179688,7,0.005428314208984375,151,0.07139205932617188,26,0.010707855224609375,0,0.0,3,EPSG:32647,UNLABELED_DEPLOYMENT,0.7345123291015625,0.7345123291015625,1,Built-up & Impervious,0.040136527641878667,0.42257594949930516,0.5808776761724069,0.07139205932617188,512,0.42257594949930516,0.24425506591796875,0.08209991455078125,D:\499_4\FINAL_INFERENCE\A7_RGBN_REVISED7_FULL_AOI\tiles_geotiff\tile_r14_c03_prediction.tif,14,3,Tree / Woody Cover,512,512,tile_r14_c03,0.17286300659179688,523264,262144,0.24935150146484375,0.0053035729797557,0.005428314208984375,0.00035928326810176123,512
78.02085876464844,8.027267456054688,8.10394287109375,0.185394287109375,5.0228118896484375,0.6397247314453125,0.0,0.08027267456054688,0.006397247314453125,0.2505177201819606,0.4096642716904171,0.003875672700587084,0.7802085876464844,0.01983702299412916,18.71641998005996,98.95593155485635,69,0.7802085876464844,55,0.08027267456054688,196,0.0810394287109375,5,0.00185394287109375,140,0.050228118896484375,21,0.006397247314453125,0,0.0,4,EPSG:32647,UNLABELED_DEPLOYMENT,0.7802085876464844,0.7802085876464844,1,Built-up & Impervious,0.030540988869863013,0.40802296528034804,0.5156827118297738,0.050228118896484375,512,0.40802296528034804,0.13126754760742188,0.0566253662109375,D:\499_4\FINAL_INFERENCE\A7_RGBN_REVISED7_FULL_AOI\tiles_geotiff\tile_r14_c04_prediction.tif,14,3,Tree / Woody Cover,512,512,tile_r14_c04,0.0810394287109375,523264,262144,0.21154022216796875,0.0009734501363709569,0.00185394287109375,0.0,512
54.10308837890625,29.77752685546875,5.63201904296875,2.61077880859375,7.14569091796875,0.73089599609375,0.0,0.2977752685546875,0.0073089599609375,0.644422466866672,0.2765254285186529,0.00953629525440313,0.5410308837890625,0.01619259112035225,18.716422839915047,98.97050088836352,136,0.5410308837890625,185,0.2977752685546875,219,0.0563201904296875,32,0.0261077880859375,180,0.0714569091796875,9,0.0073089599609375,0,0.0,5,EPSG:32647,UNLABELED_DEPLOYMENT,0.5410308837890625,0.5410308837890625,1,Built-up & Impervious,0.039389294887475536,0.6037109969362497,0.5946132909485803,0.0714569091796875,512,0.6037109969362497,0.127777099609375,0.078765869140625,D:\499_4\FINAL_INFERENCE\A7_RGBN_REVISED7_FULL_AOI\tiles_geotiff\tile_r14_c05_prediction.tif,14,2,Agricultural Land / Cropland,512,512,tile_r14_c05,0.0563201904296875,523264,262144,0.4255523681640625,0.01334390975534916,0.0261077880859375,0.0004433708414872798,512
55.316925048828125,17.128753662109375,12.320709228515625,5.419921875,9.075164794921875,0.738525390625,0.0,0.17128753662109375,0.00738525390625,0.3790039930026978,0.47342158388346434,0.006952513454011742,0.5531692504882812,0.02719277458414873,18.716424567037794,98.98507022398486,112,0.5531692504882812,186,0.17128753662109375,272,0.12320709228515625,11,0.05419921875,237,0.09075164794921875,12,0.00738525390625,0,0.0,6,EPSG:32647,UNLABELED_DEPLOYMENT,0.5531692504882812,0.5531692504882812,1,Built-up & Impervious,0.05275348581213307,0.6679367735263079,0.5797166111351048,0.09075164794921875,512,0.6679367735263079,0.213958740234375,0.09813690185546875,D:\499_4\FINAL_INFERENCE\A7_RGBN_REVISED7_FULL_AOI\tiles_geotiff\tile_r14_c06_prediction.tif,14,2,Agricultural Land / Cropland,512,512,tile_r14_c06,0.12320709228515625,523264,262144,0.38524627685546875,0.04638558626174927,0.05419921875,0.0003306170499021526,512
50.957489013671875,26.865386962890625,9.135818481445312,1.587677001953125,10.478591918945312,0.97503662109375,0.0,0.26865386962890625,0.0097503662109375,0.5475970644038171,0.39980044099502265,0.00808196245107632,0.5095748901367188,0.02403949058219178,18.716425161427665,98.99963956067617,164,0.5095748901367188,143,0.26865386962890625,235,0.09135818481445312,14,0.01587677001953125,206,0.10478591918945312,32,0.0097503662109375,0,0.0,7,EPSG:32647,UNLABELED_DEPLOYMENT,0.5095748901367188,0.5095748901367188,1,Built-up & Impervious,0.04887781311154599,0.6488306081764822,0.6461744559393788,0.10478591918945312,512,0.6488306081764822,0.19614410400390625,0.11453628540039062,D:\499_4\FINAL_INFERENCE\A7_RGBN_REVISED7_FULL_AOI\tiles_geotiff\tile_r14_c07_prediction.tif,14,2,Agricultural Land / Cropland,512,512,tile_r14_c07,0.09135818481445312,523264,262144,0.4647979736328125,0.012456539319828153,0.01587677001953125,0.0004242600293542074,512
39.58625793457031,26.955032348632812,12.058639526367188,1.0997772216796875,18.90411376953125,1.39617919921875,0.0,0.2695503234863281,0.0139617919921875,0.42681954527506605,0.49027981533436105,0.007755167563600783,0.3958625793457031,0.027284506482387477,18.716424623084478,99.01420889739333,179,0.3958625793457031,202,0.2695503234863281,300,0.12058639526367188,23,0.010997772216796875,232,0.1890411376953125,33,0.0139617919921875,0,0.0,8,EPSG:32647,UNLABELED_DEPLOYMENT,0.3958625793457031,0.3958625793457031,1,Built-up & Impervious,0.06117179855675147,0.7191746338440074,0.6536561557149374,0.1890411376953125,512,0.7191746338440074,0.3096275329589844,0.2030029296875,D:\499_4\FINAL_INFERENCE\A7_RGBN_REVISED7_FULL_AOI\tiles_geotiff\tile_r14_c08_prediction.tif,14,2,Agricultural Land / Cropland,512,512,tile_r14_c08,0.12058639526367188,523264,262144,0.5791778564453125,0.013620852318126708,0.010997772216796875,0.0009154079011741683,512
59.48944091796875,12.693405151367188,15.557861328125,2.872467041015625,8.669662475585938,0.7171630859375,0.0,0.12693405151367188,0.007171630859375,0.3020494303200394,0.5765127383638173,0.00337305834148728,0.5948944091796875,0.029606470156555775,18.716422952008404,99.02877823309217,113,0.5948944091796875,105,0.12693405151367188,312,0.15557861328125,13,0.02872467041015625,156,0.08669662475585938,21,0.007171630859375,0,0.0,9,EPSG:32647,UNLABELED_DEPLOYMENT,0.5948944091796875,0.5948944091796875,1,Built-up & Impervious,0.049145364481409,0.6217298533463516,0.5156353429585812,0.08669662475585938,512,0.6217298533463516,0.24227523803710938,0.09386825561523438,D:\499_4\FINAL_INFERENCE\A7_RGBN_REVISED7_FULL_AOI\tiles_geotiff\tile_r14_c09_prediction.tif,14,3,Tree / Woody Cover,512,512,tile_r14_c09,0.15557861328125,523264,262144,0.36920928955078125,0.02783710544463247,0.02872467041015625,0.00018537487769080234,512
54.122161865234375,9.891891479492188,17.626953125,0.8014678955078125,15.398406982421875,2.15911865234375,0.0,0.09891891479492188,0.0215911865234375,0.21414822072256356,0.7149615541566163,0.004101180283757338,0.5412216186523438,0.029520471501956948,18.716420148199948,99.04334756672851,127,0.5412216186523438,124,0.09891891479492188,304,0.17626953125,11,0.008014678955078125,191,0.15398406982421875,35,0.0215911865234375,0,0.0,10,EPSG:32647,UNLABELED_DEPLOYMENT,0.5412216186523438,0.5412216186523438,1,Built-up & Impervious,0.05496460677592955,0.6560722952887165,0.6270282877813721,0.15398406982421875,512,0.6560722952887165,0.33025360107421875,0.17557525634765625,D:\499_4\FINAL_INFERENCE\A7_RGBN_REVISED7_FULL_AOI\tiles_geotiff\tile_r14_c10_prediction.tif,14,3,Tree / Woody Cover,512,512,tile_r14_c10,0.17626953125,523264,262144,0.4291725158691406,0.01058750634547323,0.008014678955078125,0.0007395884295499022,512
28.875350952148438,13.957595825195312,23.603439331054688,1.2432098388671875,31.389617919921875,0.9307861328125,0.0,0.13957595825195312,0.009307861328125,0.1612121911603026,0.6351775312214158,0.0019741468933463795,0.2887535095214844,0.027013132950097846,18.716416211659993,99.05791689725821,148,0.2887535095214844,209,0.13957595825195312,394,0.23603439331054688,15,0.012432098388671875,198,0.31389617919921875,26,0.009307861328125,0,0.0,11,EPSG:32647,TRAIN14,0.2887535095214844,0.31389617919921875,5,Grassland / Herbaceous Cover,0.06666042380136987,0.7380082614742131,0.6524950335579613,0.31389617919921875,512,0.7380082614742131,0.5499305725097656,0.32320404052734375,D:\499_4\FINAL_INFERENCE\A7_RGBN_REVISED7_FULL_AOI\tiles_geotiff\tile_r14_c11_prediction.tif,14,1,Built-up & Impervious,512,512,tile_r14_c11,0.23603439331054688,523264,262144,0.6895065307617188,0.027347163937520236,0.012432098388671875,0.0006956335616438356,512
14.97802734375,28.798675537109375,23.929214477539062,7.3223114013671875,23.35357666015625,1.618194580078125,0.0,0.28798675537109375,0.01618194580078125,0.17253893986344337,0.2832811754196882,0.0031800391389432484,0.1497802734375,0.0156785102739726,18.71641114238975,99.07248622363711,132,0.1497802734375,223,0.28798675537109375,264,0.23929214477539062,23,0.07322311401367188,209,0.2335357666015625,22,0.01618194580078125,0,0.0,12,EPSG:32647,UNLABELED_DEPLOYMENT,0.1497802734375,0.28798675537109375,2,Agricultural Land / Cropland,0.059019921110567516,0.8134430975125584,0.5357768126267518,0.2335357666015625,512,0.8134430975125584,0.4728279113769531,0.24971771240234375,D:\499_4\FINAL_INFERENCE\A7_RGBN_REVISED7_FULL_AOI\tiles_geotiff\tile_r14_c12_prediction.tif,14,3,Tree / Woody Cover,512,512,tile_r14_c12,0.23929214477539062,523264,262144,0.7608146667480469,0.13848772825440392,0.07322311401367188,0.001976057974559687,512
5.7262420654296875,57.4005126953125,17.71697998046875,3.1055450439453125,15.676116943359375,0.374603271484375,0.0,0.574005126953125,0.00374603271484375,0.1314756921492517,0.07648678252007812,0.0034323018590998043,0.057262420654296875,0.007537304305283757,18.71640494039079,99.08705554482107,124,0.057262420654296875,179,0.574005126953125,170,0.1771697998046875,10,0.031055450439453125,205,0.15676116943359375,5,0.00374603271484375,0,0.0,13,EPSG:32647,UNLABELED_DEPLOYMENT,0.057262420654296875,0.574005126953125,2,Agricultural Land / Cropland,0.03855224131604697,0.6209288947346616,0.44661614239449476,0.15676116943359375,512,0.6209288947346616,0.33393096923828125,0.1605072021484375,D:\499_4\FINAL_INFERENCE\A7_RGBN_REVISED7_FULL_AOI\tiles_geotiff\tile_r14_c13_prediction.tif,14,3,Tree / Woody Cover,512,512,tile_r14_c13,0.1771697998046875,523264,262144,0.9079360961914062,0.04148150666151196,0.031055450439453125,0.0017505503913894324,512
16.05224609375,60.66093444824219,12.503814697265625,0.0652313232421875,10.371017456054688,0.3467559814453125,0.0,0.6066093444824219,0.003467559814453125,0.3894976992160082,0.14687697403132915,0.005524935787671233,0.1605224609375,0.015386114848336595,18.71639760566504,99.1016248597659,116,0.1605224609375,173,0.6066093444824219,250,0.12503814697265625,4,0.000652313232421875,182,0.10371017456054688,7,0.003467559814453125,0,0.0,14,EPSG:32647,UNLABELED_DEPLOYMENT,0.1605224609375,0.6066093444824219,2,Agricultural Land / Cropland,0.0411990887964775,0.573661573467092,0.4651989758080563,0.10371017456054688,512,0.573661573467092,0.22874832153320312,0.107177734375,D:\499_4\FINAL_INFERENCE\A7_RGBN_REVISED7_FULL_AOI\tiles_geotiff\tile_r14_c14_prediction.tif,14,1,Built-up & Impervious,512,512,tile_r14_c14,0.12503814697265625,523264,262144,0.835357666015625,0.0005968622281216085,0.000652313232421875,5.924351761252446e-05,512
27.3406982421875,50.30937194824219,13.311767578125,1.018524169921875,7.4375152587890625,0.582122802734375,0.0,0.5030937194824219,0.00582122802734375,0.5501973428763449,0.22691995231434703,0.0068626926369863015,0.273406982421875,0.02022497248043053,18.716389138214776,99.11619416742748,128,0.273406982421875,165,0.5030937194824219,311,0.13311767578125,48,0.01018524169921875,204,0.07437515258789062,8,0.00582122802734375,0,0.0,15,EPSG:32647,UNLABELED_DEPLOYMENT,0.273406982421875,0.5030937194824219,2,Agricultural Land / Cropland,0.04952375856164384,0.6364892718371846,0.5676617981022251,0.07437515258789062,512,0.6364892718371846,0.20749282836914062,0.08019638061523438,D:\499_4\FINAL_INFERENCE\A7_RGBN_REVISED7_FULL_AOI\tiles_geotiff\tile_r14_c15_prediction.tif,14,1,Built-up & Impervious,512,512,tile_r14_c15,0.13311767578125,523264,262144,0.7105865478515625,0.008453458431176841,0.01018524169921875,0.0001834637964774951,512
5.216098050458716,81.35930332568807,4.338087729357798,0.6307339449541285,8.455776949541285,0.0,0.0,0.8135930332568807,0.0,0.16975124138552034,0.026693621043775255,0.0071174377224199285,0.05216098050458716,0.006621919906302086,18.71638344191476,99.12504387960607,49,0.05216098050458716,11,0.8135930332568807,58,0.04338087729357798,7,0.006307339449541285,46,0.08455776949541285,0,0.0,0,0.0,16,EPSG:32647,UNLABELED_DEPLOYMENT,0.05216098050458716,0.8135930332568807,2,Agricultural Land / Cropland,0.0333528537321501,0.3591374800542128,0.5649829455909267,0.08455776949541285,512,0.3591374800542128,0.12793864678899083,0.08455776949541285,D:\499_4\FINAL_INFERENCE\A7_RGBN_REVISED7_FULL_AOI\tiles_geotiff\tile_r14_c16_prediction.tif,14,5,Grassland / Herbaceous Cover,512,110,tile_r14_c16,0.04338087729357798,110995,55808,0.9415316800458715,0.003227809896052521,0.006307339449541285,0.00017117888193161855,110
30.195083170254406,0.5312805772994129,43.107494496086105,7.82320205479452,17.790255014677104,0.552684686888454,0.0,0.005312805772994129,0.005526846868884539,0.006416824487318619,0.7355250445435259,0.00034083880813647337,0.30195083170254405,0.034250470568185955,18.702514917433497,98.89766261011344,253,0.30195083170254405,35,0.005312805772994129,293,0.4310749449608611,22,0.0782320205479452,256,0.17790255014677103,27,0.005526846868884539,0,0.0,0,EPSG:32647,UNLABELED_DEPLOYMENT,0.30195083170254405,0.4310749449608611,3,Tree / Woody Cover,0.06073249706553105,0.6615776643187039,0.5480004538998487,0.17790255014677103,512,0.6615776643187039,0.6089774951076321,0.18342939701565558,D:\499_4\FINAL_INFERENCE\A7_RGBN_REVISED7_FULL_AOI\tiles_geotiff\tile_r15_c00_prediction.tif,15,1,Built-up & Impervious,512,512,tile_r15_c00,0.4310749449608611,522241,261632,0.6142903008806262,0.1905661596419859,0.0782320205479452,0.0030177638293431576,512
43.609619140625,14.656829833984375,16.87164306640625,0.2986907958984375,24.100494384765625,0.4627227783203125,0.0,0.14656829833984375,0.004627227783203125,0.2556715067476034,0.7147117238491774,0.0027366682974559685,0.43609619140625,0.033893025318003915,18.702522302328436,98.91223073646132,147,0.43609619140625,125,0.14656829833984375,426,0.1687164306640625,10,0.002986907958984375,247,0.24100494384765625,20,0.004627227783203125,0,0.0,1,EPSG:32647,UNLABELED_DEPLOYMENT,0.43609619140625,0.43609619140625,1,Built-up & Impervious,0.06178525562622309,0.6828548575903314,0.6456551804509179,0.24100494384765625,512,0.6828548575903314,0.40972137451171875,0.24563217163085938,D:\499_4\FINAL_INFERENCE\A7_RGBN_REVISED7_FULL_AOI\tiles_geotiff\tile_r15_c01_prediction.tif,15,5,Grassland / Herbaceous Cover,512,512,tile_r15_c01,0.1687164306640625,523264,262144,0.5562896728515625,0.004895200137980282,0.002986907958984375,0.0005886130136986301,512
72.11380004882812,5.233001708984375,15.331268310546875,0.0980377197265625,6.3976287841796875,0.826263427734375,0.0,0.05233001708984375,0.00826263427734375,0.15094865555875003,0.6267813361482695,0.001397000366927593,0.7211380004882812,0.034986163772015653,18.702528555397432,98.92679886909761,83,0.7211380004882812,37,0.05233001708984375,366,0.15331268310546875,5,0.000980377197265625,201,0.06397628784179688,15,0.00826263427734375,0,0.0,2,EPSG:32647,UNLABELED_DEPLOYMENT,0.7211380004882812,0.7211380004882812,1,Built-up & Impervious,0.04661891511741683,0.46248298629719964,0.5298582882628363,0.06397628784179688,512,0.46248298629719964,0.21728897094726562,0.07223892211914062,D:\499_4\FINAL_INFERENCE\A7_RGBN_REVISED7_FULL_AOI\tiles_geotiff\tile_r15_c02_prediction.tif,15,3,Tree / Woody Cover,512,512,tile_r15_c02,0.15331268310546875,523264,262144,0.2696189880371094,0.0008521006093360484,0.000980377197265625,0.00018537487769080234,512
63.74359130859375,9.074020385742188,16.15753173828125,1.141357421875,9.810638427734375,0.0728607177734375,0.0,0.09074020385742188,0.000728607177734375,0.23136425879783928,0.6621217704378068,0.0030596410225048926,0.6374359130859375,0.032985261741682974,18.702533676638538,98.94136700697855,92,0.6374359130859375,70,0.09074020385742188,338,0.1615753173828125,21,0.01141357421875,155,0.09810638427734375,22,0.000728607177734375,0,0.0,3,EPSG:32647,UNLABELED_DEPLOYMENT,0.6374359130859375,0.6374359130859375,1,Built-up & Impervious,0.04809426981409002,0.5567571877126436,0.610064799986618,0.09810638427734375,512,0.5567571877126436,0.25968170166015625,0.09883499145507812,D:\499_4\FINAL_INFERENCE\A7_RGBN_REVISED7_FULL_AOI\tiles_geotiff\tile_r15_c03_prediction.tif,15,3,Tree / Woody Cover,512,512,tile_r15_c03,0.1615753173828125,523264,262144,0.3504219055175781,0.011855585500597954,0.01141357421875,0.0009498073630136986,512
64.788818359375,11.520004272460938,7.3688507080078125,1.5567779541015625,14.422607421875,0.3429412841796875,0.0,0.11520004272460938,0.003429412841796875,0.29854698572307825,0.5647371290251613,0.004053403253424658,0.64788818359375,0.025270226883561644,18.702537666050183,98.95593514906035,106,0.64788818359375,50,0.11520004272460938,277,0.07368850708007812,18,0.015567779541015625,99,0.14422607421875,20,0.003429412841796875,0,0.0,4,EPSG:32647,UNLABELED_DEPLOYMENT,0.64788818359375,0.64788818359375,1,Built-up & Impervious,0.03982502140410959,0.5580308535684222,0.5782086498419843,0.14422607421875,512,0.5580308535684222,0.21791458129882812,0.14765548706054688,D:\499_4\FINAL_INFERENCE\A7_RGBN_REVISED7_FULL_AOI\tiles_geotiff\tile_r15_c04_prediction.tif,15,5,Grassland / Herbaceous Cover,512,512,tile_r15_c04,0.07368850708007812,523264,262144,0.3331146240234375,0.01356978464173153,0.015567779541015625,0.0016416187622309197,512
62.51640319824219,17.980194091796875,7.4131011962890625,1.406097412109375,9.69696044921875,0.98724365234375,0.0,0.17980194091796875,0.0098724365234375,0.4496228253701702,0.42786380503093824,0.0082348489481409,0.6251640319824219,0.023517765410958905,18.702540523631114,98.9705032942993,127,0.6251640319824219,173,0.17980194091796875,266,0.07413101196289062,23,0.01406097412109375,207,0.0969696044921875,40,0.0098724365234375,0,0.0,5,EPSG:32647,UNLABELED_DEPLOYMENT,0.6251640319824219,0.6251640319824219,1,Built-up & Impervious,0.04904407717710372,0.5791054239301936,0.6541054874168474,0.0969696044921875,512,0.5791054239301936,0.17110061645507812,0.106842041015625,D:\499_4\FINAL_INFERENCE\A7_RGBN_REVISED7_FULL_AOI\tiles_geotiff\tile_r15_c05_prediction.tif,15,2,Agricultural Land / Cropland,512,512,tile_r15_c05,0.07413101196289062,523264,262144,0.3509025573730469,0.009623365360312164,0.01406097412109375,0.00034590569960861055,512
54.697418212890625,15.848159790039062,11.831283569335938,3.643798828125,13.8580322265625,0.121307373046875,0.0,0.15848159790039062,0.00121307373046875,0.3467413695761934,0.5620556998765096,0.005297517123287672,0.5469741821289062,0.03168763759784736,18.70254224938046,98.9850714416516,154,0.5469741821289062,284,0.15848159790039062,376,0.11831283569335938,6,0.03643798828125,240,0.138580322265625,17,0.00121307373046875,0,0.0,6,EPSG:32647,UNLABELED_DEPLOYMENT,0.5469741821289062,0.5469741821289062,1,Built-up & Impervious,0.05955693493150685,0.656351111724962,0.5763279464340649,0.138580322265625,512,0.656351111724962,0.2568931579589844,0.13979339599609375,D:\499_4\FINAL_INFERENCE\A7_RGBN_REVISED7_FULL_AOI\tiles_geotiff\tile_r15_c06_prediction.tif,15,2,Agricultural Land / Cropland,512,512,tile_r15_c06,0.11831283569335938,523264,262144,0.415374755859375,0.03744267951697111,0.03643798828125,0.0008638087084148728,512
39.80712890625,32.53517150878906,8.353805541992188,0.176239013671875,18.3990478515625,0.728607177734375,0.0,0.3253517150878906,0.00728607177734375,0.5180527064949274,0.4259817134588957,0.0071321550880626226,0.3980712890625,0.02323683647260274,18.70254284329767,98.99963959007347,175,0.3980712890625,287,0.3253517150878906,257,0.08353805541992188,6,0.00176239013671875,321,0.183990478515625,23,0.00728607177734375,0,0.0,7,EPSG:32647,TRAIN14,0.3980712890625,0.3980712890625,1,Built-up & Impervious,0.055390777886497065,0.6669790187183223,0.6333935231406979,0.183990478515625,512,0.6669790187183223,0.2675285339355469,0.19127655029296875,D:\499_4\FINAL_INFERENCE\A7_RGBN_REVISED7_FULL_AOI\tiles_geotiff\tile_r15_c07_prediction.tif,15,2,Agricultural Land / Cropland,512,512,tile_r15_c07,0.08353805541992188,523264,262144,0.5928802490234375,0.0018859585979953408,0.00176239013671875,1.3377568493150684e-05,512
37.117767333984375,30.373764038085938,16.051101684570312,2.4974822998046875,13.27056884765625,0.6893157958984375,0.0,0.3037376403808594,0.006893157958984375,0.4509625226492062,0.43534197786357254,0.011600262964774951,0.37117767333984375,0.025109696061643837,18.70254230538258,99.01420773852118,252,0.37117767333984375,312,0.3037376403808594,292,0.16051101684570312,56,0.024974822998046875,273,0.1327056884765625,23,0.006893157958984375,0,0.0,8,EPSG:32647,UNLABELED_DEPLOYMENT,0.37117767333984375,0.37117767333984375,1,Built-up & Impervious,0.06591127996575342,0.7286624987540224,0.760223480992181,0.1327056884765625,512,0.7286624987540224,0.2932167053222656,0.13959884643554688,D:\499_4\FINAL_INFERENCE\A7_RGBN_REVISED7_FULL_AOI\tiles_geotiff\tile_r15_c08_prediction.tif,15,2,Agricultural Land / Cropland,512,512,tile_r15_c08,0.16051101684570312,523264,262144,0.596954345703125,0.029292141261976212,0.024974822998046875,0.0016072193003913895,512
37.8173828125,31.276702880859375,11.58294677734375,0.0171661376953125,18.910980224609375,0.3948211669921875,0.0,0.31276702880859375,0.003948211669921875,0.4731212183833122,0.4612802043557167,0.007051889677103718,0.378173828125,0.030126284246575343,18.702540635635334,99.02877588595094,140,0.378173828125,247,0.31276702880859375,361,0.1158294677734375,2,0.000171661376953125,277,0.18910980224609375,21,0.003948211669921875,0,0.0,9,EPSG:32647,UNLABELED_DEPLOYMENT,0.378173828125,0.378173828125,1,Built-up & Impervious,0.06414352984344422,0.6779549015710562,0.546929022581295,0.18910980224609375,512,0.6779549015710562,0.30493927001953125,0.19305801391601562,D:\499_4\FINAL_INFERENCE\A7_RGBN_REVISED7_FULL_AOI\tiles_geotiff\tile_r15_c09_prediction.tif,15,2,Agricultural Land / Cropland,512,512,tile_r15_c09,0.1158294677734375,523264,262144,0.617706298828125,0.0002093851799145341,0.000171661376953125,5.733243639921722e-05,512
58.78257751464844,9.470367431640625,18.988037109375,0.3948211669921875,11.106109619140625,1.258087158203125,0.0,0.09470367431640625,0.01258087158203125,0.22267704305704683,0.7076046051224694,0.002927776418786693,0.5878257751464844,0.03850446428571429,18.702537834056464,99.04334403131898,94,0.5878257751464844,141,0.09470367431640625,370,0.18988037109375,12,0.003948211669921875,223,0.11106109619140625,35,0.01258087158203125,0,0.0,10,EPSG:32647,UNLABELED_DEPLOYMENT,0.5878257751464844,0.5878257751464844,1,Built-up & Impervious,0.06114122125733855,0.6022781102400274,0.6357472936301859,0.11106109619140625,512,0.6022781102400274,0.30094146728515625,0.1236419677734375,D:\499_4\FINAL_INFERENCE\A7_RGBN_REVISED7_FULL_AOI\tiles_geotiff\tile_r15_c10_prediction.tif,15,3,Tree / Woody Cover,512,512,tile_r15_c10,0.18988037109375,523264,262144,0.3956451416015625,0.004752722452394664,0.003948211669921875,0.00010128730430528375,512
24.649810791015625,21.791458129882812,15.763092041015625,0.345611572265625,36.962890625,0.4871368408203125,0.0,0.21791458129882812,0.004871368408203125,0.2148621279047802,0.5198741985950619,0.004147046232876712,0.24649810791015625,0.021469086350293543,18.702533900646838,99.05791217358157,153,0.24649810791015625,288,0.21791458129882812,397,0.15763092041015625,7,0.00345611572265625,270,0.36962890625,19,0.004871368408203125,0,0.0,11,EPSG:32647,UNLABELED_DEPLOYMENT,0.24649810791015625,0.36962890625,5,Grassland / Herbaceous Cover,0.06589408023483366,0.7101280500563468,0.5609063508159106,0.36962890625,512,0.7101280500563468,0.5272598266601562,0.3745002746582031,D:\499_4\FINAL_INFERENCE\A7_RGBN_REVISED7_FULL_AOI\tiles_geotiff\tile_r15_c11_prediction.tif,15,1,Built-up & Impervious,512,512,tile_r15_c11,0.15763092041015625,523264,262144,0.7451744079589844,0.0072890839073807,0.00345611572265625,0.00031723948140900194,512
11.701583862304688,29.330062866210938,35.84480285644531,0.2490997314453125,22.5830078125,0.29144287109375,0.0,0.2933006286621094,0.0029144287109375,0.13728327612625435,0.27347917057340965,0.004326687866927593,0.11701583862304688,0.01742523850293542,18.702528835407676,99.0724803116949,155,0.11701583862304688,296,0.2933006286621094,294,0.3584480285644531,20,0.002490997314453125,294,0.225830078125,12,0.0029144287109375,0,0.0,12,EPSG:32647,UNLABELED_DEPLOYMENT,0.11701583862304688,0.3584480285644531,3,Tree / Woody Cover,0.06972770914872799,0.6919825948143316,0.6543302632804278,0.225830078125,512,0.6919825948143316,0.5842781066894531,0.2287445068359375,D:\499_4\FINAL_INFERENCE\A7_RGBN_REVISED7_FULL_AOI\tiles_geotiff\tile_r15_c12_prediction.tif,15,2,Agricultural Land / Cropland,512,512,tile_r15_c12,0.3584480285644531,523264,262144,0.8775787353515625,0.005821740778628737,0.002490997314453125,0.0009230522260273973,512
5.3737640380859375,30.637741088867188,38.39111328125,1.5415191650390625,24.050521850585938,0.005340576171875,0.0,0.3063774108886719,5.340576171875e-05,0.06585599650861695,0.13421864534029737,0.0018671263454011742,0.053737640380859375,0.008099162181996087,18.70252263834054,99.08704844461523,93,0.053737640380859375,219,0.3063774108886719,213,0.3839111328125,15,0.015415191650390625,230,0.24050521850585938,4,5.340576171875e-05,0,0.0,13,EPSG:32647,UNLABELED_DEPLOYMENT,0.053737640380859375,0.3839111328125,3,Tree / Woody Cover,0.05028436888454012,0.6653117957641367,0.5630502391478126,0.24050521850585938,512,0.6653117957641367,0.6244163513183594,0.24055862426757812,D:\499_4\FINAL_INFERENCE\A7_RGBN_REVISED7_FULL_AOI\tiles_geotiff\tile_r15_c13_prediction.tif,15,2,Agricultural Land / Cropland,512,512,tile_r15_c13,0.3839111328125,523264,262144,0.9307937622070312,0.03850199090084061,0.015415191650390625,0.001230736301369863,512
16.652679443359375,38.88893127441406,28.052902221679688,0.8640289306640625,14.866256713867188,0.675201416015625,0.0,0.3888893127441406,0.00675201416015625,0.2590419625630602,0.2858875982929021,0.004519707069471624,0.16652679443359375,0.021044826320939333,18.70251530944735,99.10161657129879,168,0.16652679443359375,264,0.3888893127441406,269,0.2805290222167969,26,0.008640289306640625,278,0.14866256713867188,22,0.00675201416015625,0,0.0,14,EPSG:32647,UNLABELED_DEPLOYMENT,0.16652679443359375,0.3888893127441406,2,Agricultural Land / Cropland,0.06126161937377691,0.7094580462106704,0.5902451385348378,0.14866256713867188,512,0.7094580462106704,0.42919158935546875,0.15541458129882812,D:\499_4\FINAL_INFERENCE\A7_RGBN_REVISED7_FULL_AOI\tiles_geotiff\tile_r15_c14_prediction.tif,15,3,Tree / Woody Cover,512,512,tile_r15_c14,0.2805290222167969,523264,262144,0.8180809020996094,0.014833358000032604,0.008640289306640625,0.0010262506115459884,512
3.6865234375,58.51402282714844,14.703750610351562,1.7917633056640625,20.8526611328125,0.4512786865234375,0.0,0.5851402282714844,0.004512786865234375,0.08628532662987709,0.05243181809782982,0.0026716915362035225,0.036865234375,0.005389249021526419,18.702506848730387,99.11618469070186,96,0.036865234375,144,0.5851402282714844,187,0.14703750610351562,17,0.017917633056640625,136,0.208526611328125,57,0.004512786865234375,0,0.0,15,EPSG:32647,UNLABELED_DEPLOYMENT,0.036865234375,0.5851402282714844,2,Agricultural Land / Cropland,0.03614427898727984,0.5860880583525655,0.5179021378160992,0.208526611328125,512,0.5860880583525655,0.3555641174316406,0.21303939819335938,D:\499_4\FINAL_INFERENCE\A7_RGBN_REVISED7_FULL_AOI\tiles_geotiff\tile_r15_c15_prediction.tif,15,5,Grassland / Herbaceous Cover,512,512,tile_r15_c15,0.14703750610351562,523264,262144,0.940704345703125,0.025483469536993653,0.017917633056640625,0.001374067392367906,512
2.764450944372113,55.574381565570995,16.073052845600955,1.5017210936524639,22.493713103497477,1.592680447305998,0.0,0.55574381565571,0.01592680447305998,0.06145306064073556,0.042646373019745366,0.002546719753219269,0.02764450944372113,0.004636106029628035,18.702501156960057,99.12503368110771,53,0.02764450944372113,39,0.55574381565571,51,0.16073052845600955,10,0.015017210936524639,29,0.22493713103497476,2,0.01592680447305998,0,0.0,16,EPSG:32647,UNLABELED_DEPLOYMENT,0.02764450944372113,0.55574381565571,2,Agricultural Land / Cropland,0.0448455826966534,0.608487888913609,0.49844459002788516,0.22493713103497476,512,0.608487888913609,0.3856676594909843,0.24086393550803473,D:\499_4\FINAL_INFERENCE\A7_RGBN_REVISED7_FULL_AOI\tiles_geotiff\tile_r15_c16_prediction.tif,15,5,Grassland / Herbaceous Cover,512,110,tile_r15_c16,0.16073052845600955,111516,56069,0.9414114751466942,0.023166610375887478,0.015017210936524639,0.0010581441228164569,110
33.05826504403131,6.853519447162427,35.09547761741683,0.8890349804305284,23.442086594911938,0.6616163160469668,0.0,0.06853519447162426,0.006616163160469668,0.09062618494748736,0.7740601251052664,0.0012944215410126741,0.3305826504403131,0.03513128995999931,18.688632600993262,98.89767095004248,225,0.3305826504403131,148,0.06853519447162426,281,0.3509547761741683,17,0.008890349804305284,240,0.23442086594911937,38,0.006616163160469668,0,0.0,0,EPSG:32647,UNLABELED_DEPLOYMENT,0.3305826504403131,0.3509547761741683,3,Tree / Woody Cover,0.06320070618737327,0.6846956008590369,0.5803754424958679,0.23442086594911937,512,0.6846956008590369,0.5853756421232876,0.24103702910958905,D:\499_4\FINAL_INFERENCE\A7_RGBN_REVISED7_FULL_AOI\tiles_geotiff\tile_r16_c00_prediction.tif,16,1,Built-up & Impervious,512,512,tile_r16_c00,0.3509547761741683,522241,261632,0.653910836594912,0.0208167769015834,0.008890349804305284,0.0008272042983986321,512
48.738861083984375,24.166107177734375,14.394378662109375,0.9159088134765625,11.737823486328125,0.0469207763671875,0.0,0.24166107177734375,0.000469207763671875,0.47113141627050936,0.5094615081325173,0.003382613747553816,0.48738861083984375,0.026435986423679062,18.688639980012,98.91223788917299,111,0.48738861083984375,107,0.24166107177734375,335,0.14394378662109375,9,0.009159088134765625,182,0.11737823486328125,4,0.000469207763671875,0,0.0,1,EPSG:32647,UNLABELED_DEPLOYMENT,0.48738861083984375,0.48738861083984375,1,Built-up & Impervious,0.04719415056262231,0.6529341613427215,0.4829322082407545,0.11737823486328125,512,0.6529341613427215,0.261322021484375,0.11784744262695312,D:\499_4\FINAL_INFERENCE\A7_RGBN_REVISED7_FULL_AOI\tiles_geotiff\tile_r16_c01_prediction.tif,16,2,Agricultural Land / Cropland,512,512,tile_r16_c01,0.14394378662109375,523264,262144,0.5029830932617188,0.009573885705322027,0.009159088134765625,0.0005809686888454011,512
67.79899597167969,7.6198577880859375,14.751052856445312,0.5077362060546875,9.293746948242188,0.0286102294921875,0.0,0.07619857788085938,0.000286102294921875,0.20664748299168423,0.6520853140391409,0.0013798006360078278,0.6779899597167969,0.03025241560665362,18.688646228105384,98.92680483458952,72,0.6779899597167969,43,0.07619857788085938,287,0.14751052856445312,7,0.005077362060546875,131,0.09293746948242188,11,0.000286102294921875,0,0.0,2,EPSG:32647,UNLABELED_DEPLOYMENT,0.6779899597167969,0.6779899597167969,1,Built-up & Impervious,0.039853687622309196,0.509748174680828,0.4839015953815962,0.09293746948242188,512,0.509748174680828,0.240447998046875,0.09322357177734375,D:\499_4\FINAL_INFERENCE\A7_RGBN_REVISED7_FULL_AOI\tiles_geotiff\tile_r16_c02_prediction.tif,16,3,Tree / Woody Cover,512,512,tile_r16_c02,0.14751052856445312,523264,262144,0.3166465759277344,0.004883366171270609,0.005077362060546875,0.0003917716487279843,512
59.86747741699219,11.930465698242188,15.922164916992188,1.78375244140625,9.440994262695312,1.055145263671875,0.0,0.11930465698242188,0.01055145263671875,0.28569875430548564,0.6073713437654078,0.00390625,0.5986747741699219,0.03384907045009785,18.688651345271495,98.94137178524873,116,0.5986747741699219,84,0.11930465698242188,299,0.15922164916992188,49,0.0178375244140625,206,0.09440994262695312,29,0.01055145263671875,0,0.0,3,EPSG:32647,UNLABELED_DEPLOYMENT,0.5986747741699219,0.5986747741699219,1,Built-up & Impervious,0.05391733427103718,0.6146329127488142,0.6568704035344249,0.09440994262695312,512,0.6146329127488142,0.253631591796875,0.10496139526367188,D:\499_4\FINAL_INFERENCE\A7_RGBN_REVISED7_FULL_AOI\tiles_geotiff\tile_r16_c03_prediction.tif,16,3,Tree / Woody Cover,512,512,tile_r16_c03,0.15922164916992188,523264,262144,0.3729362487792969,0.018096638843417168,0.0178375244140625,0.000682255993150685,512
44.22492980957031,28.261947631835938,13.92364501953125,2.9468536376953125,9.771347045898438,0.87127685546875,0.0,0.2826194763183594,0.0087127685546875,0.4999530601198785,0.41916374437278137,0.007457038894324853,0.4422492980957031,0.02532755931996086,18.688655331508738,98.95593874010726,218,0.4422492980957031,127,0.2826194763183594,299,0.1392364501953125,14,0.029468536376953125,136,0.09771347045898438,11,0.0087127685546875,0,0.0,4,EPSG:32647,UNLABELED_DEPLOYMENT,0.4422492980957031,0.4422492980957031,1,Built-up & Impervious,0.04890074608610567,0.7014251211038941,0.527596071259803,0.09771347045898438,512,0.7014251211038941,0.23694992065429688,0.10642623901367188,D:\499_4\FINAL_INFERENCE\A7_RGBN_REVISED7_FULL_AOI\tiles_geotiff\tile_r16_c04_prediction.tif,16,2,Agricultural Land / Cropland,512,512,tile_r16_c04,0.1392364501953125,523264,262144,0.5195693969726562,0.027930269425269216,0.029468536376953125,0.001158115215264188,512
29.2999267578125,50.769805908203125,6.3579559326171875,3.2146453857421875,8.84246826171875,1.51519775390625,0.0,0.5076980590820312,0.0151519775390625,0.5950206378474832,0.17814852623268962,0.015137674290606654,0.292999267578125,0.017360261741682974,18.688658186815875,98.97050569812171,225,0.292999267578125,221,0.5076980590820312,240,0.06357955932617188,38,0.032146453857421875,277,0.0884246826171875,34,0.0151519775390625,0,0.0,5,EPSG:32647,UNLABELED_DEPLOYMENT,0.292999267578125,0.5076980590820312,2,Agricultural Land / Cropland,0.05358480613992172,0.6513617562880475,0.690227448018995,0.0884246826171875,512,0.6513617562880475,0.15200424194335938,0.10357666015625,D:\499_4\FINAL_INFERENCE\A7_RGBN_REVISED7_FULL_AOI\tiles_geotiff\tile_r16_c05_prediction.tif,16,1,Built-up & Impervious,512,512,tile_r16_c05,0.06357955932617188,523264,262144,0.6597023010253906,0.019545589399058372,0.032146453857421875,0.00119824792074364,512
30.739974975585938,39.272308349609375,17.35687255859375,4.9755096435546875,7.36846923828125,0.286865234375,0.0,0.39272308349609375,0.00286865234375,0.48289191036019474,0.3040225552394986,0.004303754892367906,0.3073997497558594,0.02733801675636008,18.688659911192026,98.98507265824874,166,0.3073997497558594,186,0.39272308349609375,247,0.1735687255859375,13,0.049755096435546875,190,0.0736846923828125,3,0.00286865234375,0,0.0,6,EPSG:32647,TRAIN14,0.3073997497558594,0.39272308349609375,2,Agricultural Land / Cropland,0.051207421110567516,0.71528313641237,0.45571973423002493,0.0736846923828125,512,0.71528313641237,0.24725341796875,0.0765533447265625,D:\499_4\FINAL_INFERENCE\A7_RGBN_REVISED7_FULL_AOI\tiles_geotiff\tile_r16_c06_prediction.tif,16,1,Built-up & Impervious,512,512,tile_r16_c06,0.1735687255859375,523264,262144,0.6399765014648438,0.04920847062021494,0.049755096435546875,0.0018805039138943247,512
47.248077392578125,23.977279663085938,15.525054931640625,1.421356201171875,11.315155029296875,0.5130767822265625,0.0,0.23977279663085938,0.005130767822265625,0.45315214607398957,0.5072593269869685,0.008813906555772993,0.47248077392578125,0.03004410775440313,18.688660504636662,98.99963961944493,185,0.47248077392578125,204,0.23977279663085938,332,0.15525054931640625,41,0.01421356201171875,256,0.11315155029296875,20,0.005130767822265625,0,0.0,7,EPSG:32647,UNLABELED_DEPLOYMENT,0.47248077392578125,0.47248077392578125,1,Built-up & Impervious,0.0617871667074364,0.6783022081371397,0.6256773377012013,0.11315155029296875,512,0.6783022081371397,0.268402099609375,0.11828231811523438,D:\499_4\FINAL_INFERENCE\A7_RGBN_REVISED7_FULL_AOI\tiles_geotiff\tile_r16_c07_prediction.tif,16,2,Agricultural Land / Cropland,512,512,tile_r16_c07,0.15525054931640625,523264,262144,0.5081748962402344,0.015259799547493458,0.01421356201171875,0.000881008439334638,512
42.79670715332031,17.187118530273438,15.189361572265625,3.014373779296875,20.721817016601562,1.0906219482421875,0.0,0.17187118530273438,0.010906219482421875,0.2942208314198069,0.6147520774393342,0.005572712818003914,0.4279670715332031,0.0345236821183953,18.688659967149583,99.01420658066696,160,0.4279670715332031,211,0.17187118530273438,370,0.15189361572265625,25,0.03014373779296875,243,0.20721817016601562,56,0.010906219482421875,0,0.0,8,EPSG:32647,UNLABELED_DEPLOYMENT,0.4279670715332031,0.4279670715332031,1,Built-up & Impervious,0.0676446306262231,0.7364855794286115,0.66352903614702,0.20721817016601562,512,0.7364855794286115,0.3591117858886719,0.2181243896484375,D:\499_4\FINAL_INFERENCE\A7_RGBN_REVISED7_FULL_AOI\tiles_geotiff\tile_r16_c08_prediction.tif,16,5,Grassland / Herbaceous Cover,512,512,tile_r16_c08,0.15189361572265625,523264,262144,0.5309829711914062,0.04329988604877144,0.03014373779296875,0.001515487402152642,512
35.87226867675781,30.5999755859375,13.047409057617188,2.378082275390625,17.624664306640625,0.47760009765625,0.0,0.305999755859375,0.0047760009765625,0.43907621828839183,0.44011074263835326,0.005584179305283757,0.3587226867675781,0.025098229574363994,18.688658298730967,99.02877354087143,186,0.3587226867675781,176,0.305999755859375,333,0.13047409057617188,55,0.02378082275390625,185,0.17624664306640625,20,0.0047760009765625,0,0.0,9,EPSG:32647,TRAIN14,0.3587226867675781,0.3587226867675781,1,Built-up & Impervious,0.060105415239726026,0.7277932078903862,0.6090721188181017,0.17624664306640625,512,0.7277932078903862,0.3067207336425781,0.18102264404296875,D:\499_4\FINAL_INFERENCE\A7_RGBN_REVISED7_FULL_AOI\tiles_geotiff\tile_r16_c09_prediction.tif,16,2,Agricultural Land / Cropland,512,512,tile_r16_c09,0.13047409057617188,523264,262144,0.6127204895019531,0.02917628560680896,0.02378082275390625,0.0010740276418786693,512
39.957427978515625,20.684814453125,21.434783935546875,4.4254302978515625,13.153457641601562,0.344085693359375,0.0,0.20684814453125,0.00344085693359375,0.3306047935038805,0.5528228686889634,0.004408864359099804,0.39957427978515625,0.030126284246575343,18.688655499381337,99.04334049901495,167,0.39957427978515625,223,0.20684814453125,366,0.21434783935546875,21,0.044254302978515625,232,0.13153457641601562,16,0.00344085693359375,0,0.0,10,EPSG:32647,UNLABELED_DEPLOYMENT,0.39957427978515625,0.39957427978515625,1,Built-up & Impervious,0.0662457191780822,0.7435773116946462,0.6065743577277041,0.13153457641601562,512,0.7435773116946462,0.3458824157714844,0.13497543334960938,D:\499_4\FINAL_INFERENCE\A7_RGBN_REVISED7_FULL_AOI\tiles_geotiff\tile_r16_c10_prediction.tif,16,3,Tree / Woody Cover,512,512,tile_r16_c10,0.21434783935546875,523264,262144,0.5527305603027344,0.06122714088996872,0.044254302978515625,0.0009899400684931507,512
24.404144287109375,20.118331909179688,24.35150146484375,1.523590087890625,26.216888427734375,3.3855438232421875,0.0,0.20118331909179688,0.033855438232421875,0.1963882698910311,0.49363131332211196,0.0027557791095890413,0.24404144287109375,0.027223351883561644,18.68865156910155,99.05790745405416,305,0.24404144287109375,296,0.20118331909179688,324,0.2435150146484375,7,0.01523590087890625,227,0.26216888427734375,40,0.033855438232421875,0,0.0,11,EPSG:32647,UNLABELED_DEPLOYMENT,0.24404144287109375,0.26216888427734375,5,Grassland / Herbaceous Cover,0.07237455662915851,0.7914771510715053,0.5368694885785198,0.26216888427734375,512,0.7914771510715053,0.5056838989257812,0.2960243225097656,D:\499_4\FINAL_INFERENCE\A7_RGBN_REVISED7_FULL_AOI\tiles_geotiff\tile_r16_c11_prediction.tif,16,1,Built-up & Impervious,512,512,tile_r16_c11,0.2435150146484375,523264,262144,0.7068672180175781,0.0308181990403682,0.01523590087890625,0.0005752354452054795,512
11.72943115234375,8.94317626953125,52.28996276855469,0.3925323486328125,26.458358764648438,0.1865386962890625,0.0,0.0894317626953125,0.001865386962890625,0.041959348134696484,0.36946920631453395,0.001612952544031311,0.1172943115234375,0.020469590875733856,18.68864650789282,99.07247440494568,208,0.1172943115234375,209,0.0894317626953125,189,0.5228996276855469,18,0.003925323486328125,323,0.2645835876464844,20,0.001865386962890625,0,0.0,12,EPSG:32647,TEST40,0.1172943115234375,0.5228996276855469,3,Tree / Woody Cover,0.06719361545988259,0.6123475025854432,0.6541385873200146,0.2645835876464844,512,0.6123475025854432,0.7874832153320312,0.266448974609375,D:\499_4\FINAL_INFERENCE\A7_RGBN_REVISED7_FULL_AOI\tiles_geotiff\tile_r16_c12_prediction.tif,16,5,Grassland / Herbaceous Cover,512,512,tile_r16_c12,0.5228996276855469,523264,262144,0.8769149780273438,0.012364505440928042,0.003925323486328125,0.0008829195205479452,512
2.7500152587890625,43.782806396484375,35.55793762207031,1.435089111328125,16.115188598632812,0.3589630126953125,0.0,0.43782806396484375,0.003589630126953125,0.04816135426517576,0.05684075423050672,0.0006555008561643836,0.027500152587890625,0.005664444716242662,18.688640315756732,99.08704135064616,75,0.027500152587890625,165,0.43782806396484375,129,0.3555793762207031,37,0.01435089111328125,196,0.16115188598632812,6,0.003589630126953125,0,0.0,13,EPSG:32647,TEST40,0.027500152587890625,0.43782806396484375,2,Agricultural Land / Cropland,0.043349055161448144,0.6184205339937275,0.5211021579779584,0.16115188598632812,512,0.6184205339937275,0.5167312622070312,0.16474151611328125,D:\499_4\FINAL_INFERENCE\A7_RGBN_REVISED7_FULL_AOI\tiles_geotiff\tile_r16_c13_prediction.tif,16,3,Tree / Woody Cover,512,512,tile_r16_c13,0.3555793762207031,523264,262144,0.954559326171875,0.029662216315045953,0.01435089111328125,0.0023792961105675147,512
15.544509887695312,17.467880249023438,32.09114074707031,3.8036346435546875,29.78973388671875,1.3031005859375,0.0,0.17467880249023438,0.013031005859375,0.10861185489920899,0.38476314704166725,0.0027041799168297455,0.15544509887695312,0.020276571673189824,18.68863299269519,99.10160829011222,214,0.15544509887695312,250,0.17467880249023438,278,0.3209114074707031,20,0.038036346435546875,260,0.2978973388671875,47,0.013031005859375,0,0.0,14,EPSG:32647,TEST40,0.15544509887695312,0.3209114074707031,3,Tree / Woody Cover,0.06514302531800391,0.7711277299792977,0.6187101289118209,0.2978973388671875,512,0.7711277299792977,0.6188087463378906,0.3109283447265625,D:\499_4\FINAL_INFERENCE\A7_RGBN_REVISED7_FULL_AOI\tiles_geotiff\tile_r16_c14_prediction.tif,16,5,Grassland / Herbaceous Cover,512,512,tile_r16_c14,0.3209114074707031,523264,262144,0.793487548828125,0.09414889541221783,0.038036346435546875,0.001605308219178082,512
9.499740600585938,33.14323425292969,34.90142822265625,0.244903564453125,22.150039672851562,0.0606536865234375,0.0,0.3314323425292969,0.000606536865234375,0.12594085122691467,0.2167896583559923,0.0015709087573385519,0.09499740600585938,0.015510335127201565,18.688624538710467,99.1161752223005,122,0.09499740600585938,199,0.3314323425292969,268,0.3490142822265625,8,0.00244903564453125,226,0.22150039672851562,11,0.000606536865234375,0,0.0,15,EPSG:32647,TEST40,0.09499740600585938,0.3490142822265625,3,Tree / Woody Cover,0.05649538282778865,0.673260580559467,0.6019864518380507,0.22150039672851562,512,0.673260580559467,0.5705146789550781,0.22210693359375,D:\499_4\FINAL_INFERENCE\A7_RGBN_REVISED7_FULL_AOI\tiles_geotiff\tile_r16_c15_prediction.tif,16,2,Agricultural Land / Cropland,512,512,tile_r16_c15,0.3490142822265625,523264,262144,0.901947021484375,0.005588843137957156,0.00244903564453125,0.00029812866927592953,512
3.3380681818181817,46.32102272727273,22.095170454545453,13.022017045454545,15.220170454545453,0.0035511363636363635,0.0,0.46321022727272726,3.5511363636363635e-05,0.06184909284607437,0.049824460872933886,0.0020443143066292916,0.033380681818181816,0.006400757021193022,18.68861885146911,99.12502349156763,26,0.033380681818181816,35,0.46321022727272726,45,0.22095170454545454,5,0.13022017045454545,37,0.15220170454545454,2,3.5511363636363635e-05,0,0.0,16,EPSG:32647,UNLABELED_DEPLOYMENT,0.033380681818181816,0.46321022727272726,2,Agricultural Land / Cropland,0.045421271581353,0.6967975469621421,0.41735729511266245,0.15220170454545454,512,0.6967975469621421,0.3731534090909091,0.1522372159090909,D:\499_4\FINAL_INFERENCE\A7_RGBN_REVISED7_FULL_AOI\tiles_geotiff\tile_r16_c16_prediction.tif,16,3,Tree / Woody Cover,512,110,tile_r16_c16,0.22095170454545454,112018,56320,0.8363636363636363,0.19436840215005166,0.13022017045454545,0.0019461158028174043,110
32.784355664196774,30.196700022916506,22.272171721029714,0.0886104957604461,14.261324574134902,0.39683752196165306,0.0,0.30196700022916506,0.00396837521961653,0.39599174137454146,0.47909085447891675,0.0056331991366510015,0.32784355664196774,0.028301850689607666,18.674750264031477,98.89767928264212,198,0.32784355664196774,160,0.30196700022916506,314,0.22272171721029715,5,0.0008861049576044611,253,0.142613245741349,15,0.00396837521961653,0,0.0,0,EPSG:32647,UNLABELED_DEPLOYMENT,0.32784355664196774,0.32784355664196774,1,Built-up & Impervious,0.05930549389991887,0.7028185088256671,0.6030047797643944,0.142613245741349,512,0.7028185088256671,0.36533496295164614,0.14658162096096555,D:\499_4\FINAL_INFERENCE\A7_RGBN_REVISED7_FULL_AOI\tiles_geotiff\tile_r17_c00_prediction.tif,17,2,Agricultural Land / Cropland,512,512,tile_r17_c00,0.22272171721029715,522616,261820,0.6673019631808113,0.001294900487430783,0.0008861049576044611,0.00013202810476525785,512
47.139739990234375,30.984878540039062,13.563919067382812,0.128173828125,7.8556060791015625,0.3276824951171875,0.0,0.3098487854003906,0.003276824951171875,0.5842476472025737,0.4038843384478241,0.00720286509295499,0.47139739990234375,0.026227678571428572,18.674757637174935,98.91224503559859,131,0.47139739990234375,162,0.3098487854003906,310,0.13563919067382812,7,0.00128173828125,211,0.07855606079101562,18,0.003276824951171875,0,0.0,1,EPSG:32647,VAL4,0.47139739990234375,0.47139739990234375,1,Built-up & Impervious,0.04984673128669276,0.6247232811581219,0.5895470569812875,0.07855606079101562,512,0.6247232811581219,0.21419525146484375,0.0818328857421875,D:\499_4\FINAL_INFERENCE\A7_RGBN_REVISED7_FULL_AOI\tiles_geotiff\tile_r17_c01_prediction.tif,17,2,Agricultural Land / Cropland,512,512,tile_r17_c01,0.13563919067382812,523264,262144,0.5240440368652344,0.0010981690138578415,0.00128173828125,0.00019110812133072406,512
44.57817077636719,35.55564880371094,10.043716430664062,0.3795623779296875,8.75244140625,0.690460205078125,0.0,0.3555564880371094,0.00690460205078125,0.6340023137745447,0.335159333597403,0.00907381360078278,0.4457817077636719,0.020983671722113503,18.674763880293504,98.92681079483876,141,0.4457817077636719,129,0.3555564880371094,275,0.10043716430664062,13,0.003795623779296875,213,0.0875244140625,18,0.00690460205078125,0,0.0,2,EPSG:32647,UNLABELED_DEPLOYMENT,0.4457817077636719,0.4457817077636719,1,Built-up & Impervious,0.04723428326810176,0.6307394517988418,0.5738736094745152,0.0875244140625,512,0.6307394517988418,0.18796157836914062,0.09442901611328125,D:\499_4\FINAL_INFERENCE\A7_RGBN_REVISED7_FULL_AOI\tiles_geotiff\tile_r17_c02_prediction.tif,17,2,Agricultural Land / Cropland,512,512,tile_r17_c02,0.10043716430664062,523264,262144,0.54351806640625,0.002853725745808333,0.003795623779296875,0.0002350629892367906,512
27.565765380859375,54.95758056640625,6.0791015625,0.2971649169921875,10.888290405273438,0.21209716796875,0.0,0.5495758056640625,0.0021209716796875,0.6059791087172925,0.18708765844348818,0.011281112402152642,0.27565765380859375,0.017020089285714284,18.674768993385246,98.94137655931962,182,0.27565765380859375,169,0.5495758056640625,275,0.060791015625,8,0.002971649169921875,258,0.10888290405273438,10,0.0021209716796875,0,0.0,3,EPSG:32647,UNLABELED_DEPLOYMENT,0.27565765380859375,0.5495758056640625,2,Agricultural Land / Cropland,0.048023559809197654,0.5787621842898921,0.5771007651782383,0.10888290405273438,512,0.5787621842898921,0.16967391967773438,0.11100387573242188,D:\499_4\FINAL_INFERENCE\A7_RGBN_REVISED7_FULL_AOI\tiles_geotiff\tile_r17_c03_prediction.tif,17,1,Built-up & Impervious,512,512,tile_r17_c03,0.060791015625,523264,262144,0.7192497253417969,0.002016845450270921,0.002971649169921875,0.00014906433463796477,512
37.17689514160156,40.52085876464844,7.5542449951171875,0.267791748046875,14.057159423828125,0.4230499267578125,0.0,0.4052085876464844,0.004230499267578125,0.6025758869363926,0.3213779663783498,0.01144928754892368,0.3717689514160156,0.021000871453033268,18.674772976448587,98.95594232799823,198,0.3717689514160156,220,0.4052085876464844,298,0.07554244995117188,6,0.00267791748046875,215,0.14057159423828125,17,0.004230499267578125,0,0.0,4,EPSG:32647,UNLABELED_DEPLOYMENT,0.3717689514160156,0.4052085876464844,2,Agricultural Land / Cropland,0.05363640533268102,0.6391996653613059,0.6416935805174334,0.14057159423828125,512,0.6391996653613059,0.21611404418945312,0.14480209350585938,D:\499_4\FINAL_INFERENCE\A7_RGBN_REVISED7_FULL_AOI\tiles_geotiff\tile_r17_c04_prediction.tif,17,1,Built-up & Impervious,512,512,tile_r17_c04,0.07554244995117188,523264,262144,0.6213226318359375,0.0023149423068389297,0.00267791748046875,0.00010893162915851271,512
29.071426391601562,35.3973388671875,11.0931396484375,2.414703369140625,20.959854125976562,1.06353759765625,0.0,0.353973388671875,0.0106353759765625,0.4116204525344074,0.3727304996573366,0.009557317147749511,0.2907142639160156,0.025505289872798435,18.674775829482293,98.97050809983158,210,0.2907142639160156,258,0.353973388671875,265,0.110931396484375,13,0.02414703369140625,228,0.20959854125976562,32,0.0106353759765625,0,0.0,5,EPSG:32647,UNLABELED_DEPLOYMENT,0.2907142639160156,0.353973388671875,2,Agricultural Land / Cropland,0.0625783543297456,0.7381807769636773,0.6000267568440508,0.20959854125976562,512,0.7381807769636773,0.3205299377441406,0.22023391723632812,D:\499_4\FINAL_INFERENCE\A7_RGBN_REVISED7_FULL_AOI\tiles_geotiff\tile_r17_c05_prediction.tif,17,1,Built-up & Impervious,512,512,tile_r17_c05,0.110931396484375,523264,262144,0.6745033264160156,0.030959388823248446,0.02414703369140625,0.0013148238747553815,512
52.371978759765625,9.098052978515625,18.498992919921875,1.69525146484375,18.041229248046875,0.29449462890625,0.0,0.09098052978515625,0.0029449462890625,0.19059321493841708,0.7654734957031906,0.0036348764677103717,0.5237197875976562,0.04420713062622309,18.67477755248547,98.9850738737767,149,0.5237197875976562,205,0.09098052978515625,403,0.18498992919921875,12,0.0169525146484375,295,0.18041229248046875,19,0.0029449462890625,0,0.0,6,EPSG:32647,UNLABELED_DEPLOYMENT,0.5237197875976562,0.5237197875976562,1,Built-up & Impervious,0.07280454990215264,0.6496881285020466,0.6020210901058816,0.18041229248046875,512,0.6496881285020466,0.3654022216796875,0.18335723876953125,D:\499_4\FINAL_INFERENCE\A7_RGBN_REVISED7_FULL_AOI\tiles_geotiff\tile_r17_c06_prediction.tif,17,3,Tree / Woody Cover,512,512,tile_r17_c06,0.18498992919921875,523264,262144,0.45638275146484375,0.024777946062386036,0.0169525146484375,0.00037839408023483364,512
34.35859680175781,25.664901733398438,9.73358154296875,0.341796875,28.97796630859375,0.92315673828125,0.0,0.2566490173339844,0.0092315673828125,0.35272400424582884,0.5320297856815159,0.010184151785714286,0.3435859680175781,0.02923380931996086,18.67477814545759,98.9996396487906,173,0.3435859680175781,367,0.2566490173339844,330,0.0973358154296875,31,0.00341796875,276,0.2897796630859375,16,0.0092315673828125,0,0.0,7,EPSG:32647,UNLABELED_DEPLOYMENT,0.3435859680175781,0.3435859680175781,1,Built-up & Impervious,0.0686498593444227,0.701192510373006,0.6729316885794666,0.2897796630859375,512,0.701192510373006,0.387115478515625,0.29901123046875,D:\499_4\FINAL_INFERENCE\A7_RGBN_REVISED7_FULL_AOI\tiles_geotiff\tile_r17_c07_prediction.tif,17,5,Grassland / Herbaceous Cover,512,512,tile_r17_c07,0.0973358154296875,523264,262144,0.6437644958496094,0.0052925944328308105,0.00341796875,0.00013568676614481408,512
28.921890258789062,37.11433410644531,9.811019897460938,3.424835205078125,19.321060180664062,1.4068603515625,0.0,0.3711433410644531,0.014068603515625,0.42936667922185734,0.33702192921191454,0.008026541095890412,0.2892189025878906,0.0223023177592955,18.674777608398472,99.0142054238303,206,0.2892189025878906,271,0.3711433410644531,319,0.09811019897460938,43,0.03424835205078125,317,0.19321060180664062,37,0.014068603515625,0,0.0,8,EPSG:32647,UNLABELED_DEPLOYMENT,0.2892189025878906,0.3711433410644531,2,Agricultural Land / Cropland,0.0678300055039139,0.7439283429040302,0.754526594198787,0.19321060180664062,512,0.7439283429040302,0.29132080078125,0.20727920532226562,D:\499_4\FINAL_INFERENCE\A7_RGBN_REVISED7_FULL_AOI\tiles_geotiff\tile_r17_c08_prediction.tif,17,1,Built-up & Impervious,512,512,tile_r17_c08,0.09811019897460938,523264,262144,0.6624641418457031,0.03990902937948704,0.03424835205078125,0.0014638882093933464,512
23.0438232421875,40.334320068359375,13.134002685546875,3.707122802734375,19.3115234375,0.469207763671875,0.0,0.40334320068359375,0.00469207763671875,0.3717827768996358,0.2990675875917077,0.009052791707436399,0.230438232421875,0.01970324730919765,18.674775941308276,99.02877119785283,252,0.230438232421875,292,0.40334320068359375,327,0.13134002685546875,42,0.03707122802734375,265,0.193115234375,29,0.00469207763671875,0,0.0,9,EPSG:32647,UNLABELED_DEPLOYMENT,0.230438232421875,0.40334320068359375,2,Agricultural Land / Cropland,0.06872439151174169,0.737930200500829,0.6529192192550407,0.193115234375,512,0.737930200500829,0.32445526123046875,0.19780731201171875,D:\499_4\FINAL_INFERENCE\A7_RGBN_REVISED7_FULL_AOI\tiles_geotiff\tile_r17_c09_prediction.tif,17,1,Built-up & Impervious,512,512,tile_r17_c09,0.13134002685546875,523264,262144,0.7277984619140625,0.048111819894984365,0.03707122802734375,0.0024652947651663407,512
37.05291748046875,28.765487670898438,22.565841674804688,0.6893157958984375,9.878158569335938,1.04827880859375,0.0,0.2876548767089844,0.0104827880859375,0.4263380963820964,0.4808579455129802,0.005169474681996086,0.3705291748046875,0.032492202788649706,18.674773144187526,99.04333696981521,155,0.3705291748046875,225,0.2876548767089844,318,0.22565841674804688,17,0.006893157958984375,297,0.09878158569335938,22,0.0104827880859375,0,0.0,10,EPSG:32647,UNLABELED_DEPLOYMENT,0.3705291748046875,0.3705291748046875,1,Built-up & Impervious,0.06690122003424658,0.7055745961430626,0.5528976325272373,0.09878158569335938,512,0.7055745961430626,0.32444000244140625,0.10926437377929688,D:\499_4\FINAL_INFERENCE\A7_RGBN_REVISED7_FULL_AOI\tiles_geotiff\tile_r17_c10_prediction.tif,17,2,Agricultural Land / Cropland,512,512,tile_r17_c10,0.22565841674804688,523264,262144,0.6120948791503906,0.008945664740167558,0.006893157958984375,0.0005886130136986301,512
28.760147094726562,27.079391479492188,21.865463256835938,0.0949859619140625,21.512603759765625,0.687408447265625,0.0,0.2707939147949219,0.00687408447265625,0.3115229128743522,0.499023835232947,0.0045235292318982386,0.2876014709472656,0.024305130870841487,18.67476921703709,99.05790273867443,186,0.2876014709472656,173,0.2707939147949219,328,0.21865463256835938,4,0.000949859619140625,259,0.21512603759765625,28,0.00687408447265625,0,0.0,11,EPSG:32647,UNLABELED_DEPLOYMENT,0.2876014709472656,0.2876014709472656,1,Built-up & Impervious,0.06287074975538161,0.7276650565697261,0.575682443441932,0.21512603759765625,512,0.7276650565697261,0.4337806701660156,0.2220001220703125,D:\499_4\FINAL_INFERENCE\A7_RGBN_REVISED7_FULL_AOI\tiles_geotiff\tile_r17_c11_prediction.tif,17,2,Agricultural Land / Cropland,512,512,tile_r17_c11,0.21865463256835938,523264,262144,0.7045745849609375,0.0016481229686178267,0.000949859619140625,0.0001930192025440313,512
9.67254638671875,31.436538696289062,31.8328857421875,1.7902374267578125,23.978042602539062,1.2897491455078125,0.0,0.3143653869628906,0.012897491455078125,0.12162855151109397,0.2159335173200816,0.0031685726516634052,0.0967254638671875,0.014774568860078278,18.674764159858167,99.07246850338753,200,0.0967254638671875,304,0.3143653869628906,335,0.318328857421875,33,0.017902374267578125,284,0.23978042602539062,22,0.012897491455078125,0,0.0,12,EPSG:32647,TEST40,0.0967254638671875,0.318328857421875,3,Tree / Woody Cover,0.0693359375,0.7321249887611089,0.583178793659089,0.23978042602539062,512,0.7321249887611089,0.5581092834472656,0.25267791748046875,D:\499_4\FINAL_INFERENCE\A7_RGBN_REVISED7_FULL_AOI\tiles_geotiff\tile_r17_c12_prediction.tif,17,2,Agricultural Land / Cropland,512,512,tile_r17_c12,0.318328857421875,523264,262144,0.8724746704101562,0.039965925097931176,0.017902374267578125,0.001349223336594912,512
16.049575805664062,27.039337158203125,36.299896240234375,3.6128997802734375,15.781784057617188,1.2165069580078125,0.0,0.27039337158203125,0.012165069580078125,0.17358795658219606,0.33435555041069165,0.0029889310176125245,0.16049575805664062,0.018508821550880628,18.674757972652348,99.08703426291152,148,0.16049575805664062,232,0.27039337158203125,291,0.36299896240234375,26,0.036128997802734375,264,0.15781784057617188,58,0.012165069580078125,0,0.0,13,EPSG:32647,TEST40,0.16049575805664062,0.36299896240234375,3,Tree / Woody Cover,0.06376131360078278,0.7606233840770635,0.6566915970234378,0.15781784057617188,512,0.7606233840770635,0.5208168029785156,0.16998291015625,D:\499_4\FINAL_INFERENCE\A7_RGBN_REVISED7_FULL_AOI\tiles_geotiff\tile_r17_c13_prediction.tif,17,2,Agricultural Land / Cropland,512,512,tile_r17_c13,0.36299896240234375,523264,262144,0.7912101745605469,0.07526635652175173,0.036128997802734375,0.00173143957925636,512
21.028518676757812,23.014450073242188,25.262832641601562,2.6824951171875,25.922012329101562,2.089691162109375,0.0,0.23014450073242188,0.02089691162109375,0.19358391728019342,0.43053658737335354,0.003223994006849315,0.21028518676757812,0.026252522627201565,18.674750655421526,99.10160001620343,250,0.21028518676757812,182,0.23014450073242188,288,0.2526283264160156,27,0.026824951171875,275,0.2592201232910156,80,0.02089691162109375,0,0.0,14,EPSG:32647,TEST40,0.21028518676757812,0.2592201232910156,5,Grassland / Herbaceous Cover,0.06522137964774952,0.7921372619586068,0.6211056309648367,0.2592201232910156,512,0.7921372619586068,0.5118484497070312,0.2801170349121094,D:\499_4\FINAL_INFERENCE\A7_RGBN_REVISED7_FULL_AOI\tiles_geotiff\tile_r17_c14_prediction.tif,17,3,Tree / Woody Cover,512,512,tile_r17_c14,0.2526283264160156,523264,262144,0.7419929504394531,0.05492123868316412,0.026824951171875,0.0008255870841487279,512
13.649749755859375,32.8765869140625,19.809722900390625,2.9422760009765625,28.181838989257812,2.539825439453125,0.0,0.328765869140625,0.02539825439453125,0.17950287368148565,0.26202912407461554,0.0036826534980430527,0.13649749755859375,0.018676996697651663,18.674742208167988,99.11616576222029,233,0.13649749755859375,110,0.328765869140625,255,0.19809722900390625,30,0.029422760009765625,249,0.2818183898925781,251,0.02539825439453125,0,0.0,15,EPSG:32647,TEST40,0.13649749755859375,0.328765869140625,2,Agricultural Land / Cropland,0.05950915790117417,0.7771292754933767,0.6742566972813809,0.2818183898925781,512,0.7771292754933767,0.4799156188964844,0.3072166442871094,D:\499_4\FINAL_INFERENCE\A7_RGBN_REVISED7_FULL_AOI\tiles_geotiff\tile_r17_c15_prediction.tif,17,5,Grassland / Herbaceous Cover,512,512,tile_r17_c15,0.19809722900390625,523264,262144,0.8086814880371094,0.0564817683189176,0.029422760009765625,0.0019244587818003913,512
6.745383522727273,24.692826704545453,22.278053977272727,1.5500710227272727,40.11363636363636,4.620028409090909,0.0,0.24692826704545454,0.046200284090909094,0.06662503455296036,0.1683423519922682,0.002865610883965077,0.06745383522727273,0.017791783463371957,18.674736525454897,99.12501331098247,75,0.06745383522727273,53,0.24692826704545454,55,0.22278053977272727,20,0.015500710227272728,50,0.4011363636363636,51,0.046200284090909094,0,0.0,16,EPSG:32647,UNLABELED_DEPLOYMENT,0.06745383522727273,0.4011363636363636,5,Grassland / Herbaceous Cover,0.06933707082790266,0.7373562379881682,0.6214277629022856,0.4011363636363636,512,0.7373562379881682,0.6239169034090909,0.4473366477272727,D:\499_4\FINAL_INFERENCE\A7_RGBN_REVISED7_FULL_AOI\tiles_geotiff\tile_r17_c16_prediction.tif,17,2,Agricultural Land / Cropland,512,110,tile_r17_c16,0.22278053977272727,112018,56320,0.8708451704545455,0.038684620502566505,0.015500710227272728,0.0011158920887714475,110
27.528331043956044,26.837225274725274,36.26588255494506,0.002146291208791209,9.203296703296704,0.16311813186813187,0.0,0.26837225274725274,0.0016311813186813187,0.2955136086655446,0.5006762475671436,0.005033430185459219,0.27528331043956045,0.034618334215443775,18.666561844722295,98.89768419413844,39,0.27528331043956045,35,0.26837225274725274,42,0.36265882554945056,1,2.146291208791209e-05,60,0.09203296703296704,5,0.0016311813186813187,0,0.0,0,EPSG:32647,UNLABELED_DEPLOYMENT,0.27528331043956045,0.36265882554945056,3,Tree / Woody Cover,0.06951750359144965,0.6712600353904,0.45135101034088104,0.09203296703296704,92,0.6712600353904,0.4546917925824176,0.09366414835164835,D:\499_4\FINAL_INFERENCE\A7_RGBN_REVISED7_FULL_AOI\tiles_geotiff\tile_r18_c00_prediction.tif,18,1,Built-up & Impervious,92,512,tile_r18_c00,0.36265882554945056,92581,46592,0.7230640453296703,3.903603988516635e-05,2.146291208791209e-05,1.080135232931163e-05,512
50.64532009160763,16.21326598317673,20.575330151323815,0.4023886475032641,12.16369512638856,0.0,0.0,0.16213265983176728,0.0,0.3284504181793435,0.6632313658707906,0.004857924556754777,0.5064532009160763,0.029556862491652125,18.66656921440069,98.91224924792664,22,0.5064532009160763,20,0.16213265983176728,59,0.20575330151323815,3,0.004023886475032641,24,0.1216369512638856,0,0.0,0,0.0,1,EPSG:32647,UNLABELED_DEPLOYMENT,0.5064532009160763,0.5064532009160763,1,Built-up & Impervious,0.051918395484607596,0.6389228368785539,0.48182875756044885,0.1216369512638856,92,0.6389228368785539,0.32739025277712375,0.1216369512638856,D:\499_4\FINAL_INFERENCE\A7_RGBN_REVISED7_FULL_AOI\tiles_geotiff\tile_r18_c01_prediction.tif,18,3,Tree / Woody Cover,92,512,tile_r18_c01,0.20575330151323815,92838,46721,0.489522912608891,0.0052695248408295425,0.004023886475032641,0.0006462870807212563,512
61.52768342391305,16.888162364130434,12.094514266304348,0.0,9.336786684782608,0.15285326086956522,0.0,0.16888162364130432,0.0015285326086956522,0.4156358030207441,0.527447320112434,0.0037498397504380156,0.6152768342391305,0.030009401307636425,18.666575454585253,98.92681430799713,27,0.6152768342391305,11,0.16888162364130432,79,0.12094514266304347,0,0.0,39,0.09336786684782608,2,0.0015285326086956522,0,0.0,2,EPSG:32647,UNLABELED_DEPLOYMENT,0.6152768342391305,0.6152768342391305,1,Built-up & Impervious,0.046675355754027606,0.5580867333583586,0.4080631561915908,0.09336786684782608,92,0.5580867333583586,0.21431300951086957,0.09489639945652173,D:\499_4\FINAL_INFERENCE\A7_RGBN_REVISED7_FULL_AOI\tiles_geotiff\tile_r18_c02_prediction.tif,18,2,Agricultural Land / Cropland,92,512,tile_r18_c02,0.12094514266304347,93604,47104,0.38319463315217384,0.0,0.0,0.0,512
2.3076596467391304,93.63111413043478,1.1506453804347827,0.0,2.910580842391304,0.0,0.0,0.9363111413043478,0.0,0.08642749750321213,0.003748771148277816,0.0044015213025084396,0.023076596467391304,0.0011965300628178283,18.666580565274064,98.94137937330717,21,0.023076596467391304,16,0.9363111413043478,29,0.011506453804347828,0,0.0,34,0.02910580842391304,0,0.0,0,0.0,3,EPSG:32647,UNLABELED_DEPLOYMENT,0.023076596467391304,0.9363111413043478,2,Agricultural Land / Cropland,0.017381735823255418,0.1556633819158973,0.5310943085852068,0.02910580842391304,92,0.1556633819158973,0.040612262228260865,0.02910580842391304,D:\499_4\FINAL_INFERENCE\A7_RGBN_REVISED7_FULL_AOI\tiles_geotiff\tile_r18_c03_prediction.tif,18,5,Grassland / Herbaceous Cover,92,512,tile_r18_c03,0.011506453804347828,93604,47104,0.9769234035326086,0.0,0.0,0.0,512
12.529022088738365,60.75361577949603,8.403092849383347,0.2790380642000554,16.303491170894837,1.7317400472873667,0.0,0.6075361577949603,0.017317400472873667,0.3044733576288118,0.12381973477093426,0.013592024868689035,0.12529022088738365,0.012595133454818308,18.666584546465536,98.95594444281402,66,0.12529022088738365,72,0.6075361577949603,45,0.08403092849383346,2,0.0027903806420005537,65,0.16303491170894838,3,0.017317400472873667,0,0.0,4,EPSG:32647,UNLABELED_DEPLOYMENT,0.12529022088738365,0.6075361577949603,2,Agricultural Land / Cropland,0.06336156072462215,0.5927697113305188,0.5090268282296911,0.16303491170894838,92,0.5927697113305188,0.24706584020278183,0.18035231218182204,D:\499_4\FINAL_INFERENCE\A7_RGBN_REVISED7_FULL_AOI\tiles_geotiff\tile_r18_c04_prediction.tif,18,5,Grassland / Herbaceous Cover,92,512,tile_r18_c04,0.08403092849383346,93290,46947,0.8546019979977421,0.0027576309512057783,0.0027903806420005537,0.00018222746275056275,512
32.698746565934066,19.22647664835165,22.96102335164835,2.5347699175824174,22.377232142857142,0.20175137362637366,0.0,0.1922647664835165,0.0020175137362637365,0.25147267491212005,0.5930016504625611,0.0066212289778680294,0.32698746565934067,0.034359101759540295,18.66658739815843,98.97050951547492,48,0.32698746565934067,70,0.1922647664835165,73,0.2296102335164835,3,0.025347699175824176,56,0.22377232142857142,1,0.0020175137362637365,0,0.0,5,EPSG:32647,UNLABELED_DEPLOYMENT,0.32698746565934067,0.32698746565934067,1,Built-up & Impervious,0.07761851783843338,0.750842404104622,0.3515971591795198,0.22377232142857142,92,0.750842404104622,0.4533825549450549,0.22578983516483517,D:\499_4\FINAL_INFERENCE\A7_RGBN_REVISED7_FULL_AOI\tiles_geotiff\tile_r18_c05_prediction.tif,18,3,Tree / Woody Cover,92,512,tile_r18_c05,0.2296102335164835,92581,46592,0.6456473214285714,0.04596881845725531,0.025347699175824176,0.0028515570149382705,512
25.76407967032967,26.094608516483515,12.515024038461538,0.11375343406593408,34.56172733516483,0.9508070054945054,0.0,0.26094608516483514,0.009508070054945054,0.26892142911389777,0.4851556692041646,0.005778723496181722,0.2576407967032967,0.026193279398580703,18.666589120351876,98.98507459024711,42,0.2576407967032967,41,0.26094608516483514,58,0.1251502403846154,2,0.0011375343406593407,48,0.3456172733516483,7,0.009508070054945054,0,0.0,6,EPSG:32647,UNLABELED_DEPLOYMENT,0.2576407967032967,0.3456172733516483,5,Grassland / Herbaceous Cover,0.06720601419297696,0.7087874153746173,0.4997722080919326,0.3456172733516483,92,0.7087874153746173,0.4707675137362637,0.35512534340659335,D:\499_4\FINAL_INFERENCE\A7_RGBN_REVISED7_FULL_AOI\tiles_geotiff\tile_r18_c06_prediction.tif,18,2,Agricultural Land / Cropland,92,512,tile_r18_c06,0.1251502403846154,92581,46592,0.7317135989010988,0.002142056853367271,0.0011375343406593407,7.560946630518141e-05,512
17.72192651098901,26.736349587912088,15.899725274725274,0.5172561813186813,39.12474244505494,0.0,0.0,0.2673634958791209,0.0,0.18952784902763575,0.3900558292944929,0.00782017908642162,0.1772192651098901,0.019323619317138507,18.666589713045322,98.99963966608786,46,0.1772192651098901,85,0.2673634958791209,59,0.15899725274725274,3,0.005172561813186813,54,0.39124742445054944,0,0.0,0,0.0,7,EPSG:32647,UNLABELED_DEPLOYMENT,0.1772192651098901,0.39124742445054944,5,Grassland / Herbaceous Cover,0.07725127185923678,0.6917605466028593,0.5286714977984158,0.39124742445054944,92,0.6917605466028593,0.5502446771978022,0.39124742445054944,D:\499_4\FINAL_INFERENCE\A7_RGBN_REVISED7_FULL_AOI\tiles_geotiff\tile_r18_c07_prediction.tif,18,2,Agricultural Land / Cropland,92,512,tile_r18_c07,0.15899725274725274,92581,46592,0.8176081730769231,0.011384698420730626,0.005172561813186813,0.0,512
33.97149725274725,20.75463598901099,11.186469780219781,0.03219436813186813,33.97578983516483,0.07941277472527472,0.0,0.2075463598901099,0.0007941277472527473,0.2820264237929824,0.6136918313807586,0.0037264665536125125,0.33971497252747246,0.03008176623713289,18.666589176238602,99.0142047419544,34,0.33971497252747246,38,0.2075463598901099,68,0.11186469780219781,2,0.00032194368131868126,61,0.3397578983516483,1,0.0007941277472527473,0,0.0,8,EPSG:32647,UNLABELED_DEPLOYMENT,0.33971497252747246,0.3397578983516483,5,Grassland / Herbaceous Cover,0.07301714174614662,0.6748451593309194,0.4770225518074787,0.3397578983516483,92,0.6748451593309194,0.45162259615384615,0.34055202609890106,D:\499_4\FINAL_INFERENCE\A7_RGBN_REVISED7_FULL_AOI\tiles_geotiff\tile_r18_c08_prediction.tif,18,1,Built-up & Impervious,92,512,tile_r18_c08,0.11186469780219781,92581,46592,0.659168956043956,0.0005815881646898774,0.00032194368131868126,0.0,512
22.572418336769175,27.568911652817036,15.882090408688077,5.495930121352517,28.055596880113914,0.4250526002592821,0.0,0.27568911652817035,0.004250526002592821,0.24891880276672668,0.3967119432931936,0.0049838506128211165,0.22572418336769176,0.022053004213813607,18.66658750993187,99.02876981680399,49,0.22572418336769176,56,0.27568911652817035,88,0.15882090408688077,8,0.05495930121352517,45,0.28055596880113914,4,0.004250526002592821,0,0.0,9,EPSG:32647,UNLABELED_DEPLOYMENT,0.22572418336769176,0.28055596880113914,5,Grassland / Herbaceous Cover,0.07932450642767,0.7824939299879226,0.5542800082911626,0.28055596880113914,92,0.7824939299879226,0.4393768728880199,0.284806494803732,D:\499_4\FINAL_INFERENCE\A7_RGBN_REVISED7_FULL_AOI\tiles_geotiff\tile_r18_c09_prediction.tif,18,2,Agricultural Land / Cropland,92,512,tile_r18_c09,0.15882090408688077,93502,47053,0.7150659894161903,0.0965913836132378,0.05495930121352517,0.0031122328934140445,512
33.20737092391305,34.78685461956522,12.109375,0.0,19.06632133152174,0.830078125,0.0,0.34786854619565216,0.00830078125,0.46207199385125614,0.4141051647568471,0.0018054783983590444,0.3320737092391305,0.01787316781334131,18.66658471412564,99.04333488959388,13,0.3320737092391305,37,0.34786854619565216,44,0.12109375,0,0.0,23,0.19066321331521738,4,0.00830078125,0,0.0,10,EPSG:32647,UNLABELED_DEPLOYMENT,0.3320737092391305,0.34786854619565216,2,Agricultural Land / Cropland,0.04500876030938849,0.6910919696131302,0.5197471890747697,0.19066321331521738,92,0.6910919696131302,0.3117569633152174,0.19896399456521738,D:\499_4\FINAL_INFERENCE\A7_RGBN_REVISED7_FULL_AOI\tiles_geotiff\tile_r18_c10_prediction.tif,18,1,Built-up & Impervious,92,512,tile_r18_c10,0.12109375,93604,47104,0.6596255095108695,0.0,0.0,0.0,512
26.176120923913043,38.99031929347826,23.284646739130434,0.012737771739130434,11.289911684782608,0.24626358695652176,0.0,0.3899031929347826,0.0024626358695652175,0.4082461250752267,0.3620111288780976,0.005865133968633819,0.26176120923913043,0.019678646211700356,18.666580788820795,99.0578999592813,32,0.26176120923913043,47,0.3899031929347826,60,0.23284646739130432,1,0.00012737771739130434,62,0.11289911684782608,2,0.0024626358695652175,0,0.0,11,EPSG:32647,UNLABELED_DEPLOYMENT,0.26176120923913043,0.3899031929347826,2,Agricultural Land / Cropland,0.059794453228494505,0.6781499818966082,0.3423207660325092,0.11289911684782608,92,0.6781499818966082,0.3457455842391304,0.1153617527173913,D:\499_4\FINAL_INFERENCE\A7_RGBN_REVISED7_FULL_AOI\tiles_geotiff\tile_r18_c11_prediction.tif,18,1,Built-up & Impervious,92,512,tile_r18_c11,0.23284646739130432,93604,47104,0.735648777173913,0.00017616113327401344,0.00012737771739130434,6.409982479381223e-05,512
6.831691576086957,37.57218070652174,36.54466711956522,4.135529891304348,14.504076086956522,0.4118546195652174,0.0,0.3757218070652174,0.004118546195652174,0.10267262017118459,0.13949970757352834,0.003440023930601256,0.06831691576086957,0.011644801504209221,18.666575734018537,99.07246502482352,29,0.06831691576086957,47,0.3757218070652174,71,0.36544667119565216,11,0.04135529891304348,74,0.14504076086956522,42,0.004118546195652174,0,0.0,12,EPSG:32647,UNLABELED_DEPLOYMENT,0.06831691576086957,0.3757218070652174,2,Agricultural Land / Cropland,0.05732660997393274,0.6955093420608268,0.4961238127613976,0.14504076086956522,92,0.6955093420608268,0.5104874320652174,0.14915930706521738,D:\499_4\FINAL_INFERENCE\A7_RGBN_REVISED7_FULL_AOI\tiles_geotiff\tile_r18_c12_prediction.tif,18,3,Tree / Woody Cover,92,512,tile_r18_c12,0.36544667119565216,93604,47104,0.8862092391304348,0.08444544137763617,0.04135529891304348,0.0037071065339088073,512
9.116967570805167,3.732780011979122,35.05818430735005,16.257379994866092,34.887053991614614,0.9476341233849576,0.0,0.03732780011979122,0.009476341233849576,0.013612653727265353,0.2550753877215602,0.00185161262541446,0.09116967570805168,0.018505361064461955,18.666569549720435,99.08703008517777,66,0.09116967570805168,77,0.03732780011979122,68,0.3505818430735005,14,0.16257379994866092,49,0.34887053991614614,14,0.009476341233849576,0,0.0,13,EPSG:32647,UNLABELED_DEPLOYMENT,0.09116967570805168,0.3505818430735005,3,Tree / Woody Cover,0.07443052146578823,0.7273819496194279,0.676233682951955,0.34887053991614614,92,0.7273819496194279,0.6994523829896466,0.3583468811499957,D:\499_4\FINAL_INFERENCE\A7_RGBN_REVISED7_FULL_AOI\tiles_geotiff\tile_r18_c13_prediction.tif,18,5,Grassland / Herbaceous Cover,92,512,tile_r18_c13,0.3505818430735005,92892,46748,0.7367801831094378,0.4548505271430919,0.16257379994866092,0.007481806829436334,512
24.579326923076923,22.239869505494507,31.79730425824176,8.316878434065934,12.291809752747254,0.7748111263736264,0.0,0.22239869505494508,0.007748111263736264,0.21865640932084746,0.43347229880996413,0.00596234648578002,0.24579326923076925,0.021775526295892245,18.66656223592841,99.10159513930134,44,0.24579326923076925,49,0.22239869505494508,64,0.3179730425824176,13,0.08316878434065934,41,0.12291809752747254,14,0.007748111263736264,0,0.0,14,EPSG:32647,UNLABELED_DEPLOYMENT,0.24579326923076925,0.3179730425824176,3,Tree / Woody Cover,0.06628789924498547,0.7943459721446968,0.4049499949464295,0.12291809752747254,92,0.7943459721446968,0.44089114010989017,0.1306662087912088,D:\499_4\FINAL_INFERENCE\A7_RGBN_REVISED7_FULL_AOI\tiles_geotiff\tile_r18_c14_prediction.tif,18,1,Built-up & Impervious,92,512,tile_r18_c14,0.3179730425824176,92581,46592,0.6632898351648352,0.14667352059802752,0.08316878434065934,0.0021818731705209493,512
31.84023008241758,24.778932005494507,20.123626373626376,2.60989010989011,13.498025412087914,7.149296016483516,0.0,0.24778932005494508,0.07149296016483517,0.3155867585006104,0.42820845144322756,0.004460958512005703,0.3184023008241758,0.019993303161555828,18.666553792644724,99.11616018615146,89,0.3184023008241758,16,0.24778932005494508,46,0.20123626373626377,8,0.0260989010989011,53,0.13498025412087913,19,0.07149296016483517,0,0.0,15,EPSG:32647,UNLABELED_DEPLOYMENT,0.3184023008241758,0.3184023008241758,1,Built-up & Impervious,0.06488372344217495,0.8154625634702523,0.41628357703043073,0.13498025412087913,92,0.8154625634702523,0.3362165178571429,0.2064732142857143,D:\499_4\FINAL_INFERENCE\A7_RGBN_REVISED7_FULL_AOI\tiles_geotiff\tile_r18_c15_prediction.tif,18,2,Agricultural Land / Cropland,92,512,tile_r18_c15,0.20123626373626377,92581,46592,0.5840058379120879,0.035099526589481955,0.0260989010989011,0.0018794353053002235,512
11.648351648351648,0.02997002997002997,16.95304695304695,5.584415584415584,49.12087912087912,16.663336663336665,0.0,0.0002997002997002997,0.16663336663336664,0.00013964057920101876,0.30786093027851263,0.0,0.11648351648351647,0.033402290731116606,18.666548112602264,99.12500731022534,24,0.11648351648351647,2,0.0002997002997002997,9,0.1695304695304695,1,0.05584415584415584,12,0.4912087912087912,13,0.16663336663336664,0,0.0,16,EPSG:32647,UNLABELED_DEPLOYMENT,0.11648351648351647,0.4912087912087912,5,Grassland / Herbaceous Cover,0.08506988243604621,0.7002665733798963,0.3173698794248991,0.4912087912087912,92,0.7002665733798963,0.6607392607392607,0.6578421578421578,D:\499_4\FINAL_INFERENCE\A7_RGBN_REVISED7_FULL_AOI\tiles_geotiff\tile_r18_c16_prediction.tif,18,3,Tree / Woody Cover,92,110,tile_r18_c16,0.1695304695304695,19819,10010,0.661038961038961,0.1475937049963024,0.05584415584415584,0.004036530601947626,110
